<?xml version="1.0" encoding="UTF-8"?>
<gpx
  creator="LiveTrail"
  version="1.1"
  xmlns="http://www.topografix.com/GPX/1/1"
  xmlns:xsi="http://www.w3.org/2001/XMLSchema-instance"
  xsi:schemaLocation="http://www.topografix.com/GPX/1/1 https://www.topografix.com/GPX/1/1/gpx.xsd">
  <metadata>
    <name>LiveTrail Race</name>
    <bounds maxlat="57.31896" maxlon="24.80668" minlat="57.14081" minlon="25.27227"></bounds>
    <copyright author="LiveTrail®"></copyright>
    <link href="https://livetrail.run"></link>
  </metadata>
  <trk>
    <trkseg>
      <trkpt lat="57.16569" lon="24.85079">
        <ele>96.5</ele>
        <extensions>
          <distance>0</distance>
        </extensions>
      </trkpt>
      <trkpt lat="57.1658" lon="24.851">
        <ele>97</ele>
        <extensions>
          <distance>18</distance>
        </extensions>
      </trkpt>
      <trkpt lat="57.165885" lon="24.851300000000002">
        <ele>97</ele>
        <extensions>
          <distance>38</distance>
        </extensions>
      </trkpt>
      <trkpt lat="57.16597" lon="24.8516">
        <ele>97</ele>
        <extensions>
          <distance>59</distance>
        </extensions>
      </trkpt>
      <trkpt lat="57.166" lon="24.85187">
        <ele>98</ele>
        <extensions>
          <distance>75</distance>
        </extensions>
      </trkpt>
      <trkpt lat="57.16595" lon="24.85199">
        <ele>98</ele>
        <extensions>
          <distance>84</distance>
        </extensions>
      </trkpt>
      <trkpt lat="57.165710000000004" lon="24.852107500000002">
        <ele>98</ele>
        <extensions>
          <distance>112</distance>
        </extensions>
      </trkpt>
      <trkpt lat="57.16547" lon="24.852225">
        <ele>98</ele>
        <extensions>
          <distance>140</distance>
        </extensions>
      </trkpt>
      <trkpt lat="57.16523" lon="24.8523425">
        <ele>98</ele>
        <extensions>
          <distance>167</distance>
        </extensions>
      </trkpt>
      <trkpt lat="57.16499" lon="24.85246">
        <ele>98</ele>
        <extensions>
          <distance>195</distance>
        </extensions>
      </trkpt>
      <trkpt lat="57.164835" lon="24.852495">
        <ele>98</ele>
        <extensions>
          <distance>212</distance>
        </extensions>
      </trkpt>
      <trkpt lat="57.16468" lon="24.85253">
        <ele>98</ele>
        <extensions>
          <distance>230</distance>
        </extensions>
      </trkpt>
      <trkpt lat="57.16453" lon="24.85254">
        <ele>99</ele>
        <extensions>
          <distance>247</distance>
        </extensions>
      </trkpt>
      <trkpt lat="57.164325" lon="24.85244">
        <ele>99</ele>
        <extensions>
          <distance>270</distance>
        </extensions>
      </trkpt>
      <trkpt lat="57.16412" lon="24.85234">
        <ele>100</ele>
        <extensions>
          <distance>294</distance>
        </extensions>
      </trkpt>
      <trkpt lat="57.16388" lon="24.85212">
        <ele>102</ele>
        <extensions>
          <distance>324</distance>
        </extensions>
      </trkpt>
      <trkpt lat="57.16372" lon="24.85216">
        <ele>103</ele>
        <extensions>
          <distance>342</distance>
        </extensions>
      </trkpt>
      <trkpt lat="57.163565" lon="24.85229">
        <ele>103</ele>
        <extensions>
          <distance>361</distance>
        </extensions>
      </trkpt>
      <trkpt lat="57.16341" lon="24.85242">
        <ele>104</ele>
        <extensions>
          <distance>380</distance>
        </extensions>
      </trkpt>
      <trkpt lat="57.16321" lon="24.85273">
        <ele>106</ele>
        <extensions>
          <distance>409</distance>
        </extensions>
      </trkpt>
      <trkpt lat="57.163084999999995" lon="24.85295">
        <ele>106</ele>
        <extensions>
          <distance>428</distance>
        </extensions>
      </trkpt>
      <trkpt lat="57.16296" lon="24.85317">
        <ele>106</ele>
        <extensions>
          <distance>447</distance>
        </extensions>
      </trkpt>
      <trkpt lat="57.162835" lon="24.853389999999997">
        <ele>106</ele>
        <extensions>
          <distance>467</distance>
        </extensions>
      </trkpt>
      <trkpt lat="57.16271" lon="24.85361">
        <ele>105</ele>
        <extensions>
          <distance>486</distance>
        </extensions>
      </trkpt>
      <trkpt lat="57.1626" lon="24.853825">
        <ele>104</ele>
        <extensions>
          <distance>504</distance>
        </extensions>
      </trkpt>
      <trkpt lat="57.16249" lon="24.854039999999998">
        <ele>104</ele>
        <extensions>
          <distance>522</distance>
        </extensions>
      </trkpt>
      <trkpt lat="57.16238" lon="24.854255">
        <ele>104</ele>
        <extensions>
          <distance>540</distance>
        </extensions>
      </trkpt>
      <trkpt lat="57.16227" lon="24.85447">
        <ele>103</ele>
        <extensions>
          <distance>557</distance>
        </extensions>
      </trkpt>
      <trkpt lat="57.16222" lon="24.85453">
        <ele>103</ele>
        <extensions>
          <distance>564</distance>
        </extensions>
      </trkpt>
      <trkpt lat="57.16212" lon="24.85451">
        <ele>102</ele>
        <extensions>
          <distance>575</distance>
        </extensions>
      </trkpt>
      <trkpt lat="57.16192" lon="24.85438">
        <ele>102</ele>
        <extensions>
          <distance>599</distance>
        </extensions>
      </trkpt>
      <trkpt lat="57.16187" lon="24.8542">
        <ele>101</ele>
        <extensions>
          <distance>611</distance>
        </extensions>
      </trkpt>
      <trkpt lat="57.1618325" lon="24.85390875">
        <ele>101</ele>
        <extensions>
          <distance>629</distance>
        </extensions>
      </trkpt>
      <trkpt lat="57.161795" lon="24.8536175">
        <ele>101</ele>
        <extensions>
          <distance>647</distance>
        </extensions>
      </trkpt>
      <trkpt lat="57.1617575" lon="24.85332625">
        <ele>101</ele>
        <extensions>
          <distance>666</distance>
        </extensions>
      </trkpt>
      <trkpt lat="57.16172" lon="24.853035">
        <ele>101</ele>
        <extensions>
          <distance>684</distance>
        </extensions>
      </trkpt>
      <trkpt lat="57.1616825" lon="24.85274375">
        <ele>100</ele>
        <extensions>
          <distance>702</distance>
        </extensions>
      </trkpt>
      <trkpt lat="57.161645" lon="24.8524525">
        <ele>100</ele>
        <extensions>
          <distance>720</distance>
        </extensions>
      </trkpt>
      <trkpt lat="57.1616075" lon="24.85216125">
        <ele>100</ele>
        <extensions>
          <distance>738</distance>
        </extensions>
      </trkpt>
      <trkpt lat="57.16157" lon="24.85187">
        <ele>100</ele>
        <extensions>
          <distance>756</distance>
        </extensions>
      </trkpt>
      <trkpt lat="57.16159" lon="24.85138">
        <ele>100</ele>
        <extensions>
          <distance>786</distance>
        </extensions>
      </trkpt>
      <trkpt lat="57.16164" lon="24.85121">
        <ele>100</ele>
        <extensions>
          <distance>798</distance>
        </extensions>
      </trkpt>
      <trkpt lat="57.16180249999999" lon="24.8510425">
        <ele>100</ele>
        <extensions>
          <distance>818</distance>
        </extensions>
      </trkpt>
      <trkpt lat="57.161964999999995" lon="24.850875">
        <ele>100</ele>
        <extensions>
          <distance>839</distance>
        </extensions>
      </trkpt>
      <trkpt lat="57.1621275" lon="24.8507075">
        <ele>100</ele>
        <extensions>
          <distance>860</distance>
        </extensions>
      </trkpt>
      <trkpt lat="57.16229" lon="24.85054">
        <ele>100</ele>
        <extensions>
          <distance>880</distance>
        </extensions>
      </trkpt>
      <trkpt lat="57.162485000000004" lon="24.85041">
        <ele>100</ele>
        <extensions>
          <distance>904</distance>
        </extensions>
      </trkpt>
      <trkpt lat="57.16268" lon="24.85028">
        <ele>99</ele>
        <extensions>
          <distance>927</distance>
        </extensions>
      </trkpt>
      <trkpt lat="57.162940000000006" lon="24.850270000000002">
        <ele>97</ele>
        <extensions>
          <distance>956</distance>
        </extensions>
      </trkpt>
      <trkpt lat="57.1632" lon="24.85026">
        <ele>97</ele>
        <extensions>
          <distance>985</distance>
        </extensions>
      </trkpt>
      <trkpt lat="57.163405" lon="24.850205">
        <ele>97</ele>
        <extensions>
          <distance>1008</distance>
        </extensions>
      </trkpt>
      <trkpt lat="57.16361" lon="24.85015">
        <ele>96</ele>
        <extensions>
          <distance>1031</distance>
        </extensions>
      </trkpt>
      <trkpt lat="57.16378" lon="24.850035">
        <ele>95</ele>
        <extensions>
          <distance>1051</distance>
        </extensions>
      </trkpt>
      <trkpt lat="57.16395" lon="24.84992">
        <ele>95</ele>
        <extensions>
          <distance>1071</distance>
        </extensions>
      </trkpt>
      <trkpt lat="57.1640975" lon="24.849757500000003">
        <ele>95</ele>
        <extensions>
          <distance>1090</distance>
        </extensions>
      </trkpt>
      <trkpt lat="57.164245" lon="24.849595">
        <ele>94</ele>
        <extensions>
          <distance>1109</distance>
        </extensions>
      </trkpt>
      <trkpt lat="57.164392500000005" lon="24.8494325">
        <ele>93</ele>
        <extensions>
          <distance>1129</distance>
        </extensions>
      </trkpt>
      <trkpt lat="57.16454" lon="24.84927">
        <ele>93</ele>
        <extensions>
          <distance>1148</distance>
        </extensions>
      </trkpt>
      <trkpt lat="57.16467" lon="24.84914625">
        <ele>92</ele>
        <extensions>
          <distance>1164</distance>
        </extensions>
      </trkpt>
      <trkpt lat="57.1648" lon="24.8490225">
        <ele>91</ele>
        <extensions>
          <distance>1180</distance>
        </extensions>
      </trkpt>
      <trkpt lat="57.16493" lon="24.84889875">
        <ele>90</ele>
        <extensions>
          <distance>1197</distance>
        </extensions>
      </trkpt>
      <trkpt lat="57.16506" lon="24.848775">
        <ele>88</ele>
        <extensions>
          <distance>1213</distance>
        </extensions>
      </trkpt>
      <trkpt lat="57.165189999999996" lon="24.84865125">
        <ele>85</ele>
        <extensions>
          <distance>1230</distance>
        </extensions>
      </trkpt>
      <trkpt lat="57.165319999999994" lon="24.8485275">
        <ele>81</ele>
        <extensions>
          <distance>1247</distance>
        </extensions>
      </trkpt>
      <trkpt lat="57.16544999999999" lon="24.84840375">
        <ele>77</ele>
        <extensions>
          <distance>1263</distance>
        </extensions>
      </trkpt>
      <trkpt lat="57.16558" lon="24.84828">
        <ele>73</ele>
        <extensions>
          <distance>1280</distance>
        </extensions>
      </trkpt>
      <trkpt lat="57.165679999999995" lon="24.84811">
        <ele>71</ele>
        <extensions>
          <distance>1295</distance>
        </extensions>
      </trkpt>
      <trkpt lat="57.16578" lon="24.84794">
        <ele>69</ele>
        <extensions>
          <distance>1311</distance>
        </extensions>
      </trkpt>
      <trkpt lat="57.16588" lon="24.84777">
        <ele>68</ele>
        <extensions>
          <distance>1326</distance>
        </extensions>
      </trkpt>
      <trkpt lat="57.16598" lon="24.8476">
        <ele>67</ele>
        <extensions>
          <distance>1341</distance>
        </extensions>
      </trkpt>
      <trkpt lat="57.16612" lon="24.847189999999998">
        <ele>63</ele>
        <extensions>
          <distance>1371</distance>
        </extensions>
      </trkpt>
      <trkpt lat="57.16626" lon="24.84678">
        <ele>62</ele>
        <extensions>
          <distance>1400</distance>
        </extensions>
      </trkpt>
      <trkpt lat="57.16632" lon="24.846539999999997">
        <ele>61</ele>
        <extensions>
          <distance>1416</distance>
        </extensions>
      </trkpt>
      <trkpt lat="57.16638" lon="24.8463">
        <ele>59</ele>
        <extensions>
          <distance>1432</distance>
        </extensions>
      </trkpt>
      <trkpt lat="57.16642" lon="24.84597">
        <ele>55</ele>
        <extensions>
          <distance>1453</distance>
        </extensions>
      </trkpt>
      <trkpt lat="57.16643" lon="24.84549">
        <ele>49</ele>
        <extensions>
          <distance>1483</distance>
        </extensions>
      </trkpt>
      <trkpt lat="57.16639" lon="24.84512">
        <ele>44</ele>
        <extensions>
          <distance>1506</distance>
        </extensions>
      </trkpt>
      <trkpt lat="57.166309999999996" lon="24.84485">
        <ele>42</ele>
        <extensions>
          <distance>1525</distance>
        </extensions>
      </trkpt>
      <trkpt lat="57.16623" lon="24.84458">
        <ele>41</ele>
        <extensions>
          <distance>1543</distance>
        </extensions>
      </trkpt>
      <trkpt lat="57.166095" lon="24.844335">
        <ele>41</ele>
        <extensions>
          <distance>1564</distance>
        </extensions>
      </trkpt>
      <trkpt lat="57.16596" lon="24.84409">
        <ele>41</ele>
        <extensions>
          <distance>1586</distance>
        </extensions>
      </trkpt>
      <trkpt lat="57.16579" lon="24.843835">
        <ele>41</ele>
        <extensions>
          <distance>1610</distance>
        </extensions>
      </trkpt>
      <trkpt lat="57.16562" lon="24.84358">
        <ele>41</ele>
        <extensions>
          <distance>1634</distance>
        </extensions>
      </trkpt>
      <trkpt lat="57.16545" lon="24.84323">
        <ele>41</ele>
        <extensions>
          <distance>1663</distance>
        </extensions>
      </trkpt>
      <trkpt lat="57.165395000000004" lon="24.84297">
        <ele>41</ele>
        <extensions>
          <distance>1680</distance>
        </extensions>
      </trkpt>
      <trkpt lat="57.16534" lon="24.84271">
        <ele>40</ele>
        <extensions>
          <distance>1697</distance>
        </extensions>
      </trkpt>
      <trkpt lat="57.165355000000005" lon="24.842460000000003">
        <ele>36</ele>
        <extensions>
          <distance>1712</distance>
        </extensions>
      </trkpt>
      <trkpt lat="57.16537" lon="24.84221">
        <ele>33</ele>
        <extensions>
          <distance>1728</distance>
        </extensions>
      </trkpt>
      <trkpt lat="57.16533" lon="24.84204">
        <ele>32</ele>
        <extensions>
          <distance>1739</distance>
        </extensions>
      </trkpt>
      <trkpt lat="57.16534" lon="24.84187">
        <ele>30</ele>
        <extensions>
          <distance>1750</distance>
        </extensions>
      </trkpt>
      <trkpt lat="57.165445000000005" lon="24.841520000000003">
        <ele>23</ele>
        <extensions>
          <distance>1775</distance>
        </extensions>
      </trkpt>
      <trkpt lat="57.16555" lon="24.84117">
        <ele>18</ele>
        <extensions>
          <distance>1799</distance>
        </extensions>
      </trkpt>
      <trkpt lat="57.165613750000006" lon="24.84091625">
        <ele>18</ele>
        <extensions>
          <distance>1816</distance>
        </extensions>
      </trkpt>
      <trkpt lat="57.1656775" lon="24.8406625">
        <ele>18</ele>
        <extensions>
          <distance>1833</distance>
        </extensions>
      </trkpt>
      <trkpt lat="57.16574125" lon="24.84040875">
        <ele>18</ele>
        <extensions>
          <distance>1850</distance>
        </extensions>
      </trkpt>
      <trkpt lat="57.165805000000006" lon="24.840155000000003">
        <ele>19</ele>
        <extensions>
          <distance>1867</distance>
        </extensions>
      </trkpt>
      <trkpt lat="57.16586875" lon="24.839901250000004">
        <ele>21</ele>
        <extensions>
          <distance>1884</distance>
        </extensions>
      </trkpt>
      <trkpt lat="57.165932500000004" lon="24.8396475">
        <ele>22</ele>
        <extensions>
          <distance>1901</distance>
        </extensions>
      </trkpt>
      <trkpt lat="57.165996250000006" lon="24.83939375">
        <ele>22</ele>
        <extensions>
          <distance>1918</distance>
        </extensions>
      </trkpt>
      <trkpt lat="57.16606" lon="24.83914">
        <ele>22</ele>
        <extensions>
          <distance>1935</distance>
        </extensions>
      </trkpt>
      <trkpt lat="57.16615" lon="24.838929999999998">
        <ele>22</ele>
        <extensions>
          <distance>1951</distance>
        </extensions>
      </trkpt>
      <trkpt lat="57.16624" lon="24.83872">
        <ele>22</ele>
        <extensions>
          <distance>1967</distance>
        </extensions>
      </trkpt>
      <trkpt lat="57.166357500000004" lon="24.838594999999998">
        <ele>22</ele>
        <extensions>
          <distance>1982</distance>
        </extensions>
      </trkpt>
      <trkpt lat="57.166475000000005" lon="24.83847">
        <ele>23</ele>
        <extensions>
          <distance>1998</distance>
        </extensions>
      </trkpt>
      <trkpt lat="57.16659250000001" lon="24.838345">
        <ele>25</ele>
        <extensions>
          <distance>2013</distance>
        </extensions>
      </trkpt>
      <trkpt lat="57.16671" lon="24.83822">
        <ele>25</ele>
        <extensions>
          <distance>2028</distance>
        </extensions>
      </trkpt>
      <trkpt lat="57.166855" lon="24.83812">
        <ele>25</ele>
        <extensions>
          <distance>2045</distance>
        </extensions>
      </trkpt>
      <trkpt lat="57.167" lon="24.83802">
        <ele>25</ele>
        <extensions>
          <distance>2062</distance>
        </extensions>
      </trkpt>
      <trkpt lat="57.16723" lon="24.83793">
        <ele>25</ele>
        <extensions>
          <distance>2089</distance>
        </extensions>
      </trkpt>
      <trkpt lat="57.16745" lon="24.8379">
        <ele>24</ele>
        <extensions>
          <distance>2113</distance>
        </extensions>
      </trkpt>
      <trkpt lat="57.16767" lon="24.837870000000002">
        <ele>21</ele>
        <extensions>
          <distance>2138</distance>
        </extensions>
      </trkpt>
      <trkpt lat="57.16789" lon="24.83784">
        <ele>20</ele>
        <extensions>
          <distance>2162</distance>
        </extensions>
      </trkpt>
      <trkpt lat="57.16811" lon="24.83781">
        <ele>20</ele>
        <extensions>
          <distance>2187</distance>
        </extensions>
      </trkpt>
      <trkpt lat="57.1683625" lon="24.83775">
        <ele>20</ele>
        <extensions>
          <distance>2215</distance>
        </extensions>
      </trkpt>
      <trkpt lat="57.168615" lon="24.837690000000002">
        <ele>20</ele>
        <extensions>
          <distance>2244</distance>
        </extensions>
      </trkpt>
      <trkpt lat="57.168867500000005" lon="24.83763">
        <ele>20</ele>
        <extensions>
          <distance>2272</distance>
        </extensions>
      </trkpt>
      <trkpt lat="57.16912" lon="24.83757">
        <ele>19</ele>
        <extensions>
          <distance>2300</distance>
        </extensions>
      </trkpt>
      <trkpt lat="57.169259999999994" lon="24.8375575">
        <ele>19</ele>
        <extensions>
          <distance>2316</distance>
        </extensions>
      </trkpt>
      <trkpt lat="57.169399999999996" lon="24.837545">
        <ele>19</ele>
        <extensions>
          <distance>2332</distance>
        </extensions>
      </trkpt>
      <trkpt lat="57.16954" lon="24.837532500000002">
        <ele>19</ele>
        <extensions>
          <distance>2347</distance>
        </extensions>
      </trkpt>
      <trkpt lat="57.16968" lon="24.83752">
        <ele>20</ele>
        <extensions>
          <distance>2363</distance>
        </extensions>
      </trkpt>
      <trkpt lat="57.16991" lon="24.83753">
        <ele>20</ele>
        <extensions>
          <distance>2388</distance>
        </extensions>
      </trkpt>
      <trkpt lat="57.17014" lon="24.83754">
        <ele>20</ele>
        <extensions>
          <distance>2414</distance>
        </extensions>
      </trkpt>
      <trkpt lat="57.170335" lon="24.837585">
        <ele>21</ele>
        <extensions>
          <distance>2436</distance>
        </extensions>
      </trkpt>
      <trkpt lat="57.17053" lon="24.83763">
        <ele>22</ele>
        <extensions>
          <distance>2458</distance>
        </extensions>
      </trkpt>
      <trkpt lat="57.17072" lon="24.837705">
        <ele>23</ele>
        <extensions>
          <distance>2480</distance>
        </extensions>
      </trkpt>
      <trkpt lat="57.17091" lon="24.83778">
        <ele>23</ele>
        <extensions>
          <distance>2501</distance>
        </extensions>
      </trkpt>
      <trkpt lat="57.17112" lon="24.837677499999998">
        <ele>25</ele>
        <extensions>
          <distance>2525</distance>
        </extensions>
      </trkpt>
      <trkpt lat="57.17133" lon="24.837575">
        <ele>26</ele>
        <extensions>
          <distance>2550</distance>
        </extensions>
      </trkpt>
      <trkpt lat="57.17154" lon="24.8374725">
        <ele>26</ele>
        <extensions>
          <distance>2574</distance>
        </extensions>
      </trkpt>
      <trkpt lat="57.17175" lon="24.83737">
        <ele>26</ele>
        <extensions>
          <distance>2598</distance>
        </extensions>
      </trkpt>
      <trkpt lat="57.17192" lon="24.83731">
        <ele>26</ele>
        <extensions>
          <distance>2617</distance>
        </extensions>
      </trkpt>
      <trkpt lat="57.17192" lon="24.83734">
        <ele>26</ele>
        <extensions>
          <distance>2619</distance>
        </extensions>
      </trkpt>
      <trkpt lat="57.17206" lon="24.83732">
        <ele>27</ele>
        <extensions>
          <distance>2635</distance>
        </extensions>
      </trkpt>
      <trkpt lat="57.17217" lon="24.83723">
        <ele>29</ele>
        <extensions>
          <distance>2648</distance>
        </extensions>
      </trkpt>
      <trkpt lat="57.17227" lon="24.83721">
        <ele>30</ele>
        <extensions>
          <distance>2660</distance>
        </extensions>
      </trkpt>
      <trkpt lat="57.17239" lon="24.83727">
        <ele>33</ele>
        <extensions>
          <distance>2674</distance>
        </extensions>
      </trkpt>
      <trkpt lat="57.17253" lon="24.83745">
        <ele>35</ele>
        <extensions>
          <distance>2693</distance>
        </extensions>
      </trkpt>
      <trkpt lat="57.172645" lon="24.837695">
        <ele>37</ele>
        <extensions>
          <distance>2713</distance>
        </extensions>
      </trkpt>
      <trkpt lat="57.17276" lon="24.83794">
        <ele>38</ele>
        <extensions>
          <distance>2732</distance>
        </extensions>
      </trkpt>
      <trkpt lat="57.172875" lon="24.838185">
        <ele>38</ele>
        <extensions>
          <distance>2752</distance>
        </extensions>
      </trkpt>
      <trkpt lat="57.17299" lon="24.83843">
        <ele>38</ele>
        <extensions>
          <distance>2771</distance>
        </extensions>
      </trkpt>
      <trkpt lat="57.17314" lon="24.83863">
        <ele>38</ele>
        <extensions>
          <distance>2792</distance>
        </extensions>
      </trkpt>
      <trkpt lat="57.173289999999994" lon="24.838775">
        <ele>38</ele>
        <extensions>
          <distance>2811</distance>
        </extensions>
      </trkpt>
      <trkpt lat="57.17344" lon="24.83892">
        <ele>38</ele>
        <extensions>
          <distance>2830</distance>
        </extensions>
      </trkpt>
      <trkpt lat="57.173559999999995" lon="24.839205">
        <ele>35</ele>
        <extensions>
          <distance>2852</distance>
        </extensions>
      </trkpt>
      <trkpt lat="57.17368" lon="24.83949">
        <ele>32</ele>
        <extensions>
          <distance>2874</distance>
        </extensions>
      </trkpt>
      <trkpt lat="57.17368" lon="24.83962">
        <ele>30</ele>
        <extensions>
          <distance>2882</distance>
        </extensions>
      </trkpt>
      <trkpt lat="57.17364" lon="24.83979">
        <ele>29</ele>
        <extensions>
          <distance>2893</distance>
        </extensions>
      </trkpt>
      <trkpt lat="57.17366" lon="24.83986">
        <ele>29</ele>
        <extensions>
          <distance>2898</distance>
        </extensions>
      </trkpt>
      <trkpt lat="57.17381" lon="24.83998">
        <ele>29</ele>
        <extensions>
          <distance>2916</distance>
        </extensions>
      </trkpt>
      <trkpt lat="57.17393" lon="24.83993">
        <ele>29</ele>
        <extensions>
          <distance>2930</distance>
        </extensions>
      </trkpt>
      <trkpt lat="57.174" lon="24.83996">
        <ele>30</ele>
        <extensions>
          <distance>2938</distance>
        </extensions>
      </trkpt>
      <trkpt lat="57.174205" lon="24.8401">
        <ele>32</ele>
        <extensions>
          <distance>2962</distance>
        </extensions>
      </trkpt>
      <trkpt lat="57.17441" lon="24.84024">
        <ele>32</ele>
        <extensions>
          <distance>2986</distance>
        </extensions>
      </trkpt>
      <trkpt lat="57.17457" lon="24.84051">
        <ele>32</ele>
        <extensions>
          <distance>3011</distance>
        </extensions>
      </trkpt>
      <trkpt lat="57.17466" lon="24.8408">
        <ele>32</ele>
        <extensions>
          <distance>3031</distance>
        </extensions>
      </trkpt>
      <trkpt lat="57.17475" lon="24.84109">
        <ele>31</ele>
        <extensions>
          <distance>3051</distance>
        </extensions>
      </trkpt>
      <trkpt lat="57.174850000000006" lon="24.841305">
        <ele>31</ele>
        <extensions>
          <distance>3068</distance>
        </extensions>
      </trkpt>
      <trkpt lat="57.17495" lon="24.84152">
        <ele>31</ele>
        <extensions>
          <distance>3085</distance>
        </extensions>
      </trkpt>
      <trkpt lat="57.17506" lon="24.84169">
        <ele>31</ele>
        <extensions>
          <distance>3101</distance>
        </extensions>
      </trkpt>
      <trkpt lat="57.17525" lon="24.84189">
        <ele>31</ele>
        <extensions>
          <distance>3126</distance>
        </extensions>
      </trkpt>
      <trkpt lat="57.17546" lon="24.84205">
        <ele>33</ele>
        <extensions>
          <distance>3151</distance>
        </extensions>
      </trkpt>
      <trkpt lat="57.17562" lon="24.84212">
        <ele>35</ele>
        <extensions>
          <distance>3169</distance>
        </extensions>
      </trkpt>
      <trkpt lat="57.17578" lon="24.84219">
        <ele>35</ele>
        <extensions>
          <distance>3188</distance>
        </extensions>
      </trkpt>
      <trkpt lat="57.17595" lon="24.84232">
        <ele>35</ele>
        <extensions>
          <distance>3208</distance>
        </extensions>
      </trkpt>
      <trkpt lat="57.17612" lon="24.84245">
        <ele>35</ele>
        <extensions>
          <distance>3229</distance>
        </extensions>
      </trkpt>
      <trkpt lat="57.176140000000004" lon="24.842745">
        <ele>35</ele>
        <extensions>
          <distance>3247</distance>
        </extensions>
      </trkpt>
      <trkpt lat="57.17616" lon="24.84304">
        <ele>30</ele>
        <extensions>
          <distance>3265</distance>
        </extensions>
      </trkpt>
      <trkpt lat="57.1763" lon="24.843294999999998">
        <ele>30</ele>
        <extensions>
          <distance>3287</distance>
        </extensions>
      </trkpt>
      <trkpt lat="57.17644" lon="24.84355">
        <ele>30</ele>
        <extensions>
          <distance>3309</distance>
        </extensions>
      </trkpt>
      <trkpt lat="57.176505" lon="24.843890000000002">
        <ele>30</ele>
        <extensions>
          <distance>3330</distance>
        </extensions>
      </trkpt>
      <trkpt lat="57.17657" lon="24.84423">
        <ele>29</ele>
        <extensions>
          <distance>3352</distance>
        </extensions>
      </trkpt>
      <trkpt lat="57.176500000000004" lon="24.844485">
        <ele>28</ele>
        <extensions>
          <distance>3370</distance>
        </extensions>
      </trkpt>
      <trkpt lat="57.17643" lon="24.84474">
        <ele>27</ele>
        <extensions>
          <distance>3387</distance>
        </extensions>
      </trkpt>
      <trkpt lat="57.176375" lon="24.84516">
        <ele>27</ele>
        <extensions>
          <distance>3413</distance>
        </extensions>
      </trkpt>
      <trkpt lat="57.17632" lon="24.84558">
        <ele>25</ele>
        <extensions>
          <distance>3439</distance>
        </extensions>
      </trkpt>
      <trkpt lat="57.176235" lon="24.845950000000002">
        <ele>23</ele>
        <extensions>
          <distance>3464</distance>
        </extensions>
      </trkpt>
      <trkpt lat="57.17615" lon="24.84632">
        <ele>23</ele>
        <extensions>
          <distance>3488</distance>
        </extensions>
      </trkpt>
      <trkpt lat="57.17617" lon="24.84636">
        <ele>23</ele>
        <extensions>
          <distance>3491</distance>
        </extensions>
      </trkpt>
      <trkpt lat="57.17635" lon="24.84644">
        <ele>23</ele>
        <extensions>
          <distance>3512</distance>
        </extensions>
      </trkpt>
      <trkpt lat="57.176559999999995" lon="24.846675">
        <ele>23</ele>
        <extensions>
          <distance>3539</distance>
        </extensions>
      </trkpt>
      <trkpt lat="57.17677" lon="24.84691">
        <ele>24</ele>
        <extensions>
          <distance>3567</distance>
        </extensions>
      </trkpt>
      <trkpt lat="57.176897499999995" lon="24.8470175">
        <ele>24</ele>
        <extensions>
          <distance>3582</distance>
        </extensions>
      </trkpt>
      <trkpt lat="57.177025" lon="24.847125">
        <ele>25</ele>
        <extensions>
          <distance>3598</distance>
        </extensions>
      </trkpt>
      <trkpt lat="57.177152500000005" lon="24.847232499999997">
        <ele>25</ele>
        <extensions>
          <distance>3613</distance>
        </extensions>
      </trkpt>
      <trkpt lat="57.17728" lon="24.84734">
        <ele>25</ele>
        <extensions>
          <distance>3629</distance>
        </extensions>
      </trkpt>
      <trkpt lat="57.17738" lon="24.84748">
        <ele>25</ele>
        <extensions>
          <distance>3643</distance>
        </extensions>
      </trkpt>
      <trkpt lat="57.17752" lon="24.84782">
        <ele>25</ele>
        <extensions>
          <distance>3669</distance>
        </extensions>
      </trkpt>
      <trkpt lat="57.17768" lon="24.84797">
        <ele>25</ele>
        <extensions>
          <distance>3689</distance>
        </extensions>
      </trkpt>
      <trkpt lat="57.17784" lon="24.84812">
        <ele>25</ele>
        <extensions>
          <distance>3709</distance>
        </extensions>
      </trkpt>
      <trkpt lat="57.17795" lon="24.84828">
        <ele>25</ele>
        <extensions>
          <distance>3724</distance>
        </extensions>
      </trkpt>
      <trkpt lat="57.17806" lon="24.84858">
        <ele>25</ele>
        <extensions>
          <distance>3746</distance>
        </extensions>
      </trkpt>
      <trkpt lat="57.17817" lon="24.84888">
        <ele>25</ele>
        <extensions>
          <distance>3768</distance>
        </extensions>
      </trkpt>
      <trkpt lat="57.17821000000001" lon="24.8491875">
        <ele>23</ele>
        <extensions>
          <distance>3787</distance>
        </extensions>
      </trkpt>
      <trkpt lat="57.178250000000006" lon="24.849495">
        <ele>23</ele>
        <extensions>
          <distance>3806</distance>
        </extensions>
      </trkpt>
      <trkpt lat="57.178290000000004" lon="24.849802500000003">
        <ele>23</ele>
        <extensions>
          <distance>3826</distance>
        </extensions>
      </trkpt>
      <trkpt lat="57.17833" lon="24.85011">
        <ele>23</ele>
        <extensions>
          <distance>3845</distance>
        </extensions>
      </trkpt>
      <trkpt lat="57.17841" lon="24.85049">
        <ele>24</ele>
        <extensions>
          <distance>3869</distance>
        </extensions>
      </trkpt>
      <trkpt lat="57.17852" lon="24.850775">
        <ele>24</ele>
        <extensions>
          <distance>3890</distance>
        </extensions>
      </trkpt>
      <trkpt lat="57.17863" lon="24.85106">
        <ele>24</ele>
        <extensions>
          <distance>3912</distance>
        </extensions>
      </trkpt>
      <trkpt lat="57.17882" lon="24.85131">
        <ele>24</ele>
        <extensions>
          <distance>3938</distance>
        </extensions>
      </trkpt>
      <trkpt lat="57.17896" lon="24.85141">
        <ele>24</ele>
        <extensions>
          <distance>3954</distance>
        </extensions>
      </trkpt>
      <trkpt lat="57.17909" lon="24.85144">
        <ele>25</ele>
        <extensions>
          <distance>3969</distance>
        </extensions>
      </trkpt>
      <trkpt lat="57.1792675" lon="24.851412500000002">
        <ele>27</ele>
        <extensions>
          <distance>3989</distance>
        </extensions>
      </trkpt>
      <trkpt lat="57.179445" lon="24.851385">
        <ele>28</ele>
        <extensions>
          <distance>4009</distance>
        </extensions>
      </trkpt>
      <trkpt lat="57.1796225" lon="24.8513575">
        <ele>29</ele>
        <extensions>
          <distance>4029</distance>
        </extensions>
      </trkpt>
      <trkpt lat="57.1798" lon="24.85133">
        <ele>30</ele>
        <extensions>
          <distance>4048</distance>
        </extensions>
      </trkpt>
      <trkpt lat="57.179919999999996" lon="24.851190000000003">
        <ele>31</ele>
        <extensions>
          <distance>4064</distance>
        </extensions>
      </trkpt>
      <trkpt lat="57.18004" lon="24.85105">
        <ele>33</ele>
        <extensions>
          <distance>4080</distance>
        </extensions>
      </trkpt>
      <trkpt lat="57.1801" lon="24.85108">
        <ele>34</ele>
        <extensions>
          <distance>4087</distance>
        </extensions>
      </trkpt>
      <trkpt lat="57.18024" lon="24.85125">
        <ele>34</ele>
        <extensions>
          <distance>4106</distance>
        </extensions>
      </trkpt>
      <trkpt lat="57.180369999999996" lon="24.851354999999998">
        <ele>34</ele>
        <extensions>
          <distance>4122</distance>
        </extensions>
      </trkpt>
      <trkpt lat="57.1805" lon="24.85146">
        <ele>34</ele>
        <extensions>
          <distance>4138</distance>
        </extensions>
      </trkpt>
      <trkpt lat="57.18066" lon="24.85172">
        <ele>34</ele>
        <extensions>
          <distance>4161</distance>
        </extensions>
      </trkpt>
      <trkpt lat="57.180737500000006" lon="24.852015">
        <ele>32</ele>
        <extensions>
          <distance>4181</distance>
        </extensions>
      </trkpt>
      <trkpt lat="57.180815" lon="24.852310000000003">
        <ele>29</ele>
        <extensions>
          <distance>4201</distance>
        </extensions>
      </trkpt>
      <trkpt lat="57.1808925" lon="24.852605000000004">
        <ele>28</ele>
        <extensions>
          <distance>4221</distance>
        </extensions>
      </trkpt>
      <trkpt lat="57.18097" lon="24.8529">
        <ele>28</ele>
        <extensions>
          <distance>4241</distance>
        </extensions>
      </trkpt>
      <trkpt lat="57.18105" lon="24.85329">
        <ele>27</ele>
        <extensions>
          <distance>4266</distance>
        </extensions>
      </trkpt>
      <trkpt lat="57.18113" lon="24.85368">
        <ele>27</ele>
        <extensions>
          <distance>4291</distance>
        </extensions>
      </trkpt>
      <trkpt lat="57.18121" lon="24.853905">
        <ele>27</ele>
        <extensions>
          <distance>4308</distance>
        </extensions>
      </trkpt>
      <trkpt lat="57.18129" lon="24.85413">
        <ele>27</ele>
        <extensions>
          <distance>4324</distance>
        </extensions>
      </trkpt>
      <trkpt lat="57.18127" lon="24.8546">
        <ele>28</ele>
        <extensions>
          <distance>4352</distance>
        </extensions>
      </trkpt>
      <trkpt lat="57.18132" lon="24.85487">
        <ele>29</ele>
        <extensions>
          <distance>4370</distance>
        </extensions>
      </trkpt>
      <trkpt lat="57.1814" lon="24.85509">
        <ele>30</ele>
        <extensions>
          <distance>4386</distance>
        </extensions>
      </trkpt>
      <trkpt lat="57.181545" lon="24.855249999999998">
        <ele>31</ele>
        <extensions>
          <distance>4405</distance>
        </extensions>
      </trkpt>
      <trkpt lat="57.18169" lon="24.85541">
        <ele>31</ele>
        <extensions>
          <distance>4423</distance>
        </extensions>
      </trkpt>
      <trkpt lat="57.18177" lon="24.85559">
        <ele>31</ele>
        <extensions>
          <distance>4437</distance>
        </extensions>
      </trkpt>
      <trkpt lat="57.18183" lon="24.85585">
        <ele>31</ele>
        <extensions>
          <distance>4455</distance>
        </extensions>
      </trkpt>
      <trkpt lat="57.181865" lon="24.856315000000002">
        <ele>27</ele>
        <extensions>
          <distance>4483</distance>
        </extensions>
      </trkpt>
      <trkpt lat="57.1819" lon="24.85678">
        <ele>24</ele>
        <extensions>
          <distance>4512</distance>
        </extensions>
      </trkpt>
      <trkpt lat="57.181855" lon="24.85708">
        <ele>22</ele>
        <extensions>
          <distance>4530</distance>
        </extensions>
      </trkpt>
      <trkpt lat="57.18181" lon="24.85738">
        <ele>20</ele>
        <extensions>
          <distance>4549</distance>
        </extensions>
      </trkpt>
      <trkpt lat="57.18184" lon="24.8578275">
        <ele>20</ele>
        <extensions>
          <distance>4577</distance>
        </extensions>
      </trkpt>
      <trkpt lat="57.18187" lon="24.858275">
        <ele>20</ele>
        <extensions>
          <distance>4604</distance>
        </extensions>
      </trkpt>
      <trkpt lat="57.1819" lon="24.8587225">
        <ele>20</ele>
        <extensions>
          <distance>4631</distance>
        </extensions>
      </trkpt>
      <trkpt lat="57.18193" lon="24.85917">
        <ele>20</ele>
        <extensions>
          <distance>4658</distance>
        </extensions>
      </trkpt>
      <trkpt lat="57.181931250000005" lon="24.859465">
        <ele>20</ele>
        <extensions>
          <distance>4676</distance>
        </extensions>
      </trkpt>
      <trkpt lat="57.1819325" lon="24.859759999999998">
        <ele>19</ele>
        <extensions>
          <distance>4694</distance>
        </extensions>
      </trkpt>
      <trkpt lat="57.18193375" lon="24.860054999999996">
        <ele>19</ele>
        <extensions>
          <distance>4712</distance>
        </extensions>
      </trkpt>
      <trkpt lat="57.181934999999996" lon="24.860349999999997">
        <ele>19</ele>
        <extensions>
          <distance>4730</distance>
        </extensions>
      </trkpt>
      <trkpt lat="57.18193624999999" lon="24.860644999999998">
        <ele>19</ele>
        <extensions>
          <distance>4748</distance>
        </extensions>
      </trkpt>
      <trkpt lat="57.1819375" lon="24.86094">
        <ele>19</ele>
        <extensions>
          <distance>4766</distance>
        </extensions>
      </trkpt>
      <trkpt lat="57.18193875" lon="24.861235">
        <ele>18</ele>
        <extensions>
          <distance>4783</distance>
        </extensions>
      </trkpt>
      <trkpt lat="57.18194" lon="24.86153">
        <ele>18</ele>
        <extensions>
          <distance>4801</distance>
        </extensions>
      </trkpt>
      <trkpt lat="57.181995" lon="24.86181">
        <ele>17</ele>
        <extensions>
          <distance>4819</distance>
        </extensions>
      </trkpt>
      <trkpt lat="57.18205" lon="24.86209">
        <ele>17</ele>
        <extensions>
          <distance>4837</distance>
        </extensions>
      </trkpt>
      <trkpt lat="57.18214" lon="24.862295">
        <ele>17</ele>
        <extensions>
          <distance>4853</distance>
        </extensions>
      </trkpt>
      <trkpt lat="57.18223" lon="24.8625">
        <ele>17</ele>
        <extensions>
          <distance>4869</distance>
        </extensions>
      </trkpt>
      <trkpt lat="57.1823" lon="24.86257">
        <ele>18</ele>
        <extensions>
          <distance>4878</distance>
        </extensions>
      </trkpt>
      <trkpt lat="57.18243" lon="24.86254">
        <ele>19</ele>
        <extensions>
          <distance>4893</distance>
        </extensions>
      </trkpt>
      <trkpt lat="57.1825" lon="24.86245">
        <ele>20</ele>
        <extensions>
          <distance>4902</distance>
        </extensions>
      </trkpt>
      <trkpt lat="57.182625" lon="24.862180000000002">
        <ele>22</ele>
        <extensions>
          <distance>4924</distance>
        </extensions>
      </trkpt>
      <trkpt lat="57.18275" lon="24.86191">
        <ele>24</ele>
        <extensions>
          <distance>4945</distance>
        </extensions>
      </trkpt>
      <trkpt lat="57.18289" lon="24.86172">
        <ele>25</ele>
        <extensions>
          <distance>4965</distance>
        </extensions>
      </trkpt>
      <trkpt lat="57.18306" lon="24.8616">
        <ele>27</ele>
        <extensions>
          <distance>4985</distance>
        </extensions>
      </trkpt>
      <trkpt lat="57.18318" lon="24.86157">
        <ele>29</ele>
        <extensions>
          <distance>4999</distance>
        </extensions>
      </trkpt>
      <trkpt lat="57.18334" lon="24.8616">
        <ele>31</ele>
        <extensions>
          <distance>5017</distance>
        </extensions>
      </trkpt>
      <trkpt lat="57.18341" lon="24.86153">
        <ele>33</ele>
        <extensions>
          <distance>5026</distance>
        </extensions>
      </trkpt>
      <trkpt lat="57.18347" lon="24.86118">
        <ele>36</ele>
        <extensions>
          <distance>5048</distance>
        </extensions>
      </trkpt>
      <trkpt lat="57.18361" lon="24.86079">
        <ele>41</ele>
        <extensions>
          <distance>5077</distance>
        </extensions>
      </trkpt>
      <trkpt lat="57.18366" lon="24.86048">
        <ele>44</ele>
        <extensions>
          <distance>5097</distance>
        </extensions>
      </trkpt>
      <trkpt lat="57.18373" lon="24.86039">
        <ele>46</ele>
        <extensions>
          <distance>5106</distance>
        </extensions>
      </trkpt>
      <trkpt lat="57.183835" lon="24.859975">
        <ele>52</ele>
        <extensions>
          <distance>5135</distance>
        </extensions>
      </trkpt>
      <trkpt lat="57.18394" lon="24.85956">
        <ele>60</ele>
        <extensions>
          <distance>5164</distance>
        </extensions>
      </trkpt>
      <trkpt lat="57.18396" lon="24.85932">
        <ele>64</ele>
        <extensions>
          <distance>5179</distance>
        </extensions>
      </trkpt>
      <trkpt lat="57.18391" lon="24.85909">
        <ele>66</ele>
        <extensions>
          <distance>5194</distance>
        </extensions>
      </trkpt>
      <trkpt lat="57.18394" lon="24.85887">
        <ele>70</ele>
        <extensions>
          <distance>5208</distance>
        </extensions>
      </trkpt>
      <trkpt lat="57.18387" lon="24.85857">
        <ele>73</ele>
        <extensions>
          <distance>5228</distance>
        </extensions>
      </trkpt>
      <trkpt lat="57.183885000000004" lon="24.858240000000002">
        <ele>75</ele>
        <extensions>
          <distance>5248</distance>
        </extensions>
      </trkpt>
      <trkpt lat="57.1839" lon="24.85791">
        <ele>76</ele>
        <extensions>
          <distance>5268</distance>
        </extensions>
      </trkpt>
      <trkpt lat="57.18398" lon="24.85776">
        <ele>77</ele>
        <extensions>
          <distance>5281</distance>
        </extensions>
      </trkpt>
      <trkpt lat="57.184" lon="24.8575075">
        <ele>79</ele>
        <extensions>
          <distance>5297</distance>
        </extensions>
      </trkpt>
      <trkpt lat="57.184020000000004" lon="24.857255000000002">
        <ele>81</ele>
        <extensions>
          <distance>5312</distance>
        </extensions>
      </trkpt>
      <trkpt lat="57.18404" lon="24.8570025">
        <ele>83</ele>
        <extensions>
          <distance>5328</distance>
        </extensions>
      </trkpt>
      <trkpt lat="57.18406" lon="24.85675">
        <ele>85</ele>
        <extensions>
          <distance>5343</distance>
        </extensions>
      </trkpt>
      <trkpt lat="57.1839925" lon="24.856435">
        <ele>86</ele>
        <extensions>
          <distance>5364</distance>
        </extensions>
      </trkpt>
      <trkpt lat="57.183925" lon="24.85612">
        <ele>87</ele>
        <extensions>
          <distance>5384</distance>
        </extensions>
      </trkpt>
      <trkpt lat="57.1838575" lon="24.855805">
        <ele>87</ele>
        <extensions>
          <distance>5405</distance>
        </extensions>
      </trkpt>
      <trkpt lat="57.18379" lon="24.85549">
        <ele>87</ele>
        <extensions>
          <distance>5425</distance>
        </extensions>
      </trkpt>
      <trkpt lat="57.18377" lon="24.855175">
        <ele>87</ele>
        <extensions>
          <distance>5444</distance>
        </extensions>
      </trkpt>
      <trkpt lat="57.18375" lon="24.85486">
        <ele>87</ele>
        <extensions>
          <distance>5464</distance>
        </extensions>
      </trkpt>
      <trkpt lat="57.18376000000001" lon="24.854595">
        <ele>87</ele>
        <extensions>
          <distance>5480</distance>
        </extensions>
      </trkpt>
      <trkpt lat="57.18377" lon="24.85433">
        <ele>87</ele>
        <extensions>
          <distance>5496</distance>
        </extensions>
      </trkpt>
      <trkpt lat="57.18374" lon="24.85429">
        <ele>87</ele>
        <extensions>
          <distance>5500</distance>
        </extensions>
      </trkpt>
      <trkpt lat="57.1837875" lon="24.854039999999998">
        <ele>86</ele>
        <extensions>
          <distance>5516</distance>
        </extensions>
      </trkpt>
      <trkpt lat="57.183835" lon="24.85379">
        <ele>85</ele>
        <extensions>
          <distance>5532</distance>
        </extensions>
      </trkpt>
      <trkpt lat="57.183882499999996" lon="24.853540000000002">
        <ele>85</ele>
        <extensions>
          <distance>5548</distance>
        </extensions>
      </trkpt>
      <trkpt lat="57.18393" lon="24.85329">
        <ele>84</ele>
        <extensions>
          <distance>5564</distance>
        </extensions>
      </trkpt>
      <trkpt lat="57.18397" lon="24.85286">
        <ele>81</ele>
        <extensions>
          <distance>5591</distance>
        </extensions>
      </trkpt>
      <trkpt lat="57.18397" lon="24.85241">
        <ele>81</ele>
        <extensions>
          <distance>5618</distance>
        </extensions>
      </trkpt>
      <trkpt lat="57.18402" lon="24.85213">
        <ele>81</ele>
        <extensions>
          <distance>5636</distance>
        </extensions>
      </trkpt>
      <trkpt lat="57.18409" lon="24.85191">
        <ele>81</ele>
        <extensions>
          <distance>5651</distance>
        </extensions>
      </trkpt>
      <trkpt lat="57.18421" lon="24.851785">
        <ele>81</ele>
        <extensions>
          <distance>5666</distance>
        </extensions>
      </trkpt>
      <trkpt lat="57.18433" lon="24.85166">
        <ele>83</ele>
        <extensions>
          <distance>5682</distance>
        </extensions>
      </trkpt>
      <trkpt lat="57.18448" lon="24.8514">
        <ele>85</ele>
        <extensions>
          <distance>5705</distance>
        </extensions>
      </trkpt>
      <trkpt lat="57.184525" lon="24.851100000000002">
        <ele>86</ele>
        <extensions>
          <distance>5724</distance>
        </extensions>
      </trkpt>
      <trkpt lat="57.18457" lon="24.8508">
        <ele>87</ele>
        <extensions>
          <distance>5742</distance>
        </extensions>
      </trkpt>
      <trkpt lat="57.18464" lon="24.85073">
        <ele>88</ele>
        <extensions>
          <distance>5751</distance>
        </extensions>
      </trkpt>
      <trkpt lat="57.18482" lon="24.85065">
        <ele>88</ele>
        <extensions>
          <distance>5772</distance>
        </extensions>
      </trkpt>
      <trkpt lat="57.185" lon="24.85057">
        <ele>88</ele>
        <extensions>
          <distance>5793</distance>
        </extensions>
      </trkpt>
      <trkpt lat="57.185165" lon="24.85026">
        <ele>89</ele>
        <extensions>
          <distance>5819</distance>
        </extensions>
      </trkpt>
      <trkpt lat="57.18533" lon="24.84995">
        <ele>91</ele>
        <extensions>
          <distance>5845</distance>
        </extensions>
      </trkpt>
      <trkpt lat="57.18554" lon="24.8498">
        <ele>92</ele>
        <extensions>
          <distance>5870</distance>
        </extensions>
      </trkpt>
      <trkpt lat="57.18575" lon="24.84974">
        <ele>93</ele>
        <extensions>
          <distance>5894</distance>
        </extensions>
      </trkpt>
      <trkpt lat="57.18589" lon="24.84961">
        <ele>94</ele>
        <extensions>
          <distance>5912</distance>
        </extensions>
      </trkpt>
      <trkpt lat="57.18602" lon="24.849415">
        <ele>94</ele>
        <extensions>
          <distance>5930</distance>
        </extensions>
      </trkpt>
      <trkpt lat="57.18615" lon="24.84922">
        <ele>95</ele>
        <extensions>
          <distance>5949</distance>
        </extensions>
      </trkpt>
      <trkpt lat="57.18619" lon="24.84922">
        <ele>95</ele>
        <extensions>
          <distance>5953</distance>
        </extensions>
      </trkpt>
      <trkpt lat="57.18625" lon="24.84908">
        <ele>95</ele>
        <extensions>
          <distance>5964</distance>
        </extensions>
      </trkpt>
      <trkpt lat="57.18631" lon="24.84913">
        <ele>95</ele>
        <extensions>
          <distance>5971</distance>
        </extensions>
      </trkpt>
      <trkpt lat="57.186454999999995" lon="24.849384999999998">
        <ele>94</ele>
        <extensions>
          <distance>5994</distance>
        </extensions>
      </trkpt>
      <trkpt lat="57.1866" lon="24.84964">
        <ele>91</ele>
        <extensions>
          <distance>6016</distance>
        </extensions>
      </trkpt>
      <trkpt lat="57.18679" lon="24.849875">
        <ele>87</ele>
        <extensions>
          <distance>6042</distance>
        </extensions>
      </trkpt>
      <trkpt lat="57.18698" lon="24.85011">
        <ele>83</ele>
        <extensions>
          <distance>6068</distance>
        </extensions>
      </trkpt>
      <trkpt lat="57.187039999999996" lon="24.850365">
        <ele>82</ele>
        <extensions>
          <distance>6085</distance>
        </extensions>
      </trkpt>
      <trkpt lat="57.1871" lon="24.85062">
        <ele>81</ele>
        <extensions>
          <distance>6102</distance>
        </extensions>
      </trkpt>
      <trkpt lat="57.187255" lon="24.8506">
        <ele>81</ele>
        <extensions>
          <distance>6119</distance>
        </extensions>
      </trkpt>
      <trkpt lat="57.18741" lon="24.85058">
        <ele>81</ele>
        <extensions>
          <distance>6136</distance>
        </extensions>
      </trkpt>
      <trkpt lat="57.18756" lon="24.85052">
        <ele>81</ele>
        <extensions>
          <distance>6153</distance>
        </extensions>
      </trkpt>
      <trkpt lat="57.18777" lon="24.85029">
        <ele>81</ele>
        <extensions>
          <distance>6180</distance>
        </extensions>
      </trkpt>
      <trkpt lat="57.187885" lon="24.85013">
        <ele>81</ele>
        <extensions>
          <distance>6197</distance>
        </extensions>
      </trkpt>
      <trkpt lat="57.188" lon="24.84997">
        <ele>81</ele>
        <extensions>
          <distance>6213</distance>
        </extensions>
      </trkpt>
      <trkpt lat="57.18808" lon="24.84995">
        <ele>81</ele>
        <extensions>
          <distance>6222</distance>
        </extensions>
      </trkpt>
      <trkpt lat="57.188230000000004" lon="24.85012">
        <ele>81</ele>
        <extensions>
          <distance>6241</distance>
        </extensions>
      </trkpt>
      <trkpt lat="57.18838" lon="24.85029">
        <ele>80</ele>
        <extensions>
          <distance>6261</distance>
        </extensions>
      </trkpt>
      <trkpt lat="57.188495" lon="24.850520000000003">
        <ele>78</ele>
        <extensions>
          <distance>6280</distance>
        </extensions>
      </trkpt>
      <trkpt lat="57.18861" lon="24.85075">
        <ele>76</ele>
        <extensions>
          <distance>6299</distance>
        </extensions>
      </trkpt>
      <trkpt lat="57.18875" lon="24.85098">
        <ele>75</ele>
        <extensions>
          <distance>6320</distance>
        </extensions>
      </trkpt>
      <trkpt lat="57.18889" lon="24.85121">
        <ele>75</ele>
        <extensions>
          <distance>6341</distance>
        </extensions>
      </trkpt>
      <trkpt lat="57.18895" lon="24.85123">
        <ele>75</ele>
        <extensions>
          <distance>6347</distance>
        </extensions>
      </trkpt>
      <trkpt lat="57.189094999999995" lon="24.851205">
        <ele>75</ele>
        <extensions>
          <distance>6364</distance>
        </extensions>
      </trkpt>
      <trkpt lat="57.18924" lon="24.85118">
        <ele>74</ele>
        <extensions>
          <distance>6380</distance>
        </extensions>
      </trkpt>
      <trkpt lat="57.18933" lon="24.85107">
        <ele>74</ele>
        <extensions>
          <distance>6392</distance>
        </extensions>
      </trkpt>
      <trkpt lat="57.18936" lon="24.85087">
        <ele>75</ele>
        <extensions>
          <distance>6404</distance>
        </extensions>
      </trkpt>
      <trkpt lat="57.189345" lon="24.85062">
        <ele>75</ele>
        <extensions>
          <distance>6420</distance>
        </extensions>
      </trkpt>
      <trkpt lat="57.18933" lon="24.85037">
        <ele>75</ele>
        <extensions>
          <distance>6435</distance>
        </extensions>
      </trkpt>
      <trkpt lat="57.18928" lon="24.85001">
        <ele>75</ele>
        <extensions>
          <distance>6457</distance>
        </extensions>
      </trkpt>
      <trkpt lat="57.18923" lon="24.84965">
        <ele>76</ele>
        <extensions>
          <distance>6480</distance>
        </extensions>
      </trkpt>
      <trkpt lat="57.189167499999996" lon="24.849404999999997">
        <ele>77</ele>
        <extensions>
          <distance>6496</distance>
        </extensions>
      </trkpt>
      <trkpt lat="57.189105" lon="24.849159999999998">
        <ele>77</ele>
        <extensions>
          <distance>6513</distance>
        </extensions>
      </trkpt>
      <trkpt lat="57.1890425" lon="24.848914999999998">
        <ele>78</ele>
        <extensions>
          <distance>6529</distance>
        </extensions>
      </trkpt>
      <trkpt lat="57.18898" lon="24.84867">
        <ele>79</ele>
        <extensions>
          <distance>6545</distance>
        </extensions>
      </trkpt>
      <trkpt lat="57.18898" lon="24.84858">
        <ele>79</ele>
        <extensions>
          <distance>6551</distance>
        </extensions>
      </trkpt>
      <trkpt lat="57.189065" lon="24.848295">
        <ele>80</ele>
        <extensions>
          <distance>6570</distance>
        </extensions>
      </trkpt>
      <trkpt lat="57.18915" lon="24.84801">
        <ele>82</ele>
        <extensions>
          <distance>6590</distance>
        </extensions>
      </trkpt>
      <trkpt lat="57.18914" lon="24.84762">
        <ele>84</ele>
        <extensions>
          <distance>6614</distance>
        </extensions>
      </trkpt>
      <trkpt lat="57.18908" lon="24.84721">
        <ele>85</ele>
        <extensions>
          <distance>6640</distance>
        </extensions>
      </trkpt>
      <trkpt lat="57.18899" lon="24.84698">
        <ele>86</ele>
        <extensions>
          <distance>6657</distance>
        </extensions>
      </trkpt>
      <trkpt lat="57.18888" lon="24.84683">
        <ele>87</ele>
        <extensions>
          <distance>6672</distance>
        </extensions>
      </trkpt>
      <trkpt lat="57.18873" lon="24.846780000000003">
        <ele>87</ele>
        <extensions>
          <distance>6689</distance>
        </extensions>
      </trkpt>
      <trkpt lat="57.18858" lon="24.84673">
        <ele>87</ele>
        <extensions>
          <distance>6706</distance>
        </extensions>
      </trkpt>
      <trkpt lat="57.18845" lon="24.84676">
        <ele>87</ele>
        <extensions>
          <distance>6721</distance>
        </extensions>
      </trkpt>
      <trkpt lat="57.18843" lon="24.847015">
        <ele>87</ele>
        <extensions>
          <distance>6736</distance>
        </extensions>
      </trkpt>
      <trkpt lat="57.18841" lon="24.84727">
        <ele>87</ele>
        <extensions>
          <distance>6752</distance>
        </extensions>
      </trkpt>
      <trkpt lat="57.1883" lon="24.84768">
        <ele>87</ele>
        <extensions>
          <distance>6779</distance>
        </extensions>
      </trkpt>
      <trkpt lat="57.18818" lon="24.84788">
        <ele>87</ele>
        <extensions>
          <distance>6797</distance>
        </extensions>
      </trkpt>
      <trkpt lat="57.18806" lon="24.84808">
        <ele>87</ele>
        <extensions>
          <distance>6815</distance>
        </extensions>
      </trkpt>
      <trkpt lat="57.18794" lon="24.84815">
        <ele>86</ele>
        <extensions>
          <distance>6830</distance>
        </extensions>
      </trkpt>
      <trkpt lat="57.18784" lon="24.84816">
        <ele>85</ele>
        <extensions>
          <distance>6841</distance>
        </extensions>
      </trkpt>
      <trkpt lat="57.18776" lon="24.84811">
        <ele>85</ele>
        <extensions>
          <distance>6850</distance>
        </extensions>
      </trkpt>
      <trkpt lat="57.18766" lon="24.84786">
        <ele>85</ele>
        <extensions>
          <distance>6869</distance>
        </extensions>
      </trkpt>
      <trkpt lat="57.187605000000005" lon="24.847555">
        <ele>85</ele>
        <extensions>
          <distance>6888</distance>
        </extensions>
      </trkpt>
      <trkpt lat="57.18755" lon="24.84725">
        <ele>85</ele>
        <extensions>
          <distance>6908</distance>
        </extensions>
      </trkpt>
      <trkpt lat="57.187545" lon="24.846964999999997">
        <ele>85</ele>
        <extensions>
          <distance>6925</distance>
        </extensions>
      </trkpt>
      <trkpt lat="57.18754" lon="24.84668">
        <ele>86</ele>
        <extensions>
          <distance>6942</distance>
        </extensions>
      </trkpt>
      <trkpt lat="57.18739" lon="24.8467">
        <ele>86</ele>
        <extensions>
          <distance>6959</distance>
        </extensions>
      </trkpt>
      <trkpt lat="57.18719" lon="24.84677">
        <ele>87</ele>
        <extensions>
          <distance>6982</distance>
        </extensions>
      </trkpt>
      <trkpt lat="57.18699" lon="24.84684">
        <ele>87</ele>
        <extensions>
          <distance>7004</distance>
        </extensions>
      </trkpt>
      <trkpt lat="57.18694" lon="24.84682">
        <ele>87</ele>
        <extensions>
          <distance>7010</distance>
        </extensions>
      </trkpt>
      <trkpt lat="57.18692" lon="24.84666">
        <ele>87</ele>
        <extensions>
          <distance>7020</distance>
        </extensions>
      </trkpt>
      <trkpt lat="57.186800000000005" lon="24.846375000000002">
        <ele>86</ele>
        <extensions>
          <distance>7042</distance>
        </extensions>
      </trkpt>
      <trkpt lat="57.18668" lon="24.84609">
        <ele>86</ele>
        <extensions>
          <distance>7064</distance>
        </extensions>
      </trkpt>
      <trkpt lat="57.18659" lon="24.84608">
        <ele>86</ele>
        <extensions>
          <distance>7074</distance>
        </extensions>
      </trkpt>
      <trkpt lat="57.18648" lon="24.84599">
        <ele>86</ele>
        <extensions>
          <distance>7087</distance>
        </extensions>
      </trkpt>
      <trkpt lat="57.186275" lon="24.845779999999998">
        <ele>86</ele>
        <extensions>
          <distance>7113</distance>
        </extensions>
      </trkpt>
      <trkpt lat="57.18607" lon="24.84557">
        <ele>87</ele>
        <extensions>
          <distance>7139</distance>
        </extensions>
      </trkpt>
      <trkpt lat="57.18603" lon="24.84534">
        <ele>87</ele>
        <extensions>
          <distance>7154</distance>
        </extensions>
      </trkpt>
      <trkpt lat="57.185815000000005" lon="24.84515">
        <ele>88</ele>
        <extensions>
          <distance>7180</distance>
        </extensions>
      </trkpt>
      <trkpt lat="57.1856" lon="24.84496">
        <ele>89</ele>
        <extensions>
          <distance>7207</distance>
        </extensions>
      </trkpt>
      <trkpt lat="57.185545000000005" lon="24.844655">
        <ele>90</ele>
        <extensions>
          <distance>7226</distance>
        </extensions>
      </trkpt>
      <trkpt lat="57.18549" lon="24.84435">
        <ele>91</ele>
        <extensions>
          <distance>7246</distance>
        </extensions>
      </trkpt>
      <trkpt lat="57.185345" lon="24.84443">
        <ele>91</ele>
        <extensions>
          <distance>7263</distance>
        </extensions>
      </trkpt>
      <trkpt lat="57.1852" lon="24.84451">
        <ele>92</ele>
        <extensions>
          <distance>7280</distance>
        </extensions>
      </trkpt>
      <trkpt lat="57.18506" lon="24.844630000000002">
        <ele>93</ele>
        <extensions>
          <distance>7297</distance>
        </extensions>
      </trkpt>
      <trkpt lat="57.18492" lon="24.84475">
        <ele>94</ele>
        <extensions>
          <distance>7314</distance>
        </extensions>
      </trkpt>
      <trkpt lat="57.18485" lon="24.84492">
        <ele>94</ele>
        <extensions>
          <distance>7327</distance>
        </extensions>
      </trkpt>
      <trkpt lat="57.18476" lon="24.84498">
        <ele>96</ele>
        <extensions>
          <distance>7338</distance>
        </extensions>
      </trkpt>
      <trkpt lat="57.18464" lon="24.84498">
        <ele>96</ele>
        <extensions>
          <distance>7351</distance>
        </extensions>
      </trkpt>
      <trkpt lat="57.18449" lon="24.8449">
        <ele>97</ele>
        <extensions>
          <distance>7369</distance>
        </extensions>
      </trkpt>
      <trkpt lat="57.184304999999995" lon="24.844855">
        <ele>99</ele>
        <extensions>
          <distance>7389</distance>
        </extensions>
      </trkpt>
      <trkpt lat="57.18412" lon="24.84481">
        <ele>100</ele>
        <extensions>
          <distance>7410</distance>
        </extensions>
      </trkpt>
      <trkpt lat="57.18394" lon="24.84488">
        <ele>101</ele>
        <extensions>
          <distance>7431</distance>
        </extensions>
      </trkpt>
      <trkpt lat="57.18376" lon="24.84495">
        <ele>101</ele>
        <extensions>
          <distance>7451</distance>
        </extensions>
      </trkpt>
      <trkpt lat="57.18361" lon="24.845080000000003">
        <ele>101</ele>
        <extensions>
          <distance>7470</distance>
        </extensions>
      </trkpt>
      <trkpt lat="57.18346" lon="24.84521">
        <ele>102</ele>
        <extensions>
          <distance>7488</distance>
        </extensions>
      </trkpt>
      <trkpt lat="57.18331" lon="24.84524">
        <ele>102</ele>
        <extensions>
          <distance>7505</distance>
        </extensions>
      </trkpt>
      <trkpt lat="57.1832" lon="24.84515">
        <ele>102</ele>
        <extensions>
          <distance>7518</distance>
        </extensions>
      </trkpt>
      <trkpt lat="57.183054999999996" lon="24.844905">
        <ele>103</ele>
        <extensions>
          <distance>7540</distance>
        </extensions>
      </trkpt>
      <trkpt lat="57.18291" lon="24.84466">
        <ele>103</ele>
        <extensions>
          <distance>7562</distance>
        </extensions>
      </trkpt>
      <trkpt lat="57.18276" lon="24.84457">
        <ele>103</ele>
        <extensions>
          <distance>7580</distance>
        </extensions>
      </trkpt>
      <trkpt lat="57.18251" lon="24.84449">
        <ele>103</ele>
        <extensions>
          <distance>7608</distance>
        </extensions>
      </trkpt>
      <trkpt lat="57.18228" lon="24.8447">
        <ele>103</ele>
        <extensions>
          <distance>7637</distance>
        </extensions>
      </trkpt>
      <trkpt lat="57.18205" lon="24.84491">
        <ele>102</ele>
        <extensions>
          <distance>7665</distance>
        </extensions>
      </trkpt>
      <trkpt lat="57.18193" lon="24.84498">
        <ele>102</ele>
        <extensions>
          <distance>7679</distance>
        </extensions>
      </trkpt>
      <trkpt lat="57.18177" lon="24.84534">
        <ele>101</ele>
        <extensions>
          <distance>7707</distance>
        </extensions>
      </trkpt>
      <trkpt lat="57.18166" lon="24.84531">
        <ele>101</ele>
        <extensions>
          <distance>7720</distance>
        </extensions>
      </trkpt>
      <trkpt lat="57.18155" lon="24.84525">
        <ele>100</ele>
        <extensions>
          <distance>7733</distance>
        </extensions>
      </trkpt>
      <trkpt lat="57.18151" lon="24.84511">
        <ele>99</ele>
        <extensions>
          <distance>7742</distance>
        </extensions>
      </trkpt>
      <trkpt lat="57.181505" lon="24.844785">
        <ele>97</ele>
        <extensions>
          <distance>7762</distance>
        </extensions>
      </trkpt>
      <trkpt lat="57.1815" lon="24.84446">
        <ele>96</ele>
        <extensions>
          <distance>7782</distance>
        </extensions>
      </trkpt>
      <trkpt lat="57.18147" lon="24.84445">
        <ele>95</ele>
        <extensions>
          <distance>7785</distance>
        </extensions>
      </trkpt>
      <trkpt lat="57.1814" lon="24.84412">
        <ele>94</ele>
        <extensions>
          <distance>7807</distance>
        </extensions>
      </trkpt>
      <trkpt lat="57.18132" lon="24.84404">
        <ele>94</ele>
        <extensions>
          <distance>7817</distance>
        </extensions>
      </trkpt>
      <trkpt lat="57.18131" lon="24.84395">
        <ele>94</ele>
        <extensions>
          <distance>7822</distance>
        </extensions>
      </trkpt>
      <trkpt lat="57.1813" lon="24.8438">
        <ele>94</ele>
        <extensions>
          <distance>7831</distance>
        </extensions>
      </trkpt>
      <trkpt lat="57.1814" lon="24.84358">
        <ele>94</ele>
        <extensions>
          <distance>7849</distance>
        </extensions>
      </trkpt>
      <trkpt lat="57.18141" lon="24.84327">
        <ele>94</ele>
        <extensions>
          <distance>7868</distance>
        </extensions>
      </trkpt>
      <trkpt lat="57.18121" lon="24.84303">
        <ele>95</ele>
        <extensions>
          <distance>7894</distance>
        </extensions>
      </trkpt>
      <trkpt lat="57.181075" lon="24.842745">
        <ele>95</ele>
        <extensions>
          <distance>7917</distance>
        </extensions>
      </trkpt>
      <trkpt lat="57.18094" lon="24.84246">
        <ele>95</ele>
        <extensions>
          <distance>7940</distance>
        </extensions>
      </trkpt>
      <trkpt lat="57.180865" lon="24.842075">
        <ele>95</ele>
        <extensions>
          <distance>7965</distance>
        </extensions>
      </trkpt>
      <trkpt lat="57.18079" lon="24.84169">
        <ele>97</ele>
        <extensions>
          <distance>7989</distance>
        </extensions>
      </trkpt>
      <trkpt lat="57.18077" lon="24.84141">
        <ele>99</ele>
        <extensions>
          <distance>8007</distance>
        </extensions>
      </trkpt>
      <trkpt lat="57.18075" lon="24.84113">
        <ele>99</ele>
        <extensions>
          <distance>8024</distance>
        </extensions>
      </trkpt>
      <trkpt lat="57.18068" lon="24.84092">
        <ele>99</ele>
        <extensions>
          <distance>8039</distance>
        </extensions>
      </trkpt>
      <trkpt lat="57.18047" lon="24.84086">
        <ele>99</ele>
        <extensions>
          <distance>8062</distance>
        </extensions>
      </trkpt>
      <trkpt lat="57.180215000000004" lon="24.840935">
        <ele>99</ele>
        <extensions>
          <distance>8091</distance>
        </extensions>
      </trkpt>
      <trkpt lat="57.17996" lon="24.84101">
        <ele>99</ele>
        <extensions>
          <distance>8120</distance>
        </extensions>
      </trkpt>
      <trkpt lat="57.17986" lon="24.84101">
        <ele>99</ele>
        <extensions>
          <distance>8131</distance>
        </extensions>
      </trkpt>
      <trkpt lat="57.17971" lon="24.84113">
        <ele>99</ele>
        <extensions>
          <distance>8149</distance>
        </extensions>
      </trkpt>
      <trkpt lat="57.179535" lon="24.841195">
        <ele>99</ele>
        <extensions>
          <distance>8169</distance>
        </extensions>
      </trkpt>
      <trkpt lat="57.17936" lon="24.84126">
        <ele>100</ele>
        <extensions>
          <distance>8189</distance>
        </extensions>
      </trkpt>
      <trkpt lat="57.17927" lon="24.84133">
        <ele>100</ele>
        <extensions>
          <distance>8200</distance>
        </extensions>
      </trkpt>
      <trkpt lat="57.179165" lon="24.841515">
        <ele>101</ele>
        <extensions>
          <distance>8216</distance>
        </extensions>
      </trkpt>
      <trkpt lat="57.17906" lon="24.8417">
        <ele>102</ele>
        <extensions>
          <distance>8232</distance>
        </extensions>
      </trkpt>
      <trkpt lat="57.17881" lon="24.84172">
        <ele>103</ele>
        <extensions>
          <distance>8260</distance>
        </extensions>
      </trkpt>
      <trkpt lat="57.17858" lon="24.84164">
        <ele>103</ele>
        <extensions>
          <distance>8286</distance>
        </extensions>
      </trkpt>
      <trkpt lat="57.17846" lon="24.8418">
        <ele>103</ele>
        <extensions>
          <distance>8303</distance>
        </extensions>
      </trkpt>
      <trkpt lat="57.17835" lon="24.84187">
        <ele>103</ele>
        <extensions>
          <distance>8316</distance>
        </extensions>
      </trkpt>
      <trkpt lat="57.17828" lon="24.842">
        <ele>102</ele>
        <extensions>
          <distance>8327</distance>
        </extensions>
      </trkpt>
      <trkpt lat="57.17812" lon="24.84208">
        <ele>100</ele>
        <extensions>
          <distance>8345</distance>
        </extensions>
      </trkpt>
      <trkpt lat="57.17801" lon="24.84201">
        <ele>100</ele>
        <extensions>
          <distance>8358</distance>
        </extensions>
      </trkpt>
      <trkpt lat="57.177859999999995" lon="24.841785">
        <ele>99</ele>
        <extensions>
          <distance>8380</distance>
        </extensions>
      </trkpt>
      <trkpt lat="57.17771" lon="24.84156">
        <ele>99</ele>
        <extensions>
          <distance>8401</distance>
        </extensions>
      </trkpt>
      <trkpt lat="57.177555" lon="24.841545">
        <ele>99</ele>
        <extensions>
          <distance>8419</distance>
        </extensions>
      </trkpt>
      <trkpt lat="57.1774" lon="24.84153">
        <ele>99</ele>
        <extensions>
          <distance>8436</distance>
        </extensions>
      </trkpt>
      <trkpt lat="57.17732" lon="24.84148">
        <ele>98</ele>
        <extensions>
          <distance>8445</distance>
        </extensions>
      </trkpt>
      <trkpt lat="57.17712" lon="24.84118">
        <ele>98</ele>
        <extensions>
          <distance>8474</distance>
        </extensions>
      </trkpt>
      <trkpt lat="57.176965" lon="24.841035">
        <ele>98</ele>
        <extensions>
          <distance>8493</distance>
        </extensions>
      </trkpt>
      <trkpt lat="57.17681" lon="24.84089">
        <ele>98</ele>
        <extensions>
          <distance>8513</distance>
        </extensions>
      </trkpt>
      <trkpt lat="57.176695" lon="24.84066">
        <ele>98</ele>
        <extensions>
          <distance>8532</distance>
        </extensions>
      </trkpt>
      <trkpt lat="57.17658" lon="24.84043">
        <ele>98</ele>
        <extensions>
          <distance>8551</distance>
        </extensions>
      </trkpt>
      <trkpt lat="57.176465" lon="24.840200000000003">
        <ele>98</ele>
        <extensions>
          <distance>8569</distance>
        </extensions>
      </trkpt>
      <trkpt lat="57.17635" lon="24.83997">
        <ele>98</ele>
        <extensions>
          <distance>8588</distance>
        </extensions>
      </trkpt>
      <trkpt lat="57.17612" lon="24.83971">
        <ele>97</ele>
        <extensions>
          <distance>8618</distance>
        </extensions>
      </trkpt>
      <trkpt lat="57.175979999999996" lon="24.839615000000002">
        <ele>96</ele>
        <extensions>
          <distance>8635</distance>
        </extensions>
      </trkpt>
      <trkpt lat="57.17584" lon="24.83952">
        <ele>96</ele>
        <extensions>
          <distance>8652</distance>
        </extensions>
      </trkpt>
      <trkpt lat="57.17576" lon="24.83951">
        <ele>95</ele>
        <extensions>
          <distance>8661</distance>
        </extensions>
      </trkpt>
      <trkpt lat="57.17554" lon="24.83938">
        <ele>93</ele>
        <extensions>
          <distance>8686</distance>
        </extensions>
      </trkpt>
      <trkpt lat="57.17536" lon="24.83919">
        <ele>92</ele>
        <extensions>
          <distance>8710</distance>
        </extensions>
      </trkpt>
      <trkpt lat="57.17518" lon="24.839">
        <ele>88</ele>
        <extensions>
          <distance>8733</distance>
        </extensions>
      </trkpt>
      <trkpt lat="57.175025" lon="24.838765">
        <ele>86</ele>
        <extensions>
          <distance>8755</distance>
        </extensions>
      </trkpt>
      <trkpt lat="57.17487" lon="24.83853">
        <ele>83</ele>
        <extensions>
          <distance>8778</distance>
        </extensions>
      </trkpt>
      <trkpt lat="57.17474" lon="24.838369999999998">
        <ele>82</ele>
        <extensions>
          <distance>8795</distance>
        </extensions>
      </trkpt>
      <trkpt lat="57.17461" lon="24.83821">
        <ele>79</ele>
        <extensions>
          <distance>8813</distance>
        </extensions>
      </trkpt>
      <trkpt lat="57.17445" lon="24.83783">
        <ele>79</ele>
        <extensions>
          <distance>8842</distance>
        </extensions>
      </trkpt>
      <trkpt lat="57.17423" lon="24.83756">
        <ele>77</ele>
        <extensions>
          <distance>8872</distance>
        </extensions>
      </trkpt>
      <trkpt lat="57.17407" lon="24.83751">
        <ele>74</ele>
        <extensions>
          <distance>8890</distance>
        </extensions>
      </trkpt>
      <trkpt lat="57.17399" lon="24.83758">
        <ele>72</ele>
        <extensions>
          <distance>8900</distance>
        </extensions>
      </trkpt>
      <trkpt lat="57.17385" lon="24.83758">
        <ele>70</ele>
        <extensions>
          <distance>8916</distance>
        </extensions>
      </trkpt>
      <trkpt lat="57.1738" lon="24.83762">
        <ele>68</ele>
        <extensions>
          <distance>8922</distance>
        </extensions>
      </trkpt>
      <trkpt lat="57.1737" lon="24.83763">
        <ele>66</ele>
        <extensions>
          <distance>8934</distance>
        </extensions>
      </trkpt>
      <trkpt lat="57.17355" lon="24.8377">
        <ele>62</ele>
        <extensions>
          <distance>8951</distance>
        </extensions>
      </trkpt>
      <trkpt lat="57.17349" lon="24.83777">
        <ele>59</ele>
        <extensions>
          <distance>8960</distance>
        </extensions>
      </trkpt>
      <trkpt lat="57.17342" lon="24.83777">
        <ele>57</ele>
        <extensions>
          <distance>8968</distance>
        </extensions>
      </trkpt>
      <trkpt lat="57.17334" lon="24.8379">
        <ele>53</ele>
        <extensions>
          <distance>8980</distance>
        </extensions>
      </trkpt>
      <trkpt lat="57.17323" lon="24.83794">
        <ele>50</ele>
        <extensions>
          <distance>8993</distance>
        </extensions>
      </trkpt>
      <trkpt lat="57.17312" lon="24.83775">
        <ele>50</ele>
        <extensions>
          <distance>9010</distance>
        </extensions>
      </trkpt>
      <trkpt lat="57.17292" lon="24.83773">
        <ele>45</ele>
        <extensions>
          <distance>9033</distance>
        </extensions>
      </trkpt>
      <trkpt lat="57.172785" lon="24.837525">
        <ele>44</ele>
        <extensions>
          <distance>9052</distance>
        </extensions>
      </trkpt>
      <trkpt lat="57.17265" lon="24.83732">
        <ele>41</ele>
        <extensions>
          <distance>9072</distance>
        </extensions>
      </trkpt>
      <trkpt lat="57.1725" lon="24.83721">
        <ele>35</ele>
        <extensions>
          <distance>9091</distance>
        </extensions>
      </trkpt>
      <trkpt lat="57.17235" lon="24.83705">
        <ele>33</ele>
        <extensions>
          <distance>9110</distance>
        </extensions>
      </trkpt>
      <trkpt lat="57.172290000000004" lon="24.83672">
        <ele>33</ele>
        <extensions>
          <distance>9131</distance>
        </extensions>
      </trkpt>
      <trkpt lat="57.17223" lon="24.83639">
        <ele>33</ele>
        <extensions>
          <distance>9152</distance>
        </extensions>
      </trkpt>
      <trkpt lat="57.17213" lon="24.83625">
        <ele>33</ele>
        <extensions>
          <distance>9166</distance>
        </extensions>
      </trkpt>
      <trkpt lat="57.17205" lon="24.83625">
        <ele>33</ele>
        <extensions>
          <distance>9175</distance>
        </extensions>
      </trkpt>
      <trkpt lat="57.172" lon="24.83621">
        <ele>33</ele>
        <extensions>
          <distance>9181</distance>
        </extensions>
      </trkpt>
      <trkpt lat="57.17196" lon="24.8366">
        <ele>33</ele>
        <extensions>
          <distance>9205</distance>
        </extensions>
      </trkpt>
      <trkpt lat="57.17175" lon="24.83652">
        <ele>33</ele>
        <extensions>
          <distance>9229</distance>
        </extensions>
      </trkpt>
      <trkpt lat="57.17161" lon="24.83619">
        <ele>37</ele>
        <extensions>
          <distance>9254</distance>
        </extensions>
      </trkpt>
      <trkpt lat="57.17148" lon="24.83602">
        <ele>41</ele>
        <extensions>
          <distance>9273</distance>
        </extensions>
      </trkpt>
      <trkpt lat="57.171395000000004" lon="24.83578">
        <ele>46</ele>
        <extensions>
          <distance>9291</distance>
        </extensions>
      </trkpt>
      <trkpt lat="57.17131" lon="24.83554">
        <ele>53</ele>
        <extensions>
          <distance>9309</distance>
        </extensions>
      </trkpt>
      <trkpt lat="57.17112" lon="24.83547">
        <ele>57</ele>
        <extensions>
          <distance>9331</distance>
        </extensions>
      </trkpt>
      <trkpt lat="57.17099" lon="24.83537">
        <ele>59</ele>
        <extensions>
          <distance>9347</distance>
        </extensions>
      </trkpt>
      <trkpt lat="57.1708725" lon="24.8352425">
        <ele>61</ele>
        <extensions>
          <distance>9363</distance>
        </extensions>
      </trkpt>
      <trkpt lat="57.170755" lon="24.835115000000002">
        <ele>62</ele>
        <extensions>
          <distance>9378</distance>
        </extensions>
      </trkpt>
      <trkpt lat="57.1706375" lon="24.8349875">
        <ele>63</ele>
        <extensions>
          <distance>9393</distance>
        </extensions>
      </trkpt>
      <trkpt lat="57.17052" lon="24.83486">
        <ele>64</ele>
        <extensions>
          <distance>9408</distance>
        </extensions>
      </trkpt>
      <trkpt lat="57.170365000000004" lon="24.83456">
        <ele>68</ele>
        <extensions>
          <distance>9434</distance>
        </extensions>
      </trkpt>
      <trkpt lat="57.17021" lon="24.83426">
        <ele>70</ele>
        <extensions>
          <distance>9459</distance>
        </extensions>
      </trkpt>
      <trkpt lat="57.170109999999994" lon="24.834025">
        <ele>72</ele>
        <extensions>
          <distance>9477</distance>
        </extensions>
      </trkpt>
      <trkpt lat="57.17001" lon="24.83379">
        <ele>73</ele>
        <extensions>
          <distance>9495</distance>
        </extensions>
      </trkpt>
      <trkpt lat="57.1699625" lon="24.83354">
        <ele>76</ele>
        <extensions>
          <distance>9511</distance>
        </extensions>
      </trkpt>
      <trkpt lat="57.169915" lon="24.833289999999998">
        <ele>77</ele>
        <extensions>
          <distance>9527</distance>
        </extensions>
      </trkpt>
      <trkpt lat="57.1698675" lon="24.833039999999997">
        <ele>79</ele>
        <extensions>
          <distance>9543</distance>
        </extensions>
      </trkpt>
      <trkpt lat="57.16982" lon="24.83279">
        <ele>81</ele>
        <extensions>
          <distance>9560</distance>
        </extensions>
      </trkpt>
      <trkpt lat="57.16976" lon="24.83237">
        <ele>85</ele>
        <extensions>
          <distance>9586</distance>
        </extensions>
      </trkpt>
      <trkpt lat="57.16976" lon="24.83207">
        <ele>89</ele>
        <extensions>
          <distance>9605</distance>
        </extensions>
      </trkpt>
      <trkpt lat="57.169805" lon="24.831795">
        <ele>93</ele>
        <extensions>
          <distance>9623</distance>
        </extensions>
      </trkpt>
      <trkpt lat="57.16985" lon="24.83152">
        <ele>96</ele>
        <extensions>
          <distance>9640</distance>
        </extensions>
      </trkpt>
      <trkpt lat="57.169974999999994" lon="24.831235">
        <ele>98</ele>
        <extensions>
          <distance>9662</distance>
        </extensions>
      </trkpt>
      <trkpt lat="57.1701" lon="24.83095">
        <ele>98</ele>
        <extensions>
          <distance>9685</distance>
        </extensions>
      </trkpt>
      <trkpt lat="57.17013" lon="24.83075">
        <ele>98</ele>
        <extensions>
          <distance>9697</distance>
        </extensions>
      </trkpt>
      <trkpt lat="57.17005" lon="24.83075">
        <ele>98</ele>
        <extensions>
          <distance>9706</distance>
        </extensions>
      </trkpt>
      <trkpt lat="57.16984" lon="24.83061">
        <ele>97</ele>
        <extensions>
          <distance>9731</distance>
        </extensions>
      </trkpt>
      <trkpt lat="57.169745" lon="24.830424999999998">
        <ele>96</ele>
        <extensions>
          <distance>9746</distance>
        </extensions>
      </trkpt>
      <trkpt lat="57.16965" lon="24.83024">
        <ele>96</ele>
        <extensions>
          <distance>9762</distance>
        </extensions>
      </trkpt>
      <trkpt lat="57.16954" lon="24.8301">
        <ele>96</ele>
        <extensions>
          <distance>9777</distance>
        </extensions>
      </trkpt>
      <trkpt lat="57.16933" lon="24.82999">
        <ele>96</ele>
        <extensions>
          <distance>9801</distance>
        </extensions>
      </trkpt>
      <trkpt lat="57.169105" lon="24.82992">
        <ele>96</ele>
        <extensions>
          <distance>9826</distance>
        </extensions>
      </trkpt>
      <trkpt lat="57.16888" lon="24.82985">
        <ele>97</ele>
        <extensions>
          <distance>9852</distance>
        </extensions>
      </trkpt>
      <trkpt lat="57.168620000000004" lon="24.829900000000002">
        <ele>97</ele>
        <extensions>
          <distance>9881</distance>
        </extensions>
      </trkpt>
      <trkpt lat="57.16836" lon="24.82995">
        <ele>97</ele>
        <extensions>
          <distance>9910</distance>
        </extensions>
      </trkpt>
      <trkpt lat="57.168195" lon="24.82993">
        <ele>97</ele>
        <extensions>
          <distance>9928</distance>
        </extensions>
      </trkpt>
      <trkpt lat="57.16803" lon="24.82991">
        <ele>97</ele>
        <extensions>
          <distance>9947</distance>
        </extensions>
      </trkpt>
      <trkpt lat="57.16781" lon="24.82971">
        <ele>96</ele>
        <extensions>
          <distance>9974</distance>
        </extensions>
      </trkpt>
      <trkpt lat="57.16767" lon="24.82949">
        <ele>96</ele>
        <extensions>
          <distance>9995</distance>
        </extensions>
      </trkpt>
      <trkpt lat="57.16753" lon="24.82927">
        <ele>95</ele>
        <extensions>
          <distance>10015</distance>
        </extensions>
      </trkpt>
      <trkpt lat="57.167455000000004" lon="24.829520000000002">
        <ele>95</ele>
        <extensions>
          <distance>10032</distance>
        </extensions>
      </trkpt>
      <trkpt lat="57.16738" lon="24.82977">
        <ele>94</ele>
        <extensions>
          <distance>10050</distance>
        </extensions>
      </trkpt>
      <trkpt lat="57.1674" lon="24.82996">
        <ele>92</ele>
        <extensions>
          <distance>10062</distance>
        </extensions>
      </trkpt>
      <trkpt lat="57.16736" lon="24.83008">
        <ele>91</ele>
        <extensions>
          <distance>10070</distance>
        </extensions>
      </trkpt>
      <trkpt lat="57.16714" lon="24.83011">
        <ele>88</ele>
        <extensions>
          <distance>10095</distance>
        </extensions>
      </trkpt>
      <trkpt lat="57.16715" lon="24.83017">
        <ele>88</ele>
        <extensions>
          <distance>10099</distance>
        </extensions>
      </trkpt>
      <trkpt lat="57.16694" lon="24.83">
        <ele>87</ele>
        <extensions>
          <distance>10124</distance>
        </extensions>
      </trkpt>
      <trkpt lat="57.16686" lon="24.82999">
        <ele>87</ele>
        <extensions>
          <distance>10133</distance>
        </extensions>
      </trkpt>
      <trkpt lat="57.16669" lon="24.83005">
        <ele>83</ele>
        <extensions>
          <distance>10153</distance>
        </extensions>
      </trkpt>
      <trkpt lat="57.16655" lon="24.83024">
        <ele>78</ele>
        <extensions>
          <distance>10173</distance>
        </extensions>
      </trkpt>
      <trkpt lat="57.16645" lon="24.83025">
        <ele>78</ele>
        <extensions>
          <distance>10184</distance>
        </extensions>
      </trkpt>
      <trkpt lat="57.16629" lon="24.83009">
        <ele>77</ele>
        <extensions>
          <distance>10204</distance>
        </extensions>
      </trkpt>
      <trkpt lat="57.166135" lon="24.83006">
        <ele>76</ele>
        <extensions>
          <distance>10222</distance>
        </extensions>
      </trkpt>
      <trkpt lat="57.16598" lon="24.83003">
        <ele>76</ele>
        <extensions>
          <distance>10239</distance>
        </extensions>
      </trkpt>
      <trkpt lat="57.16579" lon="24.82995">
        <ele>76</ele>
        <extensions>
          <distance>10261</distance>
        </extensions>
      </trkpt>
      <trkpt lat="57.16558" lon="24.82982">
        <ele>76</ele>
        <extensions>
          <distance>10285</distance>
        </extensions>
      </trkpt>
      <trkpt lat="57.16542" lon="24.8298">
        <ele>76</ele>
        <extensions>
          <distance>10303</distance>
        </extensions>
      </trkpt>
      <trkpt lat="57.165234999999996" lon="24.829655">
        <ele>78</ele>
        <extensions>
          <distance>10326</distance>
        </extensions>
      </trkpt>
      <trkpt lat="57.16505" lon="24.82951">
        <ele>79</ele>
        <extensions>
          <distance>10348</distance>
        </extensions>
      </trkpt>
      <trkpt lat="57.16498" lon="24.8295">
        <ele>79</ele>
        <extensions>
          <distance>10356</distance>
        </extensions>
      </trkpt>
      <trkpt lat="57.16484" lon="24.82954">
        <ele>80</ele>
        <extensions>
          <distance>10372</distance>
        </extensions>
      </trkpt>
      <trkpt lat="57.16463" lon="24.82944">
        <ele>80</ele>
        <extensions>
          <distance>10396</distance>
        </extensions>
      </trkpt>
      <trkpt lat="57.16445" lon="24.82949">
        <ele>80</ele>
        <extensions>
          <distance>10416</distance>
        </extensions>
      </trkpt>
      <trkpt lat="57.16425" lon="24.82938">
        <ele>80</ele>
        <extensions>
          <distance>10439</distance>
        </extensions>
      </trkpt>
      <trkpt lat="57.16401" lon="24.82934">
        <ele>81</ele>
        <extensions>
          <distance>10466</distance>
        </extensions>
      </trkpt>
      <trkpt lat="57.16385" lon="24.82922">
        <ele>82</ele>
        <extensions>
          <distance>10485</distance>
        </extensions>
      </trkpt>
      <trkpt lat="57.16375" lon="24.82904">
        <ele>87</ele>
        <extensions>
          <distance>10502</distance>
        </extensions>
      </trkpt>
      <trkpt lat="57.16362" lon="24.828965">
        <ele>87</ele>
        <extensions>
          <distance>10517</distance>
        </extensions>
      </trkpt>
      <trkpt lat="57.16349" lon="24.82889">
        <ele>87</ele>
        <extensions>
          <distance>10532</distance>
        </extensions>
      </trkpt>
      <trkpt lat="57.16344" lon="24.82888">
        <ele>87</ele>
        <extensions>
          <distance>10538</distance>
        </extensions>
      </trkpt>
      <trkpt lat="57.16331" lon="24.82899">
        <ele>85</ele>
        <extensions>
          <distance>10554</distance>
        </extensions>
      </trkpt>
      <trkpt lat="57.16326" lon="24.82897">
        <ele>85</ele>
        <extensions>
          <distance>10559</distance>
        </extensions>
      </trkpt>
      <trkpt lat="57.16316" lon="24.82884">
        <ele>85</ele>
        <extensions>
          <distance>10573</distance>
        </extensions>
      </trkpt>
      <trkpt lat="57.16304" lon="24.82884">
        <ele>85</ele>
        <extensions>
          <distance>10586</distance>
        </extensions>
      </trkpt>
      <trkpt lat="57.16281" lon="24.82862">
        <ele>85</ele>
        <extensions>
          <distance>10615</distance>
        </extensions>
      </trkpt>
      <trkpt lat="57.16275" lon="24.82851">
        <ele>85</ele>
        <extensions>
          <distance>10625</distance>
        </extensions>
      </trkpt>
      <trkpt lat="57.16264" lon="24.8285">
        <ele>85</ele>
        <extensions>
          <distance>10637</distance>
        </extensions>
      </trkpt>
      <trkpt lat="57.16255" lon="24.82836">
        <ele>85</ele>
        <extensions>
          <distance>10650</distance>
        </extensions>
      </trkpt>
      <trkpt lat="57.1623" lon="24.82829">
        <ele>83</ele>
        <extensions>
          <distance>10678</distance>
        </extensions>
      </trkpt>
      <trkpt lat="57.16215" lon="24.82802">
        <ele>83</ele>
        <extensions>
          <distance>10702</distance>
        </extensions>
      </trkpt>
      <trkpt lat="57.16198" lon="24.82817">
        <ele>77</ele>
        <extensions>
          <distance>10723</distance>
        </extensions>
      </trkpt>
      <trkpt lat="57.16189" lon="24.82814">
        <ele>75</ele>
        <extensions>
          <distance>10733</distance>
        </extensions>
      </trkpt>
      <trkpt lat="57.16186" lon="24.82818">
        <ele>74</ele>
        <extensions>
          <distance>10738</distance>
        </extensions>
      </trkpt>
      <trkpt lat="57.161805" lon="24.8284125">
        <ele>71</ele>
        <extensions>
          <distance>10753</distance>
        </extensions>
      </trkpt>
      <trkpt lat="57.16175" lon="24.828645">
        <ele>66</ele>
        <extensions>
          <distance>10769</distance>
        </extensions>
      </trkpt>
      <trkpt lat="57.161694999999995" lon="24.8288775">
        <ele>61</ele>
        <extensions>
          <distance>10786</distance>
        </extensions>
      </trkpt>
      <trkpt lat="57.16164" lon="24.82911">
        <ele>57</ele>
        <extensions>
          <distance>10801</distance>
        </extensions>
      </trkpt>
      <trkpt lat="57.161535" lon="24.829345">
        <ele>52</ele>
        <extensions>
          <distance>10821</distance>
        </extensions>
      </trkpt>
      <trkpt lat="57.16143" lon="24.82958">
        <ele>48</ele>
        <extensions>
          <distance>10839</distance>
        </extensions>
      </trkpt>
      <trkpt lat="57.16128500000001" lon="24.829755">
        <ele>43</ele>
        <extensions>
          <distance>10859</distance>
        </extensions>
      </trkpt>
      <trkpt lat="57.16114" lon="24.82993">
        <ele>39</ele>
        <extensions>
          <distance>10879</distance>
        </extensions>
      </trkpt>
      <trkpt lat="57.16096" lon="24.83001">
        <ele>38</ele>
        <extensions>
          <distance>10900</distance>
        </extensions>
      </trkpt>
      <trkpt lat="57.160830000000004" lon="24.830155">
        <ele>36</ele>
        <extensions>
          <distance>10917</distance>
        </extensions>
      </trkpt>
      <trkpt lat="57.1607" lon="24.8303">
        <ele>35</ele>
        <extensions>
          <distance>10934</distance>
        </extensions>
      </trkpt>
      <trkpt lat="57.16061" lon="24.83059">
        <ele>29</ele>
        <extensions>
          <distance>10955</distance>
        </extensions>
      </trkpt>
      <trkpt lat="57.16052" lon="24.83088">
        <ele>23</ele>
        <extensions>
          <distance>10976</distance>
        </extensions>
      </trkpt>
      <trkpt lat="57.16045" lon="24.83131">
        <ele>18</ele>
        <extensions>
          <distance>11003</distance>
        </extensions>
      </trkpt>
      <trkpt lat="57.16039" lon="24.83174">
        <ele>18</ele>
        <extensions>
          <distance>11030</distance>
        </extensions>
      </trkpt>
      <trkpt lat="57.16033" lon="24.83217">
        <ele>18</ele>
        <extensions>
          <distance>11057</distance>
        </extensions>
      </trkpt>
      <trkpt lat="57.16032" lon="24.832590000000003">
        <ele>18</ele>
        <extensions>
          <distance>11083</distance>
        </extensions>
      </trkpt>
      <trkpt lat="57.16031" lon="24.83301">
        <ele>19</ele>
        <extensions>
          <distance>11108</distance>
        </extensions>
      </trkpt>
      <trkpt lat="57.16026" lon="24.83303">
        <ele>19</ele>
        <extensions>
          <distance>11114</distance>
        </extensions>
      </trkpt>
      <trkpt lat="57.160107499999995" lon="24.8329575">
        <ele>19</ele>
        <extensions>
          <distance>11131</distance>
        </extensions>
      </trkpt>
      <trkpt lat="57.159955" lon="24.832885">
        <ele>19</ele>
        <extensions>
          <distance>11149</distance>
        </extensions>
      </trkpt>
      <trkpt lat="57.1598025" lon="24.832812500000003">
        <ele>19</ele>
        <extensions>
          <distance>11166</distance>
        </extensions>
      </trkpt>
      <trkpt lat="57.15965" lon="24.83274">
        <ele>19</ele>
        <extensions>
          <distance>11184</distance>
        </extensions>
      </trkpt>
      <trkpt lat="57.159465" lon="24.83256">
        <ele>19</ele>
        <extensions>
          <distance>11207</distance>
        </extensions>
      </trkpt>
      <trkpt lat="57.15928" lon="24.83238">
        <ele>19</ele>
        <extensions>
          <distance>11231</distance>
        </extensions>
      </trkpt>
      <trkpt lat="57.15912" lon="24.832265">
        <ele>19</ele>
        <extensions>
          <distance>11250</distance>
        </extensions>
      </trkpt>
      <trkpt lat="57.15896" lon="24.83215">
        <ele>18</ele>
        <extensions>
          <distance>11269</distance>
        </extensions>
      </trkpt>
      <trkpt lat="57.1588" lon="24.832034999999998">
        <ele>17</ele>
        <extensions>
          <distance>11288</distance>
        </extensions>
      </trkpt>
      <trkpt lat="57.15864" lon="24.83192">
        <ele>17</ele>
        <extensions>
          <distance>11307</distance>
        </extensions>
      </trkpt>
      <trkpt lat="57.15845" lon="24.83175">
        <ele>17</ele>
        <extensions>
          <distance>11331</distance>
        </extensions>
      </trkpt>
      <trkpt lat="57.15824" lon="24.8316275">
        <ele>17</ele>
        <extensions>
          <distance>11355</distance>
        </extensions>
      </trkpt>
      <trkpt lat="57.15803" lon="24.831505">
        <ele>17</ele>
        <extensions>
          <distance>11380</distance>
        </extensions>
      </trkpt>
      <trkpt lat="57.15782" lon="24.8313825">
        <ele>17</ele>
        <extensions>
          <distance>11404</distance>
        </extensions>
      </trkpt>
      <trkpt lat="57.15761" lon="24.83126">
        <ele>17</ele>
        <extensions>
          <distance>11429</distance>
        </extensions>
      </trkpt>
      <trkpt lat="57.157495" lon="24.831115">
        <ele>17</ele>
        <extensions>
          <distance>11444</distance>
        </extensions>
      </trkpt>
      <trkpt lat="57.15738" lon="24.83097">
        <ele>17</ele>
        <extensions>
          <distance>11460</distance>
        </extensions>
      </trkpt>
      <trkpt lat="57.15722" lon="24.830865000000003">
        <ele>18</ele>
        <extensions>
          <distance>11479</distance>
        </extensions>
      </trkpt>
      <trkpt lat="57.15706" lon="24.83076">
        <ele>18</ele>
        <extensions>
          <distance>11498</distance>
        </extensions>
      </trkpt>
      <trkpt lat="57.156935000000004" lon="24.8306">
        <ele>18</ele>
        <extensions>
          <distance>11515</distance>
        </extensions>
      </trkpt>
      <trkpt lat="57.15681" lon="24.83044">
        <ele>18</ele>
        <extensions>
          <distance>11532</distance>
        </extensions>
      </trkpt>
      <trkpt lat="57.15662" lon="24.83037">
        <ele>19</ele>
        <extensions>
          <distance>11553</distance>
        </extensions>
      </trkpt>
      <trkpt lat="57.15644" lon="24.83038">
        <ele>20</ele>
        <extensions>
          <distance>11573</distance>
        </extensions>
      </trkpt>
      <trkpt lat="57.156270000000006" lon="24.83032">
        <ele>21</ele>
        <extensions>
          <distance>11593</distance>
        </extensions>
      </trkpt>
      <trkpt lat="57.1561" lon="24.83026">
        <ele>21</ele>
        <extensions>
          <distance>11612</distance>
        </extensions>
      </trkpt>
      <trkpt lat="57.15593" lon="24.8301">
        <ele>21</ele>
        <extensions>
          <distance>11633</distance>
        </extensions>
      </trkpt>
      <trkpt lat="57.15576" lon="24.82994">
        <ele>21</ele>
        <extensions>
          <distance>11654</distance>
        </extensions>
      </trkpt>
      <trkpt lat="57.15555" lon="24.82965">
        <ele>21</ele>
        <extensions>
          <distance>11684</distance>
        </extensions>
      </trkpt>
      <trkpt lat="57.15539" lon="24.82925">
        <ele>21</ele>
        <extensions>
          <distance>11714</distance>
        </extensions>
      </trkpt>
      <trkpt lat="57.15519" lon="24.82901">
        <ele>22</ele>
        <extensions>
          <distance>11740</distance>
        </extensions>
      </trkpt>
      <trkpt lat="57.155105" lon="24.828699999999998">
        <ele>23</ele>
        <extensions>
          <distance>11761</distance>
        </extensions>
      </trkpt>
      <trkpt lat="57.15502" lon="24.82839">
        <ele>25</ele>
        <extensions>
          <distance>11782</distance>
        </extensions>
      </trkpt>
      <trkpt lat="57.15493" lon="24.82818">
        <ele>28</ele>
        <extensions>
          <distance>11799</distance>
        </extensions>
      </trkpt>
      <trkpt lat="57.15486" lon="24.8281">
        <ele>28</ele>
        <extensions>
          <distance>11808</distance>
        </extensions>
      </trkpt>
      <trkpt lat="57.15469" lon="24.82804">
        <ele>28</ele>
        <extensions>
          <distance>11827</distance>
        </extensions>
      </trkpt>
      <trkpt lat="57.15452" lon="24.82798">
        <ele>28</ele>
        <extensions>
          <distance>11847</distance>
        </extensions>
      </trkpt>
      <trkpt lat="57.15432" lon="24.82798">
        <ele>28</ele>
        <extensions>
          <distance>11869</distance>
        </extensions>
      </trkpt>
      <trkpt lat="57.15416" lon="24.82788">
        <ele>28</ele>
        <extensions>
          <distance>11888</distance>
        </extensions>
      </trkpt>
      <trkpt lat="57.15398" lon="24.82783">
        <ele>28</ele>
        <extensions>
          <distance>11908</distance>
        </extensions>
      </trkpt>
      <trkpt lat="57.153835" lon="24.82763">
        <ele>28</ele>
        <extensions>
          <distance>11928</distance>
        </extensions>
      </trkpt>
      <trkpt lat="57.15369" lon="24.82743">
        <ele>28</ele>
        <extensions>
          <distance>11948</distance>
        </extensions>
      </trkpt>
      <trkpt lat="57.153555" lon="24.8273">
        <ele>29</ele>
        <extensions>
          <distance>11965</distance>
        </extensions>
      </trkpt>
      <trkpt lat="57.15342" lon="24.82717">
        <ele>30</ele>
        <extensions>
          <distance>11982</distance>
        </extensions>
      </trkpt>
      <trkpt lat="57.15326" lon="24.82708">
        <ele>30</ele>
        <extensions>
          <distance>12001</distance>
        </extensions>
      </trkpt>
      <trkpt lat="57.15307" lon="24.82683">
        <ele>30</ele>
        <extensions>
          <distance>12027</distance>
        </extensions>
      </trkpt>
      <trkpt lat="57.15294" lon="24.82675">
        <ele>30</ele>
        <extensions>
          <distance>12042</distance>
        </extensions>
      </trkpt>
      <trkpt lat="57.152775000000005" lon="24.82671">
        <ele>29</ele>
        <extensions>
          <distance>12061</distance>
        </extensions>
      </trkpt>
      <trkpt lat="57.15261" lon="24.82667">
        <ele>29</ele>
        <extensions>
          <distance>12079</distance>
        </extensions>
      </trkpt>
      <trkpt lat="57.15243" lon="24.82648">
        <ele>28</ele>
        <extensions>
          <distance>12102</distance>
        </extensions>
      </trkpt>
      <trkpt lat="57.15232" lon="24.82645">
        <ele>28</ele>
        <extensions>
          <distance>12115</distance>
        </extensions>
      </trkpt>
      <trkpt lat="57.15216" lon="24.82633">
        <ele>28</ele>
        <extensions>
          <distance>12134</distance>
        </extensions>
      </trkpt>
      <trkpt lat="57.151955" lon="24.82611">
        <ele>27</ele>
        <extensions>
          <distance>12160</distance>
        </extensions>
      </trkpt>
      <trkpt lat="57.15175" lon="24.82589">
        <ele>27</ele>
        <extensions>
          <distance>12187</distance>
        </extensions>
      </trkpt>
      <trkpt lat="57.15159" lon="24.82576">
        <ele>27</ele>
        <extensions>
          <distance>12206</distance>
        </extensions>
      </trkpt>
      <trkpt lat="57.15141" lon="24.82547">
        <ele>28</ele>
        <extensions>
          <distance>12233</distance>
        </extensions>
      </trkpt>
      <trkpt lat="57.1513" lon="24.82522">
        <ele>29</ele>
        <extensions>
          <distance>12252</distance>
        </extensions>
      </trkpt>
      <trkpt lat="57.151245" lon="24.824985">
        <ele>32</ele>
        <extensions>
          <distance>12268</distance>
        </extensions>
      </trkpt>
      <trkpt lat="57.15119" lon="24.82475">
        <ele>34</ele>
        <extensions>
          <distance>12284</distance>
        </extensions>
      </trkpt>
      <trkpt lat="57.15112" lon="24.824345">
        <ele>35</ele>
        <extensions>
          <distance>12310</distance>
        </extensions>
      </trkpt>
      <trkpt lat="57.15105" lon="24.82394">
        <ele>36</ele>
        <extensions>
          <distance>12335</distance>
        </extensions>
      </trkpt>
      <trkpt lat="57.150945" lon="24.8237325">
        <ele>36</ele>
        <extensions>
          <distance>12353</distance>
        </extensions>
      </trkpt>
      <trkpt lat="57.15084" lon="24.823525">
        <ele>36</ele>
        <extensions>
          <distance>12370</distance>
        </extensions>
      </trkpt>
      <trkpt lat="57.150735" lon="24.8233175">
        <ele>36</ele>
        <extensions>
          <distance>12387</distance>
        </extensions>
      </trkpt>
      <trkpt lat="57.15063" lon="24.82311">
        <ele>36</ele>
        <extensions>
          <distance>12404</distance>
        </extensions>
      </trkpt>
      <trkpt lat="57.1506" lon="24.82268">
        <ele>36</ele>
        <extensions>
          <distance>12430</distance>
        </extensions>
      </trkpt>
      <trkpt lat="57.15057" lon="24.82225">
        <ele>36</ele>
        <extensions>
          <distance>12456</distance>
        </extensions>
      </trkpt>
      <trkpt lat="57.15058" lon="24.8218">
        <ele>36</ele>
        <extensions>
          <distance>12484</distance>
        </extensions>
      </trkpt>
      <trkpt lat="57.15051" lon="24.82147">
        <ele>35</ele>
        <extensions>
          <distance>12505</distance>
        </extensions>
      </trkpt>
      <trkpt lat="57.15035" lon="24.82114">
        <ele>30</ele>
        <extensions>
          <distance>12532</distance>
        </extensions>
      </trkpt>
      <trkpt lat="57.150295" lon="24.820725">
        <ele>28</ele>
        <extensions>
          <distance>12558</distance>
        </extensions>
      </trkpt>
      <trkpt lat="57.15024" lon="24.82031">
        <ele>28</ele>
        <extensions>
          <distance>12584</distance>
        </extensions>
      </trkpt>
      <trkpt lat="57.15024" lon="24.82006">
        <ele>28</ele>
        <extensions>
          <distance>12599</distance>
        </extensions>
      </trkpt>
      <trkpt lat="57.15036" lon="24.81974">
        <ele>28</ele>
        <extensions>
          <distance>12623</distance>
        </extensions>
      </trkpt>
      <trkpt lat="57.150385" lon="24.81935">
        <ele>29</ele>
        <extensions>
          <distance>12647</distance>
        </extensions>
      </trkpt>
      <trkpt lat="57.15041" lon="24.81896">
        <ele>30</ele>
        <extensions>
          <distance>12670</distance>
        </extensions>
      </trkpt>
      <trkpt lat="57.15056" lon="24.81866">
        <ele>31</ele>
        <extensions>
          <distance>12695</distance>
        </extensions>
      </trkpt>
      <trkpt lat="57.15055" lon="24.81855">
        <ele>31</ele>
        <extensions>
          <distance>12702</distance>
        </extensions>
      </trkpt>
      <trkpt lat="57.15042" lon="24.81829">
        <ele>32</ele>
        <extensions>
          <distance>12723</distance>
        </extensions>
      </trkpt>
      <trkpt lat="57.15039" lon="24.81807">
        <ele>33</ele>
        <extensions>
          <distance>12737</distance>
        </extensions>
      </trkpt>
      <trkpt lat="57.15039" lon="24.81767">
        <ele>33</ele>
        <extensions>
          <distance>12761</distance>
        </extensions>
      </trkpt>
      <trkpt lat="57.15047" lon="24.81736">
        <ele>33</ele>
        <extensions>
          <distance>12782</distance>
        </extensions>
      </trkpt>
      <trkpt lat="57.15046" lon="24.81711">
        <ele>34</ele>
        <extensions>
          <distance>12797</distance>
        </extensions>
      </trkpt>
      <trkpt lat="57.1505" lon="24.81687">
        <ele>34</ele>
        <extensions>
          <distance>12812</distance>
        </extensions>
      </trkpt>
      <trkpt lat="57.15054" lon="24.81663">
        <ele>35</ele>
        <extensions>
          <distance>12828</distance>
        </extensions>
      </trkpt>
      <trkpt lat="57.15051" lon="24.81635">
        <ele>36</ele>
        <extensions>
          <distance>12845</distance>
        </extensions>
      </trkpt>
      <trkpt lat="57.15041" lon="24.81597">
        <ele>36</ele>
        <extensions>
          <distance>12870</distance>
        </extensions>
      </trkpt>
      <trkpt lat="57.15044" lon="24.81567">
        <ele>36</ele>
        <extensions>
          <distance>12889</distance>
        </extensions>
      </trkpt>
      <trkpt lat="57.15038" lon="24.81538">
        <ele>36</ele>
        <extensions>
          <distance>12908</distance>
        </extensions>
      </trkpt>
      <trkpt lat="57.1503675" lon="24.815075">
        <ele>35</ele>
        <extensions>
          <distance>12926</distance>
        </extensions>
      </trkpt>
      <trkpt lat="57.150355" lon="24.814770000000003">
        <ele>35</ele>
        <extensions>
          <distance>12945</distance>
        </extensions>
      </trkpt>
      <trkpt lat="57.150342499999994" lon="24.814465000000002">
        <ele>35</ele>
        <extensions>
          <distance>12963</distance>
        </extensions>
      </trkpt>
      <trkpt lat="57.15033" lon="24.81416">
        <ele>35</ele>
        <extensions>
          <distance>12982</distance>
        </extensions>
      </trkpt>
      <trkpt lat="57.15036" lon="24.81403">
        <ele>35</ele>
        <extensions>
          <distance>12990</distance>
        </extensions>
      </trkpt>
      <trkpt lat="57.15048" lon="24.81385">
        <ele>35</ele>
        <extensions>
          <distance>13008</distance>
        </extensions>
      </trkpt>
      <trkpt lat="57.15055" lon="24.81383">
        <ele>37</ele>
        <extensions>
          <distance>13015</distance>
        </extensions>
      </trkpt>
      <trkpt lat="57.15058" lon="24.81387">
        <ele>38</ele>
        <extensions>
          <distance>13020</distance>
        </extensions>
      </trkpt>
      <trkpt lat="57.15062" lon="24.81378">
        <ele>40</ele>
        <extensions>
          <distance>13027</distance>
        </extensions>
      </trkpt>
      <trkpt lat="57.15067" lon="24.81348">
        <ele>42</ele>
        <extensions>
          <distance>13046</distance>
        </extensions>
      </trkpt>
      <trkpt lat="57.15065" lon="24.81334">
        <ele>42</ele>
        <extensions>
          <distance>13055</distance>
        </extensions>
      </trkpt>
      <trkpt lat="57.1507" lon="24.81314">
        <ele>42</ele>
        <extensions>
          <distance>13068</distance>
        </extensions>
      </trkpt>
      <trkpt lat="57.150665000000004" lon="24.812649999999998">
        <ele>42</ele>
        <extensions>
          <distance>13098</distance>
        </extensions>
      </trkpt>
      <trkpt lat="57.15063" lon="24.81216">
        <ele>42</ele>
        <extensions>
          <distance>13128</distance>
        </extensions>
      </trkpt>
      <trkpt lat="57.15056" lon="24.81188">
        <ele>40</ele>
        <extensions>
          <distance>13147</distance>
        </extensions>
      </trkpt>
      <trkpt lat="57.15049" lon="24.8116">
        <ele>39</ele>
        <extensions>
          <distance>13165</distance>
        </extensions>
      </trkpt>
      <trkpt lat="57.15049" lon="24.81139">
        <ele>39</ele>
        <extensions>
          <distance>13178</distance>
        </extensions>
      </trkpt>
      <trkpt lat="57.15041" lon="24.81104">
        <ele>36</ele>
        <extensions>
          <distance>13201</distance>
        </extensions>
      </trkpt>
      <trkpt lat="57.15041" lon="24.81088">
        <ele>35</ele>
        <extensions>
          <distance>13211</distance>
        </extensions>
      </trkpt>
      <trkpt lat="57.15051" lon="24.81062">
        <ele>35</ele>
        <extensions>
          <distance>13230</distance>
        </extensions>
      </trkpt>
      <trkpt lat="57.1505" lon="24.8102">
        <ele>33</ele>
        <extensions>
          <distance>13256</distance>
        </extensions>
      </trkpt>
      <trkpt lat="57.15045" lon="24.8101">
        <ele>32</ele>
        <extensions>
          <distance>13264</distance>
        </extensions>
      </trkpt>
      <trkpt lat="57.15032" lon="24.8101">
        <ele>29</ele>
        <extensions>
          <distance>13279</distance>
        </extensions>
      </trkpt>
      <trkpt lat="57.15028" lon="24.81005">
        <ele>29</ele>
        <extensions>
          <distance>13284</distance>
        </extensions>
      </trkpt>
      <trkpt lat="57.15021" lon="24.80971">
        <ele>28</ele>
        <extensions>
          <distance>13306</distance>
        </extensions>
      </trkpt>
      <trkpt lat="57.15011" lon="24.80956">
        <ele>28</ele>
        <extensions>
          <distance>13321</distance>
        </extensions>
      </trkpt>
      <trkpt lat="57.14999" lon="24.80923">
        <ele>27</ele>
        <extensions>
          <distance>13345</distance>
        </extensions>
      </trkpt>
      <trkpt lat="57.149935" lon="24.808799999999998">
        <ele>27</ele>
        <extensions>
          <distance>13371</distance>
        </extensions>
      </trkpt>
      <trkpt lat="57.14988" lon="24.80837">
        <ele>27</ele>
        <extensions>
          <distance>13398</distance>
        </extensions>
      </trkpt>
      <trkpt lat="57.14986" lon="24.80802">
        <ele>26</ele>
        <extensions>
          <distance>13419</distance>
        </extensions>
      </trkpt>
      <trkpt lat="57.14976" lon="24.80756">
        <ele>26</ele>
        <extensions>
          <distance>13449</distance>
        </extensions>
      </trkpt>
      <trkpt lat="57.14978" lon="24.80714">
        <ele>25</ele>
        <extensions>
          <distance>13475</distance>
        </extensions>
      </trkpt>
      <trkpt lat="57.14971" lon="24.80697">
        <ele>25</ele>
        <extensions>
          <distance>13488</distance>
        </extensions>
      </trkpt>
      <trkpt lat="57.14968" lon="24.80668">
        <ele>25</ele>
        <extensions>
          <distance>13506</distance>
        </extensions>
      </trkpt>
      <trkpt lat="57.14948" lon="24.806855">
        <ele>25</ele>
        <extensions>
          <distance>13530</distance>
        </extensions>
      </trkpt>
      <trkpt lat="57.14928" lon="24.807029999999997">
        <ele>25</ele>
        <extensions>
          <distance>13555</distance>
        </extensions>
      </trkpt>
      <trkpt lat="57.14908" lon="24.807204999999996">
        <ele>25</ele>
        <extensions>
          <distance>13580</distance>
        </extensions>
      </trkpt>
      <trkpt lat="57.14888" lon="24.80738">
        <ele>25</ele>
        <extensions>
          <distance>13604</distance>
        </extensions>
      </trkpt>
      <trkpt lat="57.14865" lon="24.80753">
        <ele>26</ele>
        <extensions>
          <distance>13632</distance>
        </extensions>
      </trkpt>
      <trkpt lat="57.14863" lon="24.80759">
        <ele>26</ele>
        <extensions>
          <distance>13636</distance>
        </extensions>
      </trkpt>
      <trkpt lat="57.14863" lon="24.80763">
        <ele>27</ele>
        <extensions>
          <distance>13638</distance>
        </extensions>
      </trkpt>
      <trkpt lat="57.14875" lon="24.80775">
        <ele>27</ele>
        <extensions>
          <distance>13653</distance>
        </extensions>
      </trkpt>
      <trkpt lat="57.14883" lon="24.80797">
        <ele>27</ele>
        <extensions>
          <distance>13669</distance>
        </extensions>
      </trkpt>
      <trkpt lat="57.148894999999996" lon="24.808275000000002">
        <ele>27</ele>
        <extensions>
          <distance>13689</distance>
        </extensions>
      </trkpt>
      <trkpt lat="57.14896" lon="24.80858">
        <ele>28</ele>
        <extensions>
          <distance>13709</distance>
        </extensions>
      </trkpt>
      <trkpt lat="57.149025" lon="24.8088075">
        <ele>28</ele>
        <extensions>
          <distance>13725</distance>
        </extensions>
      </trkpt>
      <trkpt lat="57.14909" lon="24.809035">
        <ele>28</ele>
        <extensions>
          <distance>13740</distance>
        </extensions>
      </trkpt>
      <trkpt lat="57.149155" lon="24.809262500000003">
        <ele>28</ele>
        <extensions>
          <distance>13756</distance>
        </extensions>
      </trkpt>
      <trkpt lat="57.14922" lon="24.80949">
        <ele>27</ele>
        <extensions>
          <distance>13771</distance>
        </extensions>
      </trkpt>
      <trkpt lat="57.1492875" lon="24.809885">
        <ele>26</ele>
        <extensions>
          <distance>13796</distance>
        </extensions>
      </trkpt>
      <trkpt lat="57.149355" lon="24.81028">
        <ele>26</ele>
        <extensions>
          <distance>13822</distance>
        </extensions>
      </trkpt>
      <trkpt lat="57.1494225" lon="24.810675">
        <ele>26</ele>
        <extensions>
          <distance>13847</distance>
        </extensions>
      </trkpt>
      <trkpt lat="57.14949" lon="24.81107">
        <ele>26</ele>
        <extensions>
          <distance>13872</distance>
        </extensions>
      </trkpt>
      <trkpt lat="57.14952" lon="24.81139">
        <ele>26</ele>
        <extensions>
          <distance>13891</distance>
        </extensions>
      </trkpt>
      <trkpt lat="57.149550000000005" lon="24.811709999999998">
        <ele>28</ele>
        <extensions>
          <distance>13911</distance>
        </extensions>
      </trkpt>
      <trkpt lat="57.14958" lon="24.81203">
        <ele>28</ele>
        <extensions>
          <distance>13931</distance>
        </extensions>
      </trkpt>
      <trkpt lat="57.14961" lon="24.81235">
        <ele>28</ele>
        <extensions>
          <distance>13950</distance>
        </extensions>
      </trkpt>
      <trkpt lat="57.14957" lon="24.81264">
        <ele>28</ele>
        <extensions>
          <distance>13968</distance>
        </extensions>
      </trkpt>
      <trkpt lat="57.14948" lon="24.8129">
        <ele>28</ele>
        <extensions>
          <distance>13987</distance>
        </extensions>
      </trkpt>
      <trkpt lat="57.14933" lon="24.81318">
        <ele>28</ele>
        <extensions>
          <distance>14011</distance>
        </extensions>
      </trkpt>
      <trkpt lat="57.14915" lon="24.813435">
        <ele>28</ele>
        <extensions>
          <distance>14036</distance>
        </extensions>
      </trkpt>
      <trkpt lat="57.14897" lon="24.81369">
        <ele>27</ele>
        <extensions>
          <distance>14061</distance>
        </extensions>
      </trkpt>
      <trkpt lat="57.14883" lon="24.81382">
        <ele>27</ele>
        <extensions>
          <distance>14079</distance>
        </extensions>
      </trkpt>
      <trkpt lat="57.148624999999996" lon="24.813850000000002">
        <ele>26</ele>
        <extensions>
          <distance>14102</distance>
        </extensions>
      </trkpt>
      <trkpt lat="57.14842" lon="24.81388">
        <ele>26</ele>
        <extensions>
          <distance>14125</distance>
        </extensions>
      </trkpt>
      <trkpt lat="57.14826" lon="24.81399">
        <ele>26</ele>
        <extensions>
          <distance>14144</distance>
        </extensions>
      </trkpt>
      <trkpt lat="57.1481" lon="24.814035">
        <ele>26</ele>
        <extensions>
          <distance>14162</distance>
        </extensions>
      </trkpt>
      <trkpt lat="57.14794" lon="24.81408">
        <ele>26</ele>
        <extensions>
          <distance>14180</distance>
        </extensions>
      </trkpt>
      <trkpt lat="57.14778" lon="24.81408">
        <ele>26</ele>
        <extensions>
          <distance>14198</distance>
        </extensions>
      </trkpt>
      <trkpt lat="57.147565" lon="24.814215">
        <ele>27</ele>
        <extensions>
          <distance>14223</distance>
        </extensions>
      </trkpt>
      <trkpt lat="57.14735" lon="24.81435">
        <ele>27</ele>
        <extensions>
          <distance>14248</distance>
        </extensions>
      </trkpt>
      <trkpt lat="57.14721" lon="24.814395">
        <ele>27</ele>
        <extensions>
          <distance>14264</distance>
        </extensions>
      </trkpt>
      <trkpt lat="57.14707" lon="24.81444">
        <ele>27</ele>
        <extensions>
          <distance>14280</distance>
        </extensions>
      </trkpt>
      <trkpt lat="57.146919999999994" lon="24.814575">
        <ele>27</ele>
        <extensions>
          <distance>14298</distance>
        </extensions>
      </trkpt>
      <trkpt lat="57.14677" lon="24.81471">
        <ele>26</ele>
        <extensions>
          <distance>14317</distance>
        </extensions>
      </trkpt>
      <trkpt lat="57.14663" lon="24.81469">
        <ele>25</ele>
        <extensions>
          <distance>14333</distance>
        </extensions>
      </trkpt>
      <trkpt lat="57.14655" lon="24.81473">
        <ele>25</ele>
        <extensions>
          <distance>14342</distance>
        </extensions>
      </trkpt>
      <trkpt lat="57.14642" lon="24.81496">
        <ele>24</ele>
        <extensions>
          <distance>14362</distance>
        </extensions>
      </trkpt>
      <trkpt lat="57.14628" lon="24.8151">
        <ele>24</ele>
        <extensions>
          <distance>14380</distance>
        </extensions>
      </trkpt>
      <trkpt lat="57.14616" lon="24.81533">
        <ele>24</ele>
        <extensions>
          <distance>14399</distance>
        </extensions>
      </trkpt>
      <trkpt lat="57.14595" lon="24.8155">
        <ele>24</ele>
        <extensions>
          <distance>14425</distance>
        </extensions>
      </trkpt>
      <trkpt lat="57.14574" lon="24.81567">
        <ele>23</ele>
        <extensions>
          <distance>14450</distance>
        </extensions>
      </trkpt>
      <trkpt lat="57.14562" lon="24.815855">
        <ele>23</ele>
        <extensions>
          <distance>14468</distance>
        </extensions>
      </trkpt>
      <trkpt lat="57.1455" lon="24.81604">
        <ele>22</ele>
        <extensions>
          <distance>14485</distance>
        </extensions>
      </trkpt>
      <trkpt lat="57.14539" lon="24.81611">
        <ele>21</ele>
        <extensions>
          <distance>14498</distance>
        </extensions>
      </trkpt>
      <trkpt lat="57.14527" lon="24.81632">
        <ele>20</ele>
        <extensions>
          <distance>14517</distance>
        </extensions>
      </trkpt>
      <trkpt lat="57.14503" lon="24.81648">
        <ele>18</ele>
        <extensions>
          <distance>14545</distance>
        </extensions>
      </trkpt>
      <trkpt lat="57.14493" lon="24.816675">
        <ele>18</ele>
        <extensions>
          <distance>14561</distance>
        </extensions>
      </trkpt>
      <trkpt lat="57.14483" lon="24.81687">
        <ele>18</ele>
        <extensions>
          <distance>14578</distance>
        </extensions>
      </trkpt>
      <trkpt lat="57.14475" lon="24.81729">
        <ele>18</ele>
        <extensions>
          <distance>14604</distance>
        </extensions>
      </trkpt>
      <trkpt lat="57.14467" lon="24.81771">
        <ele>18</ele>
        <extensions>
          <distance>14631</distance>
        </extensions>
      </trkpt>
      <trkpt lat="57.14458499999999" lon="24.818">
        <ele>19</ele>
        <extensions>
          <distance>14651</distance>
        </extensions>
      </trkpt>
      <trkpt lat="57.144499999999994" lon="24.81829">
        <ele>20</ele>
        <extensions>
          <distance>14671</distance>
        </extensions>
      </trkpt>
      <trkpt lat="57.144414999999995" lon="24.81858">
        <ele>22</ele>
        <extensions>
          <distance>14691</distance>
        </extensions>
      </trkpt>
      <trkpt lat="57.14433" lon="24.81887">
        <ele>24</ele>
        <extensions>
          <distance>14711</distance>
        </extensions>
      </trkpt>
      <trkpt lat="57.14422999999999" lon="24.819090000000003">
        <ele>25</ele>
        <extensions>
          <distance>14729</distance>
        </extensions>
      </trkpt>
      <trkpt lat="57.14413" lon="24.81931">
        <ele>27</ele>
        <extensions>
          <distance>14746</distance>
        </extensions>
      </trkpt>
      <trkpt lat="57.144" lon="24.819515000000003">
        <ele>31</ele>
        <extensions>
          <distance>14766</distance>
        </extensions>
      </trkpt>
      <trkpt lat="57.14387" lon="24.81972">
        <ele>34</ele>
        <extensions>
          <distance>14785</distance>
        </extensions>
      </trkpt>
      <trkpt lat="57.14379" lon="24.8197">
        <ele>36</ele>
        <extensions>
          <distance>14794</distance>
        </extensions>
      </trkpt>
      <trkpt lat="57.14369" lon="24.81951">
        <ele>36</ele>
        <extensions>
          <distance>14810</distance>
        </extensions>
      </trkpt>
      <trkpt lat="57.1437" lon="24.81946">
        <ele>37</ele>
        <extensions>
          <distance>14814</distance>
        </extensions>
      </trkpt>
      <trkpt lat="57.14348" lon="24.81933">
        <ele>43</ele>
        <extensions>
          <distance>14840</distance>
        </extensions>
      </trkpt>
      <trkpt lat="57.14346" lon="24.8192">
        <ele>45</ele>
        <extensions>
          <distance>14848</distance>
        </extensions>
      </trkpt>
      <trkpt lat="57.14332" lon="24.81917">
        <ele>49</ele>
        <extensions>
          <distance>14865</distance>
        </extensions>
      </trkpt>
      <trkpt lat="57.14324" lon="24.81895">
        <ele>55</ele>
        <extensions>
          <distance>14882</distance>
        </extensions>
      </trkpt>
      <trkpt lat="57.14325" lon="24.81884">
        <ele>56</ele>
        <extensions>
          <distance>14889</distance>
        </extensions>
      </trkpt>
      <trkpt lat="57.14321" lon="24.81882">
        <ele>57</ele>
        <extensions>
          <distance>14893</distance>
        </extensions>
      </trkpt>
      <trkpt lat="57.14319" lon="24.81859">
        <ele>61</ele>
        <extensions>
          <distance>14908</distance>
        </extensions>
      </trkpt>
      <trkpt lat="57.14316" lon="24.81861">
        <ele>62</ele>
        <extensions>
          <distance>14912</distance>
        </extensions>
      </trkpt>
      <trkpt lat="57.14304" lon="24.81836">
        <ele>69</ele>
        <extensions>
          <distance>14933</distance>
        </extensions>
      </trkpt>
      <trkpt lat="57.14292" lon="24.81794">
        <ele>80</ele>
        <extensions>
          <distance>14964</distance>
        </extensions>
      </trkpt>
      <trkpt lat="57.14275" lon="24.8177">
        <ele>88</ele>
        <extensions>
          <distance>14989</distance>
        </extensions>
      </trkpt>
      <trkpt lat="57.142485" lon="24.817735">
        <ele>88</ele>
        <extensions>
          <distance>15018</distance>
        </extensions>
      </trkpt>
      <trkpt lat="57.14222" lon="24.81777">
        <ele>88</ele>
        <extensions>
          <distance>15048</distance>
        </extensions>
      </trkpt>
      <trkpt lat="57.14211" lon="24.81801">
        <ele>90</ele>
        <extensions>
          <distance>15067</distance>
        </extensions>
      </trkpt>
      <trkpt lat="57.14203" lon="24.81807">
        <ele>90</ele>
        <extensions>
          <distance>15077</distance>
        </extensions>
      </trkpt>
      <trkpt lat="57.14186" lon="24.81806">
        <ele>88</ele>
        <extensions>
          <distance>15096</distance>
        </extensions>
      </trkpt>
      <trkpt lat="57.14177" lon="24.81809">
        <ele>88</ele>
        <extensions>
          <distance>15106</distance>
        </extensions>
      </trkpt>
      <trkpt lat="57.14162" lon="24.81828">
        <ele>88</ele>
        <extensions>
          <distance>15126</distance>
        </extensions>
      </trkpt>
      <trkpt lat="57.14147" lon="24.81847">
        <ele>85</ele>
        <extensions>
          <distance>15147</distance>
        </extensions>
      </trkpt>
      <trkpt lat="57.1413325" lon="24.8185175">
        <ele>85</ele>
        <extensions>
          <distance>15162</distance>
        </extensions>
      </trkpt>
      <trkpt lat="57.141194999999996" lon="24.818565">
        <ele>84</ele>
        <extensions>
          <distance>15178</distance>
        </extensions>
      </trkpt>
      <trkpt lat="57.1410575" lon="24.8186125">
        <ele>84</ele>
        <extensions>
          <distance>15193</distance>
        </extensions>
      </trkpt>
      <trkpt lat="57.14092" lon="24.81866">
        <ele>84</ele>
        <extensions>
          <distance>15209</distance>
        </extensions>
      </trkpt>
      <trkpt lat="57.14081" lon="24.81883">
        <ele>83</ele>
        <extensions>
          <distance>15225</distance>
        </extensions>
      </trkpt>
      <trkpt lat="57.14081" lon="24.81905">
        <ele>83</ele>
        <extensions>
          <distance>15238</distance>
        </extensions>
      </trkpt>
      <trkpt lat="57.14095" lon="24.81908">
        <ele>82</ele>
        <extensions>
          <distance>15254</distance>
        </extensions>
      </trkpt>
      <trkpt lat="57.14105" lon="24.81926">
        <ele>80</ele>
        <extensions>
          <distance>15270</distance>
        </extensions>
      </trkpt>
      <trkpt lat="57.1412" lon="24.81933">
        <ele>78</ele>
        <extensions>
          <distance>15287</distance>
        </extensions>
      </trkpt>
      <trkpt lat="57.14135" lon="24.8193">
        <ele>77</ele>
        <extensions>
          <distance>15304</distance>
        </extensions>
      </trkpt>
      <trkpt lat="57.14145" lon="24.81921">
        <ele>76</ele>
        <extensions>
          <distance>15316</distance>
        </extensions>
      </trkpt>
      <trkpt lat="57.14167" lon="24.81913">
        <ele>74</ele>
        <extensions>
          <distance>15341</distance>
        </extensions>
      </trkpt>
      <trkpt lat="57.14183" lon="24.81921">
        <ele>70</ele>
        <extensions>
          <distance>15360</distance>
        </extensions>
      </trkpt>
      <trkpt lat="57.14186" lon="24.81918">
        <ele>70</ele>
        <extensions>
          <distance>15364</distance>
        </extensions>
      </trkpt>
      <trkpt lat="57.14194" lon="24.8192">
        <ele>69</ele>
        <extensions>
          <distance>15373</distance>
        </extensions>
      </trkpt>
      <trkpt lat="57.14215" lon="24.81936">
        <ele>65</ele>
        <extensions>
          <distance>15399</distance>
        </extensions>
      </trkpt>
      <trkpt lat="57.14228" lon="24.81937">
        <ele>63</ele>
        <extensions>
          <distance>15413</distance>
        </extensions>
      </trkpt>
      <trkpt lat="57.14239" lon="24.81933">
        <ele>62</ele>
        <extensions>
          <distance>15426</distance>
        </extensions>
      </trkpt>
      <trkpt lat="57.14261" lon="24.81937">
        <ele>59</ele>
        <extensions>
          <distance>15451</distance>
        </extensions>
      </trkpt>
      <trkpt lat="57.14284" lon="24.819535000000002">
        <ele>55</ele>
        <extensions>
          <distance>15478</distance>
        </extensions>
      </trkpt>
      <trkpt lat="57.14307" lon="24.8197">
        <ele>49</ele>
        <extensions>
          <distance>15507</distance>
        </extensions>
      </trkpt>
      <trkpt lat="57.14313" lon="24.82005">
        <ele>48</ele>
        <extensions>
          <distance>15529</distance>
        </extensions>
      </trkpt>
      <trkpt lat="57.1432" lon="24.82017">
        <ele>48</ele>
        <extensions>
          <distance>15539</distance>
        </extensions>
      </trkpt>
      <trkpt lat="57.14346" lon="24.82009">
        <ele>48</ele>
        <extensions>
          <distance>15569</distance>
        </extensions>
      </trkpt>
      <trkpt lat="57.143485" lon="24.82042">
        <ele>48</ele>
        <extensions>
          <distance>15589</distance>
        </extensions>
      </trkpt>
      <trkpt lat="57.14351" lon="24.82075">
        <ele>49</ele>
        <extensions>
          <distance>15609</distance>
        </extensions>
      </trkpt>
      <trkpt lat="57.14345" lon="24.82109">
        <ele>55</ele>
        <extensions>
          <distance>15632</distance>
        </extensions>
      </trkpt>
      <trkpt lat="57.14345" lon="24.82139">
        <ele>59</ele>
        <extensions>
          <distance>15650</distance>
        </extensions>
      </trkpt>
      <trkpt lat="57.14336" lon="24.82153">
        <ele>64</ele>
        <extensions>
          <distance>15664</distance>
        </extensions>
      </trkpt>
      <trkpt lat="57.14334" lon="24.82166">
        <ele>67</ele>
        <extensions>
          <distance>15673</distance>
        </extensions>
      </trkpt>
      <trkpt lat="57.14329" lon="24.82169">
        <ele>69</ele>
        <extensions>
          <distance>15679</distance>
        </extensions>
      </trkpt>
      <trkpt lat="57.14319" lon="24.82168">
        <ele>71</ele>
        <extensions>
          <distance>15691</distance>
        </extensions>
      </trkpt>
      <trkpt lat="57.14318" lon="24.82176">
        <ele>73</ele>
        <extensions>
          <distance>15696</distance>
        </extensions>
      </trkpt>
      <trkpt lat="57.14302" lon="24.82189">
        <ele>80</ele>
        <extensions>
          <distance>15717</distance>
        </extensions>
      </trkpt>
      <trkpt lat="57.14295" lon="24.82201">
        <ele>84</ele>
        <extensions>
          <distance>15728</distance>
        </extensions>
      </trkpt>
      <trkpt lat="57.14308" lon="24.82217">
        <ele>85</ele>
        <extensions>
          <distance>15745</distance>
        </extensions>
      </trkpt>
      <trkpt lat="57.14299" lon="24.82246">
        <ele>91</ele>
        <extensions>
          <distance>15766</distance>
        </extensions>
      </trkpt>
      <trkpt lat="57.14301" lon="24.82292">
        <ele>94</ele>
        <extensions>
          <distance>15795</distance>
        </extensions>
      </trkpt>
      <trkpt lat="57.14292" lon="24.82321">
        <ele>98</ele>
        <extensions>
          <distance>15815</distance>
        </extensions>
      </trkpt>
      <trkpt lat="57.14283" lon="24.8235">
        <ele>100</ele>
        <extensions>
          <distance>15835</distance>
        </extensions>
      </trkpt>
      <trkpt lat="57.14283" lon="24.82396">
        <ele>100</ele>
        <extensions>
          <distance>15863</distance>
        </extensions>
      </trkpt>
      <trkpt lat="57.14283" lon="24.82442">
        <ele>100</ele>
        <extensions>
          <distance>15891</distance>
        </extensions>
      </trkpt>
      <trkpt lat="57.14278" lon="24.82462">
        <ele>100</ele>
        <extensions>
          <distance>15905</distance>
        </extensions>
      </trkpt>
      <trkpt lat="57.142885" lon="24.82499">
        <ele>99</ele>
        <extensions>
          <distance>15930</distance>
        </extensions>
      </trkpt>
      <trkpt lat="57.14299" lon="24.82536">
        <ele>99</ele>
        <extensions>
          <distance>15955</distance>
        </extensions>
      </trkpt>
      <trkpt lat="57.143095" lon="24.82573">
        <ele>98</ele>
        <extensions>
          <distance>15980</distance>
        </extensions>
      </trkpt>
      <trkpt lat="57.1432" lon="24.8261">
        <ele>98</ele>
        <extensions>
          <distance>16006</distance>
        </extensions>
      </trkpt>
      <trkpt lat="57.143305" lon="24.82647">
        <ele>98</ele>
        <extensions>
          <distance>16031</distance>
        </extensions>
      </trkpt>
      <trkpt lat="57.14341" lon="24.82684">
        <ele>98</ele>
        <extensions>
          <distance>16056</distance>
        </extensions>
      </trkpt>
      <trkpt lat="57.143515" lon="24.82721">
        <ele>97</ele>
        <extensions>
          <distance>16081</distance>
        </extensions>
      </trkpt>
      <trkpt lat="57.14362" lon="24.82758">
        <ele>97</ele>
        <extensions>
          <distance>16107</distance>
        </extensions>
      </trkpt>
      <trkpt lat="57.1437" lon="24.82768">
        <ele>98</ele>
        <extensions>
          <distance>16117</distance>
        </extensions>
      </trkpt>
      <trkpt lat="57.1438" lon="24.82773">
        <ele>98</ele>
        <extensions>
          <distance>16129</distance>
        </extensions>
      </trkpt>
      <trkpt lat="57.14386" lon="24.82784">
        <ele>98</ele>
        <extensions>
          <distance>16138</distance>
        </extensions>
      </trkpt>
      <trkpt lat="57.14387" lon="24.82799">
        <ele>98</ele>
        <extensions>
          <distance>16148</distance>
        </extensions>
      </trkpt>
      <trkpt lat="57.14382" lon="24.82823">
        <ele>99</ele>
        <extensions>
          <distance>16163</distance>
        </extensions>
      </trkpt>
      <trkpt lat="57.14394" lon="24.82854">
        <ele>99</ele>
        <extensions>
          <distance>16186</distance>
        </extensions>
      </trkpt>
      <trkpt lat="57.14392" lon="24.82853">
        <ele>99</ele>
        <extensions>
          <distance>16189</distance>
        </extensions>
      </trkpt>
      <trkpt lat="57.14391" lon="24.82841">
        <ele>99</ele>
        <extensions>
          <distance>16196</distance>
        </extensions>
      </trkpt>
      <trkpt lat="57.14403" lon="24.82828">
        <ele>96</ele>
        <extensions>
          <distance>16211</distance>
        </extensions>
      </trkpt>
      <trkpt lat="57.14415" lon="24.8284">
        <ele>95</ele>
        <extensions>
          <distance>16227</distance>
        </extensions>
      </trkpt>
      <trkpt lat="57.14424" lon="24.82833">
        <ele>92</ele>
        <extensions>
          <distance>16238</distance>
        </extensions>
      </trkpt>
      <trkpt lat="57.14431" lon="24.82833">
        <ele>89</ele>
        <extensions>
          <distance>16246</distance>
        </extensions>
      </trkpt>
      <trkpt lat="57.14433" lon="24.82825">
        <ele>88</ele>
        <extensions>
          <distance>16252</distance>
        </extensions>
      </trkpt>
      <trkpt lat="57.1444" lon="24.82826">
        <ele>86</ele>
        <extensions>
          <distance>16260</distance>
        </extensions>
      </trkpt>
      <trkpt lat="57.14446" lon="24.82815">
        <ele>82</ele>
        <extensions>
          <distance>16270</distance>
        </extensions>
      </trkpt>
      <trkpt lat="57.1447" lon="24.82801">
        <ele>70</ele>
        <extensions>
          <distance>16301</distance>
        </extensions>
      </trkpt>
      <trkpt lat="57.14485" lon="24.827885">
        <ele>63</ele>
        <extensions>
          <distance>16320</distance>
        </extensions>
      </trkpt>
      <trkpt lat="57.144999999999996" lon="24.827759999999998">
        <ele>55</ele>
        <extensions>
          <distance>16340</distance>
        </extensions>
      </trkpt>
      <trkpt lat="57.14515" lon="24.827635">
        <ele>50</ele>
        <extensions>
          <distance>16359</distance>
        </extensions>
      </trkpt>
      <trkpt lat="57.1453" lon="24.82751">
        <ele>44</ele>
        <extensions>
          <distance>16379</distance>
        </extensions>
      </trkpt>
      <trkpt lat="57.14537" lon="24.8275">
        <ele>42</ele>
        <extensions>
          <distance>16387</distance>
        </extensions>
      </trkpt>
      <trkpt lat="57.14549" lon="24.82764">
        <ele>40</ele>
        <extensions>
          <distance>16403</distance>
        </extensions>
      </trkpt>
      <trkpt lat="57.14558" lon="24.82753">
        <ele>36</ele>
        <extensions>
          <distance>16415</distance>
        </extensions>
      </trkpt>
      <trkpt lat="57.14582" lon="24.82733">
        <ele>28</ele>
        <extensions>
          <distance>16446</distance>
        </extensions>
      </trkpt>
      <trkpt lat="57.145962499999996" lon="24.827235">
        <ele>25</ele>
        <extensions>
          <distance>16463</distance>
        </extensions>
      </trkpt>
      <trkpt lat="57.146105" lon="24.82714">
        <ele>24</ele>
        <extensions>
          <distance>16480</distance>
        </extensions>
      </trkpt>
      <trkpt lat="57.1462475" lon="24.827045">
        <ele>23</ele>
        <extensions>
          <distance>16497</distance>
        </extensions>
      </trkpt>
      <trkpt lat="57.14639" lon="24.82695">
        <ele>23</ele>
        <extensions>
          <distance>16513</distance>
        </extensions>
      </trkpt>
      <trkpt lat="57.14646" lon="24.82684">
        <ele>23</ele>
        <extensions>
          <distance>16524</distance>
        </extensions>
      </trkpt>
      <trkpt lat="57.14657" lon="24.82683">
        <ele>23</ele>
        <extensions>
          <distance>16536</distance>
        </extensions>
      </trkpt>
      <trkpt lat="57.14676" lon="24.8267">
        <ele>23</ele>
        <extensions>
          <distance>16559</distance>
        </extensions>
      </trkpt>
      <trkpt lat="57.14693" lon="24.82674">
        <ele>23</ele>
        <extensions>
          <distance>16578</distance>
        </extensions>
      </trkpt>
      <trkpt lat="57.14701" lon="24.82673">
        <ele>22</ele>
        <extensions>
          <distance>16587</distance>
        </extensions>
      </trkpt>
      <trkpt lat="57.14717" lon="24.82657">
        <ele>22</ele>
        <extensions>
          <distance>16607</distance>
        </extensions>
      </trkpt>
      <trkpt lat="57.14741" lon="24.82644">
        <ele>22</ele>
        <extensions>
          <distance>16635</distance>
        </extensions>
      </trkpt>
      <trkpt lat="57.147580000000005" lon="24.82631">
        <ele>22</ele>
        <extensions>
          <distance>16655</distance>
        </extensions>
      </trkpt>
      <trkpt lat="57.14775" lon="24.82618">
        <ele>22</ele>
        <extensions>
          <distance>16676</distance>
        </extensions>
      </trkpt>
      <trkpt lat="57.147905" lon="24.826175">
        <ele>22</ele>
        <extensions>
          <distance>16693</distance>
        </extensions>
      </trkpt>
      <trkpt lat="57.14806" lon="24.82617">
        <ele>22</ele>
        <extensions>
          <distance>16710</distance>
        </extensions>
      </trkpt>
      <trkpt lat="57.14819625" lon="24.82614625">
        <ele>21</ele>
        <extensions>
          <distance>16726</distance>
        </extensions>
      </trkpt>
      <trkpt lat="57.1483325" lon="24.826122500000004">
        <ele>21</ele>
        <extensions>
          <distance>16741</distance>
        </extensions>
      </trkpt>
      <trkpt lat="57.148468750000006" lon="24.826098750000003">
        <ele>21</ele>
        <extensions>
          <distance>16756</distance>
        </extensions>
      </trkpt>
      <trkpt lat="57.148605" lon="24.826075000000003">
        <ele>21</ele>
        <extensions>
          <distance>16771</distance>
        </extensions>
      </trkpt>
      <trkpt lat="57.14874125" lon="24.826051250000003">
        <ele>21</ele>
        <extensions>
          <distance>16786</distance>
        </extensions>
      </trkpt>
      <trkpt lat="57.1488775" lon="24.826027500000002">
        <ele>21</ele>
        <extensions>
          <distance>16802</distance>
        </extensions>
      </trkpt>
      <trkpt lat="57.149013749999995" lon="24.82600375">
        <ele>21</ele>
        <extensions>
          <distance>16817</distance>
        </extensions>
      </trkpt>
      <trkpt lat="57.14915" lon="24.82598">
        <ele>21</ele>
        <extensions>
          <distance>16832</distance>
        </extensions>
      </trkpt>
      <trkpt lat="57.149405" lon="24.826025">
        <ele>21</ele>
        <extensions>
          <distance>16861</distance>
        </extensions>
      </trkpt>
      <trkpt lat="57.14966" lon="24.82607">
        <ele>22</ele>
        <extensions>
          <distance>16889</distance>
        </extensions>
      </trkpt>
      <trkpt lat="57.14988" lon="24.82629">
        <ele>22</ele>
        <extensions>
          <distance>16917</distance>
        </extensions>
      </trkpt>
      <trkpt lat="57.14994" lon="24.82644">
        <ele>23</ele>
        <extensions>
          <distance>16928</distance>
        </extensions>
      </trkpt>
      <trkpt lat="57.15013" lon="24.82671">
        <ele>23</ele>
        <extensions>
          <distance>16955</distance>
        </extensions>
      </trkpt>
      <trkpt lat="57.150175" lon="24.82696">
        <ele>25</ele>
        <extensions>
          <distance>16971</distance>
        </extensions>
      </trkpt>
      <trkpt lat="57.15022" lon="24.82721">
        <ele>25</ele>
        <extensions>
          <distance>16987</distance>
        </extensions>
      </trkpt>
      <trkpt lat="57.15038" lon="24.82733">
        <ele>25</ele>
        <extensions>
          <distance>17006</distance>
        </extensions>
      </trkpt>
      <trkpt lat="57.15052" lon="24.827735">
        <ele>25</ele>
        <extensions>
          <distance>17035</distance>
        </extensions>
      </trkpt>
      <trkpt lat="57.15066" lon="24.82814">
        <ele>25</ele>
        <extensions>
          <distance>17064</distance>
        </extensions>
      </trkpt>
      <trkpt lat="57.15079" lon="24.82835">
        <ele>25</ele>
        <extensions>
          <distance>17084</distance>
        </extensions>
      </trkpt>
      <trkpt lat="57.15093" lon="24.82871">
        <ele>25</ele>
        <extensions>
          <distance>17110</distance>
        </extensions>
      </trkpt>
      <trkpt lat="57.15104" lon="24.82915">
        <ele>25</ele>
        <extensions>
          <distance>17140</distance>
        </extensions>
      </trkpt>
      <trkpt lat="57.15103" lon="24.82935">
        <ele>24</ele>
        <extensions>
          <distance>17152</distance>
        </extensions>
      </trkpt>
      <trkpt lat="57.151125" lon="24.82957">
        <ele>24</ele>
        <extensions>
          <distance>17169</distance>
        </extensions>
      </trkpt>
      <trkpt lat="57.15122" lon="24.82979">
        <ele>24</ele>
        <extensions>
          <distance>17186</distance>
        </extensions>
      </trkpt>
      <trkpt lat="57.151315" lon="24.830185">
        <ele>24</ele>
        <extensions>
          <distance>17212</distance>
        </extensions>
      </trkpt>
      <trkpt lat="57.15141" lon="24.83058">
        <ele>24</ele>
        <extensions>
          <distance>17238</distance>
        </extensions>
      </trkpt>
      <trkpt lat="57.1516" lon="24.8307">
        <ele>24</ele>
        <extensions>
          <distance>17261</distance>
        </extensions>
      </trkpt>
      <trkpt lat="57.15171" lon="24.83093">
        <ele>24</ele>
        <extensions>
          <distance>17279</distance>
        </extensions>
      </trkpt>
      <trkpt lat="57.15185" lon="24.83113">
        <ele>23</ele>
        <extensions>
          <distance>17299</distance>
        </extensions>
      </trkpt>
      <trkpt lat="57.15205" lon="24.83126">
        <ele>22</ele>
        <extensions>
          <distance>17323</distance>
        </extensions>
      </trkpt>
      <trkpt lat="57.152185" lon="24.83139">
        <ele>21</ele>
        <extensions>
          <distance>17340</distance>
        </extensions>
      </trkpt>
      <trkpt lat="57.15232" lon="24.83152">
        <ele>21</ele>
        <extensions>
          <distance>17357</distance>
        </extensions>
      </trkpt>
      <trkpt lat="57.15249" lon="24.83163">
        <ele>21</ele>
        <extensions>
          <distance>17377</distance>
        </extensions>
      </trkpt>
      <trkpt lat="57.1526" lon="24.831789999999998">
        <ele>21</ele>
        <extensions>
          <distance>17392</distance>
        </extensions>
      </trkpt>
      <trkpt lat="57.15271" lon="24.83195">
        <ele>22</ele>
        <extensions>
          <distance>17408</distance>
        </extensions>
      </trkpt>
      <trkpt lat="57.15281" lon="24.83227">
        <ele>22</ele>
        <extensions>
          <distance>17430</distance>
        </extensions>
      </trkpt>
      <trkpt lat="57.15294" lon="24.83252">
        <ele>22</ele>
        <extensions>
          <distance>17451</distance>
        </extensions>
      </trkpt>
      <trkpt lat="57.15306" lon="24.83268">
        <ele>22</ele>
        <extensions>
          <distance>17468</distance>
        </extensions>
      </trkpt>
      <trkpt lat="57.15331" lon="24.83283">
        <ele>21</ele>
        <extensions>
          <distance>17497</distance>
        </extensions>
      </trkpt>
      <trkpt lat="57.15339" lon="24.83291">
        <ele>21</ele>
        <extensions>
          <distance>17507</distance>
        </extensions>
      </trkpt>
      <trkpt lat="57.153525" lon="24.83297">
        <ele>21</ele>
        <extensions>
          <distance>17523</distance>
        </extensions>
      </trkpt>
      <trkpt lat="57.15366" lon="24.83303">
        <ele>21</ele>
        <extensions>
          <distance>17538</distance>
        </extensions>
      </trkpt>
      <trkpt lat="57.15377" lon="24.83335">
        <ele>23</ele>
        <extensions>
          <distance>17561</distance>
        </extensions>
      </trkpt>
      <trkpt lat="57.15382" lon="24.83382">
        <ele>23</ele>
        <extensions>
          <distance>17590</distance>
        </extensions>
      </trkpt>
      <trkpt lat="57.153755000000004" lon="24.834045">
        <ele>23</ele>
        <extensions>
          <distance>17605</distance>
        </extensions>
      </trkpt>
      <trkpt lat="57.15369" lon="24.83427">
        <ele>23</ele>
        <extensions>
          <distance>17621</distance>
        </extensions>
      </trkpt>
      <trkpt lat="57.153679999999994" lon="24.834519999999998">
        <ele>23</ele>
        <extensions>
          <distance>17636</distance>
        </extensions>
      </trkpt>
      <trkpt lat="57.15367" lon="24.83477">
        <ele>22</ele>
        <extensions>
          <distance>17651</distance>
        </extensions>
      </trkpt>
      <trkpt lat="57.15369" lon="24.83508">
        <ele>21</ele>
        <extensions>
          <distance>17670</distance>
        </extensions>
      </trkpt>
      <trkpt lat="57.15365" lon="24.83535">
        <ele>20</ele>
        <extensions>
          <distance>17687</distance>
        </extensions>
      </trkpt>
      <trkpt lat="57.153565" lon="24.835625">
        <ele>19</ele>
        <extensions>
          <distance>17706</distance>
        </extensions>
      </trkpt>
      <trkpt lat="57.15348" lon="24.8359">
        <ele>19</ele>
        <extensions>
          <distance>17725</distance>
        </extensions>
      </trkpt>
      <trkpt lat="57.15344" lon="24.83595">
        <ele>19</ele>
        <extensions>
          <distance>17731</distance>
        </extensions>
      </trkpt>
      <trkpt lat="57.153425" lon="24.836365">
        <ele>19</ele>
        <extensions>
          <distance>17756</distance>
        </extensions>
      </trkpt>
      <trkpt lat="57.15341" lon="24.83678">
        <ele>19</ele>
        <extensions>
          <distance>17781</distance>
        </extensions>
      </trkpt>
      <trkpt lat="57.1533675" lon="24.8370175">
        <ele>19</ele>
        <extensions>
          <distance>17796</distance>
        </extensions>
      </trkpt>
      <trkpt lat="57.153324999999995" lon="24.837255">
        <ele>20</ele>
        <extensions>
          <distance>17811</distance>
        </extensions>
      </trkpt>
      <trkpt lat="57.153282499999996" lon="24.8374925">
        <ele>21</ele>
        <extensions>
          <distance>17826</distance>
        </extensions>
      </trkpt>
      <trkpt lat="57.15324" lon="24.83773">
        <ele>21</ele>
        <extensions>
          <distance>17842</distance>
        </extensions>
      </trkpt>
      <trkpt lat="57.15313" lon="24.83769">
        <ele>21</ele>
        <extensions>
          <distance>17854</distance>
        </extensions>
      </trkpt>
      <trkpt lat="57.15303" lon="24.83779">
        <ele>21</ele>
        <extensions>
          <distance>17867</distance>
        </extensions>
      </trkpt>
      <trkpt lat="57.15284" lon="24.83771">
        <ele>21</ele>
        <extensions>
          <distance>17888</distance>
        </extensions>
      </trkpt>
      <trkpt lat="57.15287" lon="24.8374475">
        <ele>20</ele>
        <extensions>
          <distance>17905</distance>
        </extensions>
      </trkpt>
      <trkpt lat="57.1529" lon="24.837184999999998">
        <ele>20</ele>
        <extensions>
          <distance>17921</distance>
        </extensions>
      </trkpt>
      <trkpt lat="57.15293" lon="24.8369225">
        <ele>19</ele>
        <extensions>
          <distance>17937</distance>
        </extensions>
      </trkpt>
      <trkpt lat="57.15296" lon="24.83666">
        <ele>19</ele>
        <extensions>
          <distance>17953</distance>
        </extensions>
      </trkpt>
      <trkpt lat="57.15303" lon="24.83646">
        <ele>19</ele>
        <extensions>
          <distance>17968</distance>
        </extensions>
      </trkpt>
      <trkpt lat="57.15316" lon="24.83638">
        <ele>19</ele>
        <extensions>
          <distance>17983</distance>
        </extensions>
      </trkpt>
      <trkpt lat="57.15326" lon="24.8364">
        <ele>19</ele>
        <extensions>
          <distance>17994</distance>
        </extensions>
      </trkpt>
      <trkpt lat="57.15333" lon="24.83653">
        <ele>19</ele>
        <extensions>
          <distance>18005</distance>
        </extensions>
      </trkpt>
      <trkpt lat="57.15337" lon="24.83676">
        <ele>19</ele>
        <extensions>
          <distance>18020</distance>
        </extensions>
      </trkpt>
      <trkpt lat="57.15331" lon="24.83698">
        <ele>19</ele>
        <extensions>
          <distance>18035</distance>
        </extensions>
      </trkpt>
      <trkpt lat="57.15322" lon="24.83708">
        <ele>20</ele>
        <extensions>
          <distance>18047</distance>
        </extensions>
      </trkpt>
      <trkpt lat="57.1529575" lon="24.83708">
        <ele>20</ele>
        <extensions>
          <distance>18076</distance>
        </extensions>
      </trkpt>
      <trkpt lat="57.152694999999994" lon="24.83708">
        <ele>20</ele>
        <extensions>
          <distance>18105</distance>
        </extensions>
      </trkpt>
      <trkpt lat="57.152432499999996" lon="24.83708">
        <ele>20</ele>
        <extensions>
          <distance>18134</distance>
        </extensions>
      </trkpt>
      <trkpt lat="57.15217" lon="24.83708">
        <ele>21</ele>
        <extensions>
          <distance>18164</distance>
        </extensions>
      </trkpt>
      <trkpt lat="57.15198" lon="24.83736">
        <ele>22</ele>
        <extensions>
          <distance>18191</distance>
        </extensions>
      </trkpt>
      <trkpt lat="57.15204" lon="24.83775">
        <ele>24</ele>
        <extensions>
          <distance>18215</distance>
        </extensions>
      </trkpt>
      <trkpt lat="57.15213625" lon="24.837956249999998">
        <ele>24</ele>
        <extensions>
          <distance>18232</distance>
        </extensions>
      </trkpt>
      <trkpt lat="57.1522325" lon="24.8381625">
        <ele>26</ele>
        <extensions>
          <distance>18248</distance>
        </extensions>
      </trkpt>
      <trkpt lat="57.152328749999995" lon="24.83836875">
        <ele>29</ele>
        <extensions>
          <distance>18265</distance>
        </extensions>
      </trkpt>
      <trkpt lat="57.152425" lon="24.838575">
        <ele>32</ele>
        <extensions>
          <distance>18282</distance>
        </extensions>
      </trkpt>
      <trkpt lat="57.15252125000001" lon="24.83878125">
        <ele>34</ele>
        <extensions>
          <distance>18298</distance>
        </extensions>
      </trkpt>
      <trkpt lat="57.152617500000005" lon="24.8389875">
        <ele>36</ele>
        <extensions>
          <distance>18315</distance>
        </extensions>
      </trkpt>
      <trkpt lat="57.152713750000004" lon="24.83919375">
        <ele>37</ele>
        <extensions>
          <distance>18331</distance>
        </extensions>
      </trkpt>
      <trkpt lat="57.15281" lon="24.8394">
        <ele>38</ele>
        <extensions>
          <distance>18348</distance>
        </extensions>
      </trkpt>
      <trkpt lat="57.15288" lon="24.83962">
        <ele>39</ele>
        <extensions>
          <distance>18363</distance>
        </extensions>
      </trkpt>
      <trkpt lat="57.152805" lon="24.839855">
        <ele>42</ele>
        <extensions>
          <distance>18380</distance>
        </extensions>
      </trkpt>
      <trkpt lat="57.15273" lon="24.84009">
        <ele>46</ele>
        <extensions>
          <distance>18397</distance>
        </extensions>
      </trkpt>
      <trkpt lat="57.15264" lon="24.84024">
        <ele>50</ele>
        <extensions>
          <distance>18411</distance>
        </extensions>
      </trkpt>
      <trkpt lat="57.15262" lon="24.84048">
        <ele>50</ele>
        <extensions>
          <distance>18426</distance>
        </extensions>
      </trkpt>
      <trkpt lat="57.15268" lon="24.84065">
        <ele>50</ele>
        <extensions>
          <distance>18438</distance>
        </extensions>
      </trkpt>
      <trkpt lat="57.15281" lon="24.84071">
        <ele>50</ele>
        <extensions>
          <distance>18453</distance>
        </extensions>
      </trkpt>
      <trkpt lat="57.15301" lon="24.8406">
        <ele>53</ele>
        <extensions>
          <distance>18476</distance>
        </extensions>
      </trkpt>
      <trkpt lat="57.15311" lon="24.84065">
        <ele>53</ele>
        <extensions>
          <distance>18488</distance>
        </extensions>
      </trkpt>
      <trkpt lat="57.1532" lon="24.84078">
        <ele>53</ele>
        <extensions>
          <distance>18501</distance>
        </extensions>
      </trkpt>
      <trkpt lat="57.153305" lon="24.841205">
        <ele>54</ele>
        <extensions>
          <distance>18529</distance>
        </extensions>
      </trkpt>
      <trkpt lat="57.15341" lon="24.84163">
        <ele>57</ele>
        <extensions>
          <distance>18557</distance>
        </extensions>
      </trkpt>
      <trkpt lat="57.15337" lon="24.84181">
        <ele>59</ele>
        <extensions>
          <distance>18569</distance>
        </extensions>
      </trkpt>
      <trkpt lat="57.15329" lon="24.84196">
        <ele>62</ele>
        <extensions>
          <distance>18582</distance>
        </extensions>
      </trkpt>
      <trkpt lat="57.15318" lon="24.84191">
        <ele>64</ele>
        <extensions>
          <distance>18595</distance>
        </extensions>
      </trkpt>
      <trkpt lat="57.153085000000004" lon="24.84171">
        <ele>65</ele>
        <extensions>
          <distance>18611</distance>
        </extensions>
      </trkpt>
      <trkpt lat="57.15299" lon="24.84151">
        <ele>65</ele>
        <extensions>
          <distance>18627</distance>
        </extensions>
      </trkpt>
      <trkpt lat="57.15288" lon="24.84144">
        <ele>66</ele>
        <extensions>
          <distance>18640</distance>
        </extensions>
      </trkpt>
      <trkpt lat="57.15281" lon="24.84148">
        <ele>66</ele>
        <extensions>
          <distance>18648</distance>
        </extensions>
      </trkpt>
      <trkpt lat="57.15266" lon="24.841655000000003">
        <ele>68</ele>
        <extensions>
          <distance>18668</distance>
        </extensions>
      </trkpt>
      <trkpt lat="57.15251" lon="24.84183">
        <ele>71</ele>
        <extensions>
          <distance>18688</distance>
        </extensions>
      </trkpt>
      <trkpt lat="57.15236" lon="24.8420825">
        <ele>77</ele>
        <extensions>
          <distance>18712</distance>
        </extensions>
      </trkpt>
      <trkpt lat="57.15221" lon="24.842335">
        <ele>83</ele>
        <extensions>
          <distance>18735</distance>
        </extensions>
      </trkpt>
      <trkpt lat="57.15206" lon="24.8425875">
        <ele>87</ele>
        <extensions>
          <distance>18758</distance>
        </extensions>
      </trkpt>
      <trkpt lat="57.15191" lon="24.84284">
        <ele>90</ele>
        <extensions>
          <distance>18781</distance>
        </extensions>
      </trkpt>
      <trkpt lat="57.15185" lon="24.84305">
        <ele>93</ele>
        <extensions>
          <distance>18796</distance>
        </extensions>
      </trkpt>
      <trkpt lat="57.15176" lon="24.84316">
        <ele>93</ele>
        <extensions>
          <distance>18808</distance>
        </extensions>
      </trkpt>
      <trkpt lat="57.15163" lon="24.84309">
        <ele>93</ele>
        <extensions>
          <distance>18823</distance>
        </extensions>
      </trkpt>
      <trkpt lat="57.151579999999996" lon="24.842855">
        <ele>94</ele>
        <extensions>
          <distance>18838</distance>
        </extensions>
      </trkpt>
      <trkpt lat="57.15153" lon="24.84262">
        <ele>94</ele>
        <extensions>
          <distance>18853</distance>
        </extensions>
      </trkpt>
      <trkpt lat="57.15131" lon="24.84236">
        <ele>96</ele>
        <extensions>
          <distance>18882</distance>
        </extensions>
      </trkpt>
      <trkpt lat="57.15131" lon="24.84198">
        <ele>96</ele>
        <extensions>
          <distance>18905</distance>
        </extensions>
      </trkpt>
      <trkpt lat="57.15151" lon="24.84172">
        <ele>97</ele>
        <extensions>
          <distance>18933</distance>
        </extensions>
      </trkpt>
      <trkpt lat="57.15148" lon="24.84125">
        <ele>98</ele>
        <extensions>
          <distance>18961</distance>
        </extensions>
      </trkpt>
      <trkpt lat="57.15129" lon="24.84114">
        <ele>99</ele>
        <extensions>
          <distance>18984</distance>
        </extensions>
      </trkpt>
      <trkpt lat="57.1511" lon="24.8412">
        <ele>99</ele>
        <extensions>
          <distance>19005</distance>
        </extensions>
      </trkpt>
      <trkpt lat="57.15097" lon="24.84128">
        <ele>99</ele>
        <extensions>
          <distance>19020</distance>
        </extensions>
      </trkpt>
      <trkpt lat="57.15084" lon="24.84136">
        <ele>99</ele>
        <extensions>
          <distance>19036</distance>
        </extensions>
      </trkpt>
      <trkpt lat="57.15095" lon="24.8416675">
        <ele>99</ele>
        <extensions>
          <distance>19058</distance>
        </extensions>
      </trkpt>
      <trkpt lat="57.15106" lon="24.841975">
        <ele>99</ele>
        <extensions>
          <distance>19080</distance>
        </extensions>
      </trkpt>
      <trkpt lat="57.15117" lon="24.842282500000003">
        <ele>98</ele>
        <extensions>
          <distance>19102</distance>
        </extensions>
      </trkpt>
      <trkpt lat="57.15128" lon="24.84259">
        <ele>97</ele>
        <extensions>
          <distance>19125</distance>
        </extensions>
      </trkpt>
      <trkpt lat="57.15139" lon="24.8428975">
        <ele>97</ele>
        <extensions>
          <distance>19147</distance>
        </extensions>
      </trkpt>
      <trkpt lat="57.1515" lon="24.843205">
        <ele>97</ele>
        <extensions>
          <distance>19169</distance>
        </extensions>
      </trkpt>
      <trkpt lat="57.15161" lon="24.843512500000003">
        <ele>97</ele>
        <extensions>
          <distance>19192</distance>
        </extensions>
      </trkpt>
      <trkpt lat="57.15172" lon="24.84382">
        <ele>98</ele>
        <extensions>
          <distance>19214</distance>
        </extensions>
      </trkpt>
      <trkpt lat="57.15181" lon="24.84421">
        <ele>99</ele>
        <extensions>
          <distance>19240</distance>
        </extensions>
      </trkpt>
      <trkpt lat="57.15194875" lon="24.84441125">
        <ele>100</ele>
        <extensions>
          <distance>19259</distance>
        </extensions>
      </trkpt>
      <trkpt lat="57.1520875" lon="24.8446125">
        <ele>100</ele>
        <extensions>
          <distance>19279</distance>
        </extensions>
      </trkpt>
      <trkpt lat="57.15222625" lon="24.84481375">
        <ele>100</ele>
        <extensions>
          <distance>19299</distance>
        </extensions>
      </trkpt>
      <trkpt lat="57.152365" lon="24.845015">
        <ele>101</ele>
        <extensions>
          <distance>19318</distance>
        </extensions>
      </trkpt>
      <trkpt lat="57.15250375" lon="24.84521625">
        <ele>101</ele>
        <extensions>
          <distance>19338</distance>
        </extensions>
      </trkpt>
      <trkpt lat="57.1526425" lon="24.8454175">
        <ele>102</ele>
        <extensions>
          <distance>19358</distance>
        </extensions>
      </trkpt>
      <trkpt lat="57.152781250000004" lon="24.84561875">
        <ele>102</ele>
        <extensions>
          <distance>19377</distance>
        </extensions>
      </trkpt>
      <trkpt lat="57.15292" lon="24.84582">
        <ele>102</ele>
        <extensions>
          <distance>19397</distance>
        </extensions>
      </trkpt>
      <trkpt lat="57.153135000000006" lon="24.846114999999998">
        <ele>102</ele>
        <extensions>
          <distance>19427</distance>
        </extensions>
      </trkpt>
      <trkpt lat="57.15335" lon="24.84641">
        <ele>102</ele>
        <extensions>
          <distance>19457</distance>
        </extensions>
      </trkpt>
      <trkpt lat="57.153565" lon="24.846705">
        <ele>101</ele>
        <extensions>
          <distance>19487</distance>
        </extensions>
      </trkpt>
      <trkpt lat="57.15378" lon="24.847">
        <ele>100</ele>
        <extensions>
          <distance>19516</distance>
        </extensions>
      </trkpt>
      <trkpt lat="57.153885" lon="24.8472475">
        <ele>100</ele>
        <extensions>
          <distance>19535</distance>
        </extensions>
      </trkpt>
      <trkpt lat="57.15399" lon="24.847495000000002">
        <ele>100</ele>
        <extensions>
          <distance>19554</distance>
        </extensions>
      </trkpt>
      <trkpt lat="57.154095" lon="24.847742500000003">
        <ele>100</ele>
        <extensions>
          <distance>19573</distance>
        </extensions>
      </trkpt>
      <trkpt lat="57.1542" lon="24.84799">
        <ele>100</ele>
        <extensions>
          <distance>19592</distance>
        </extensions>
      </trkpt>
      <trkpt lat="57.154292500000004" lon="24.8482475">
        <ele>100</ele>
        <extensions>
          <distance>19611</distance>
        </extensions>
      </trkpt>
      <trkpt lat="57.154385000000005" lon="24.848505">
        <ele>100</ele>
        <extensions>
          <distance>19630</distance>
        </extensions>
      </trkpt>
      <trkpt lat="57.1544775" lon="24.8487625">
        <ele>100</ele>
        <extensions>
          <distance>19648</distance>
        </extensions>
      </trkpt>
      <trkpt lat="57.15457" lon="24.84902">
        <ele>100</ele>
        <extensions>
          <distance>19667</distance>
        </extensions>
      </trkpt>
      <trkpt lat="57.15473" lon="24.84939">
        <ele>100</ele>
        <extensions>
          <distance>19696</distance>
        </extensions>
      </trkpt>
      <trkpt lat="57.15489" lon="24.84976">
        <ele>100</ele>
        <extensions>
          <distance>19724</distance>
        </extensions>
      </trkpt>
      <trkpt lat="57.155015000000006" lon="24.84999">
        <ele>100</ele>
        <extensions>
          <distance>19744</distance>
        </extensions>
      </trkpt>
      <trkpt lat="57.15514" lon="24.85022">
        <ele>100</ele>
        <extensions>
          <distance>19764</distance>
        </extensions>
      </trkpt>
      <trkpt lat="57.15519" lon="24.85021">
        <ele>100</ele>
        <extensions>
          <distance>19769</distance>
        </extensions>
      </trkpt>
      <trkpt lat="57.15525" lon="24.84997">
        <ele>100</ele>
        <extensions>
          <distance>19785</distance>
        </extensions>
      </trkpt>
      <trkpt lat="57.155275" lon="24.849705">
        <ele>100</ele>
        <extensions>
          <distance>19802</distance>
        </extensions>
      </trkpt>
      <trkpt lat="57.1553" lon="24.84944">
        <ele>100</ele>
        <extensions>
          <distance>19818</distance>
        </extensions>
      </trkpt>
      <trkpt lat="57.15527" lon="24.84903">
        <ele>100</ele>
        <extensions>
          <distance>19843</distance>
        </extensions>
      </trkpt>
      <trkpt lat="57.1553" lon="24.8488">
        <ele>100</ele>
        <extensions>
          <distance>19857</distance>
        </extensions>
      </trkpt>
      <trkpt lat="57.15524" lon="24.84857">
        <ele>100</ele>
        <extensions>
          <distance>19873</distance>
        </extensions>
      </trkpt>
      <trkpt lat="57.15525" lon="24.84828">
        <ele>100</ele>
        <extensions>
          <distance>19890</distance>
        </extensions>
      </trkpt>
      <trkpt lat="57.15534" lon="24.84808">
        <ele>100</ele>
        <extensions>
          <distance>19906</distance>
        </extensions>
      </trkpt>
      <trkpt lat="57.15548" lon="24.84791">
        <ele>99</ele>
        <extensions>
          <distance>19925</distance>
        </extensions>
      </trkpt>
      <trkpt lat="57.155585" lon="24.847479999999997">
        <ele>97</ele>
        <extensions>
          <distance>19953</distance>
        </extensions>
      </trkpt>
      <trkpt lat="57.15569" lon="24.84705">
        <ele>94</ele>
        <extensions>
          <distance>19982</distance>
        </extensions>
      </trkpt>
      <trkpt lat="57.155609999999996" lon="24.84673">
        <ele>93</ele>
        <extensions>
          <distance>20003</distance>
        </extensions>
      </trkpt>
      <trkpt lat="57.15553" lon="24.84641">
        <ele>93</ele>
        <extensions>
          <distance>20025</distance>
        </extensions>
      </trkpt>
      <trkpt lat="57.155535" lon="24.84615">
        <ele>92</ele>
        <extensions>
          <distance>20040</distance>
        </extensions>
      </trkpt>
      <trkpt lat="57.15554" lon="24.84589">
        <ele>91</ele>
        <extensions>
          <distance>20056</distance>
        </extensions>
      </trkpt>
      <trkpt lat="57.155475" lon="24.84565">
        <ele>89</ele>
        <extensions>
          <distance>20073</distance>
        </extensions>
      </trkpt>
      <trkpt lat="57.15541" lon="24.84541">
        <ele>86</ele>
        <extensions>
          <distance>20089</distance>
        </extensions>
      </trkpt>
      <trkpt lat="57.15538" lon="24.845010000000002">
        <ele>83</ele>
        <extensions>
          <distance>20114</distance>
        </extensions>
      </trkpt>
      <trkpt lat="57.15535" lon="24.84461">
        <ele>81</ele>
        <extensions>
          <distance>20138</distance>
        </extensions>
      </trkpt>
      <trkpt lat="57.15526" lon="24.8443">
        <ele>79</ele>
        <extensions>
          <distance>20160</distance>
        </extensions>
      </trkpt>
      <trkpt lat="57.15514" lon="24.8442">
        <ele>76</ele>
        <extensions>
          <distance>20175</distance>
        </extensions>
      </trkpt>
      <trkpt lat="57.15507" lon="24.84409">
        <ele>75</ele>
        <extensions>
          <distance>20185</distance>
        </extensions>
      </trkpt>
      <trkpt lat="57.15499" lon="24.84371">
        <ele>75</ele>
        <extensions>
          <distance>20209</distance>
        </extensions>
      </trkpt>
      <trkpt lat="57.155" lon="24.84345">
        <ele>74</ele>
        <extensions>
          <distance>20225</distance>
        </extensions>
      </trkpt>
      <trkpt lat="57.15489" lon="24.84302">
        <ele>73</ele>
        <extensions>
          <distance>20254</distance>
        </extensions>
      </trkpt>
      <trkpt lat="57.15487" lon="24.84278">
        <ele>73</ele>
        <extensions>
          <distance>20269</distance>
        </extensions>
      </trkpt>
      <trkpt lat="57.15474" lon="24.84252">
        <ele>69</ele>
        <extensions>
          <distance>20290</distance>
        </extensions>
      </trkpt>
      <trkpt lat="57.15464" lon="24.84211">
        <ele>69</ele>
        <extensions>
          <distance>20318</distance>
        </extensions>
      </trkpt>
      <trkpt lat="57.15467" lon="24.84196">
        <ele>69</ele>
        <extensions>
          <distance>20327</distance>
        </extensions>
      </trkpt>
      <trkpt lat="57.15477" lon="24.84192">
        <ele>69</ele>
        <extensions>
          <distance>20339</distance>
        </extensions>
      </trkpt>
      <trkpt lat="57.15501" lon="24.842">
        <ele>76</ele>
        <extensions>
          <distance>20366</distance>
        </extensions>
      </trkpt>
      <trkpt lat="57.15508" lon="24.84205">
        <ele>77</ele>
        <extensions>
          <distance>20375</distance>
        </extensions>
      </trkpt>
      <trkpt lat="57.15518" lon="24.84223">
        <ele>80</ele>
        <extensions>
          <distance>20390</distance>
        </extensions>
      </trkpt>
      <trkpt lat="57.15527" lon="24.84222">
        <ele>82</ele>
        <extensions>
          <distance>20401</distance>
        </extensions>
      </trkpt>
      <trkpt lat="57.15531" lon="24.84226">
        <ele>82</ele>
        <extensions>
          <distance>20406</distance>
        </extensions>
      </trkpt>
      <trkpt lat="57.15536" lon="24.842515">
        <ele>84</ele>
        <extensions>
          <distance>20422</distance>
        </extensions>
      </trkpt>
      <trkpt lat="57.15541" lon="24.84277">
        <ele>85</ele>
        <extensions>
          <distance>20439</distance>
        </extensions>
      </trkpt>
      <trkpt lat="57.15551" lon="24.84291">
        <ele>87</ele>
        <extensions>
          <distance>20453</distance>
        </extensions>
      </trkpt>
      <trkpt lat="57.155635000000004" lon="24.843185">
        <ele>90</ele>
        <extensions>
          <distance>20475</distance>
        </extensions>
      </trkpt>
      <trkpt lat="57.15576" lon="24.84346">
        <ele>93</ele>
        <extensions>
          <distance>20497</distance>
        </extensions>
      </trkpt>
      <trkpt lat="57.1559" lon="24.84364">
        <ele>96</ele>
        <extensions>
          <distance>20516</distance>
        </extensions>
      </trkpt>
      <trkpt lat="57.156055" lon="24.843695">
        <ele>99</ele>
        <extensions>
          <distance>20534</distance>
        </extensions>
      </trkpt>
      <trkpt lat="57.15621" lon="24.84375">
        <ele>99</ele>
        <extensions>
          <distance>20551</distance>
        </extensions>
      </trkpt>
      <trkpt lat="57.15619" lon="24.844070000000002">
        <ele>100</ele>
        <extensions>
          <distance>20571</distance>
        </extensions>
      </trkpt>
      <trkpt lat="57.15617" lon="24.84439">
        <ele>100</ele>
        <extensions>
          <distance>20590</distance>
        </extensions>
      </trkpt>
      <trkpt lat="57.156355000000005" lon="24.844455000000004">
        <ele>100</ele>
        <extensions>
          <distance>20611</distance>
        </extensions>
      </trkpt>
      <trkpt lat="57.15654000000001" lon="24.844520000000003">
        <ele>101</ele>
        <extensions>
          <distance>20632</distance>
        </extensions>
      </trkpt>
      <trkpt lat="57.15672500000001" lon="24.844585000000002">
        <ele>102</ele>
        <extensions>
          <distance>20653</distance>
        </extensions>
      </trkpt>
      <trkpt lat="57.15691" lon="24.84465">
        <ele>102</ele>
        <extensions>
          <distance>20674</distance>
        </extensions>
      </trkpt>
      <trkpt lat="57.15689" lon="24.84494">
        <ele>102</ele>
        <extensions>
          <distance>20692</distance>
        </extensions>
      </trkpt>
      <trkpt lat="57.15699" lon="24.84497">
        <ele>102</ele>
        <extensions>
          <distance>20703</distance>
        </extensions>
      </trkpt>
      <trkpt lat="57.15705" lon="24.84486">
        <ele>102</ele>
        <extensions>
          <distance>20713</distance>
        </extensions>
      </trkpt>
      <trkpt lat="57.15722" lon="24.84477">
        <ele>102</ele>
        <extensions>
          <distance>20732</distance>
        </extensions>
      </trkpt>
      <trkpt lat="57.1574625" lon="24.844749999999998">
        <ele>102</ele>
        <extensions>
          <distance>20759</distance>
        </extensions>
      </trkpt>
      <trkpt lat="57.157705" lon="24.84473">
        <ele>102</ele>
        <extensions>
          <distance>20786</distance>
        </extensions>
      </trkpt>
      <trkpt lat="57.1579475" lon="24.84471">
        <ele>102</ele>
        <extensions>
          <distance>20813</distance>
        </extensions>
      </trkpt>
      <trkpt lat="57.15819" lon="24.84469">
        <ele>102</ele>
        <extensions>
          <distance>20840</distance>
        </extensions>
      </trkpt>
      <trkpt lat="57.15828" lon="24.84481">
        <ele>102</ele>
        <extensions>
          <distance>20853</distance>
        </extensions>
      </trkpt>
      <trkpt lat="57.158365" lon="24.845019999999998">
        <ele>102</ele>
        <extensions>
          <distance>20869</distance>
        </extensions>
      </trkpt>
      <trkpt lat="57.15845" lon="24.84523">
        <ele>102</ele>
        <extensions>
          <distance>20884</distance>
        </extensions>
      </trkpt>
      <trkpt lat="57.158590000000004" lon="24.8450675">
        <ele>101</ele>
        <extensions>
          <distance>20903</distance>
        </extensions>
      </trkpt>
      <trkpt lat="57.158730000000006" lon="24.844905">
        <ele>101</ele>
        <extensions>
          <distance>20921</distance>
        </extensions>
      </trkpt>
      <trkpt lat="57.15887000000001" lon="24.844742500000002">
        <ele>101</ele>
        <extensions>
          <distance>20940</distance>
        </extensions>
      </trkpt>
      <trkpt lat="57.15901" lon="24.84458">
        <ele>101</ele>
        <extensions>
          <distance>20958</distance>
        </extensions>
      </trkpt>
      <trkpt lat="57.159135000000006" lon="24.84441">
        <ele>101</ele>
        <extensions>
          <distance>20975</distance>
        </extensions>
      </trkpt>
      <trkpt lat="57.15926" lon="24.84424">
        <ele>100</ele>
        <extensions>
          <distance>20993</distance>
        </extensions>
      </trkpt>
      <trkpt lat="57.159365" lon="24.84396">
        <ele>100</ele>
        <extensions>
          <distance>21013</distance>
        </extensions>
      </trkpt>
      <trkpt lat="57.15947" lon="24.84368">
        <ele>97</ele>
        <extensions>
          <distance>21034</distance>
        </extensions>
      </trkpt>
      <trkpt lat="57.159530000000004" lon="24.84344">
        <ele>93</ele>
        <extensions>
          <distance>21051</distance>
        </extensions>
      </trkpt>
      <trkpt lat="57.15959" lon="24.8432">
        <ele>90</ele>
        <extensions>
          <distance>21067</distance>
        </extensions>
      </trkpt>
      <trkpt lat="57.15954000000001" lon="24.842865">
        <ele>84</ele>
        <extensions>
          <distance>21089</distance>
        </extensions>
      </trkpt>
      <trkpt lat="57.159490000000005" lon="24.84253">
        <ele>78</ele>
        <extensions>
          <distance>21111</distance>
        </extensions>
      </trkpt>
      <trkpt lat="57.159440000000004" lon="24.842195">
        <ele>72</ele>
        <extensions>
          <distance>21132</distance>
        </extensions>
      </trkpt>
      <trkpt lat="57.15939" lon="24.84186">
        <ele>66</ele>
        <extensions>
          <distance>21154</distance>
        </extensions>
      </trkpt>
      <trkpt lat="57.15934" lon="24.841525">
        <ele>57</ele>
        <extensions>
          <distance>21177</distance>
        </extensions>
      </trkpt>
      <trkpt lat="57.15929" lon="24.84119">
        <ele>50</ele>
        <extensions>
          <distance>21199</distance>
        </extensions>
      </trkpt>
      <trkpt lat="57.15924" lon="24.840855">
        <ele>44</ele>
        <extensions>
          <distance>21221</distance>
        </extensions>
      </trkpt>
      <trkpt lat="57.15919" lon="24.84052">
        <ele>39</ele>
        <extensions>
          <distance>21243</distance>
        </extensions>
      </trkpt>
      <trkpt lat="57.159040000000005" lon="24.840155000000003">
        <ele>31</ele>
        <extensions>
          <distance>21272</distance>
        </extensions>
      </trkpt>
      <trkpt lat="57.15889" lon="24.83979">
        <ele>22</ele>
        <extensions>
          <distance>21301</distance>
        </extensions>
      </trkpt>
      <trkpt lat="57.158845" lon="24.839527500000003">
        <ele>20</ele>
        <extensions>
          <distance>21318</distance>
        </extensions>
      </trkpt>
      <trkpt lat="57.1588" lon="24.839265">
        <ele>20</ele>
        <extensions>
          <distance>21334</distance>
        </extensions>
      </trkpt>
      <trkpt lat="57.158755" lon="24.8390025">
        <ele>20</ele>
        <extensions>
          <distance>21351</distance>
        </extensions>
      </trkpt>
      <trkpt lat="57.15871" lon="24.83874">
        <ele>20</ele>
        <extensions>
          <distance>21367</distance>
        </extensions>
      </trkpt>
      <trkpt lat="57.158829999999995" lon="24.838320000000003">
        <ele>22</ele>
        <extensions>
          <distance>21396</distance>
        </extensions>
      </trkpt>
      <trkpt lat="57.15895" lon="24.8379">
        <ele>22</ele>
        <extensions>
          <distance>21425</distance>
        </extensions>
      </trkpt>
      <trkpt lat="57.15920249999999" lon="24.83798625">
        <ele>22</ele>
        <extensions>
          <distance>21454</distance>
        </extensions>
      </trkpt>
      <trkpt lat="57.159454999999994" lon="24.838072500000003">
        <ele>22</ele>
        <extensions>
          <distance>21482</distance>
        </extensions>
      </trkpt>
      <trkpt lat="57.159707499999996" lon="24.83815875">
        <ele>22</ele>
        <extensions>
          <distance>21511</distance>
        </extensions>
      </trkpt>
      <trkpt lat="57.15996" lon="24.838245">
        <ele>22</ele>
        <extensions>
          <distance>21539</distance>
        </extensions>
      </trkpt>
      <trkpt lat="57.1602125" lon="24.83833125">
        <ele>22</ele>
        <extensions>
          <distance>21568</distance>
        </extensions>
      </trkpt>
      <trkpt lat="57.160465" lon="24.8384175">
        <ele>22</ele>
        <extensions>
          <distance>21597</distance>
        </extensions>
      </trkpt>
      <trkpt lat="57.160717500000004" lon="24.83850375">
        <ele>24</ele>
        <extensions>
          <distance>21625</distance>
        </extensions>
      </trkpt>
      <trkpt lat="57.16097" lon="24.83859">
        <ele>26</ele>
        <extensions>
          <distance>21654</distance>
        </extensions>
      </trkpt>
      <trkpt lat="57.16101" lon="24.8387">
        <ele>27</ele>
        <extensions>
          <distance>21662</distance>
        </extensions>
      </trkpt>
      <trkpt lat="57.16101" lon="24.838974999999998">
        <ele>30</ele>
        <extensions>
          <distance>21679</distance>
        </extensions>
      </trkpt>
      <trkpt lat="57.16101" lon="24.83925">
        <ele>34</ele>
        <extensions>
          <distance>21696</distance>
        </extensions>
      </trkpt>
      <trkpt lat="57.161064999999994" lon="24.83956">
        <ele>40</ele>
        <extensions>
          <distance>21717</distance>
        </extensions>
      </trkpt>
      <trkpt lat="57.16112" lon="24.83987">
        <ele>47</ele>
        <extensions>
          <distance>21737</distance>
        </extensions>
      </trkpt>
      <trkpt lat="57.16125" lon="24.84009">
        <ele>51</ele>
        <extensions>
          <distance>21758</distance>
        </extensions>
      </trkpt>
      <trkpt lat="57.16131" lon="24.84043">
        <ele>57</ele>
        <extensions>
          <distance>21780</distance>
        </extensions>
      </trkpt>
      <trkpt lat="57.16131" lon="24.84076">
        <ele>61</ele>
        <extensions>
          <distance>21800</distance>
        </extensions>
      </trkpt>
      <trkpt lat="57.161280000000005" lon="24.841025000000002">
        <ele>66</ele>
        <extensions>
          <distance>21817</distance>
        </extensions>
      </trkpt>
      <trkpt lat="57.16125" lon="24.84129">
        <ele>71</ele>
        <extensions>
          <distance>21835</distance>
        </extensions>
      </trkpt>
      <trkpt lat="57.16127" lon="24.841635">
        <ele>79</ele>
        <extensions>
          <distance>21857</distance>
        </extensions>
      </trkpt>
      <trkpt lat="57.16129" lon="24.84198">
        <ele>89</ele>
        <extensions>
          <distance>21880</distance>
        </extensions>
      </trkpt>
      <trkpt lat="57.16126" lon="24.842309999999998">
        <ele>95</ele>
        <extensions>
          <distance>21901</distance>
        </extensions>
      </trkpt>
      <trkpt lat="57.16123" lon="24.84264">
        <ele>99</ele>
        <extensions>
          <distance>21922</distance>
        </extensions>
      </trkpt>
      <trkpt lat="57.161410000000004" lon="24.84264">
        <ele>101</ele>
        <extensions>
          <distance>21942</distance>
        </extensions>
      </trkpt>
      <trkpt lat="57.16159" lon="24.84264">
        <ele>101</ele>
        <extensions>
          <distance>21962</distance>
        </extensions>
      </trkpt>
      <trkpt lat="57.1617" lon="24.84256">
        <ele>101</ele>
        <extensions>
          <distance>21975</distance>
        </extensions>
      </trkpt>
      <trkpt lat="57.16178" lon="24.84256">
        <ele>101</ele>
        <extensions>
          <distance>21984</distance>
        </extensions>
      </trkpt>
      <trkpt lat="57.16193" lon="24.84223">
        <ele>101</ele>
        <extensions>
          <distance>22010</distance>
        </extensions>
      </trkpt>
      <trkpt lat="57.1617" lon="24.84219">
        <ele>98</ele>
        <extensions>
          <distance>22036</distance>
        </extensions>
      </trkpt>
      <trkpt lat="57.16161" lon="24.84213">
        <ele>96</ele>
        <extensions>
          <distance>22047</distance>
        </extensions>
      </trkpt>
      <trkpt lat="57.16165" lon="24.84202">
        <ele>94</ele>
        <extensions>
          <distance>22055</distance>
        </extensions>
      </trkpt>
      <trkpt lat="57.161789999999996" lon="24.84187">
        <ele>93</ele>
        <extensions>
          <distance>22073</distance>
        </extensions>
      </trkpt>
      <trkpt lat="57.16193" lon="24.84172">
        <ele>92</ele>
        <extensions>
          <distance>22091</distance>
        </extensions>
      </trkpt>
      <trkpt lat="57.162105" lon="24.84159">
        <ele>90</ele>
        <extensions>
          <distance>22112</distance>
        </extensions>
      </trkpt>
      <trkpt lat="57.16228" lon="24.84146">
        <ele>87</ele>
        <extensions>
          <distance>22134</distance>
        </extensions>
      </trkpt>
      <trkpt lat="57.162415" lon="24.841450000000002">
        <ele>85</ele>
        <extensions>
          <distance>22149</distance>
        </extensions>
      </trkpt>
      <trkpt lat="57.16255" lon="24.84144">
        <ele>85</ele>
        <extensions>
          <distance>22164</distance>
        </extensions>
      </trkpt>
      <trkpt lat="57.16262" lon="24.84159">
        <ele>85</ele>
        <extensions>
          <distance>22176</distance>
        </extensions>
      </trkpt>
      <trkpt lat="57.16266" lon="24.84183">
        <ele>85</ele>
        <extensions>
          <distance>22191</distance>
        </extensions>
      </trkpt>
      <trkpt lat="57.162670000000006" lon="24.842195">
        <ele>85</ele>
        <extensions>
          <distance>22213</distance>
        </extensions>
      </trkpt>
      <trkpt lat="57.16268" lon="24.84256">
        <ele>85</ele>
        <extensions>
          <distance>22235</distance>
        </extensions>
      </trkpt>
      <trkpt lat="57.16275" lon="24.84262">
        <ele>85</ele>
        <extensions>
          <distance>22244</distance>
        </extensions>
      </trkpt>
      <trkpt lat="57.162965" lon="24.84245">
        <ele>84</ele>
        <extensions>
          <distance>22270</distance>
        </extensions>
      </trkpt>
      <trkpt lat="57.16318" lon="24.84228">
        <ele>75</ele>
        <extensions>
          <distance>22298</distance>
        </extensions>
      </trkpt>
      <trkpt lat="57.16337" lon="24.84236">
        <ele>72</ele>
        <extensions>
          <distance>22319</distance>
        </extensions>
      </trkpt>
      <trkpt lat="57.16346" lon="24.84232">
        <ele>69</ele>
        <extensions>
          <distance>22330</distance>
        </extensions>
      </trkpt>
      <trkpt lat="57.16352" lon="24.84191">
        <ele>63</ele>
        <extensions>
          <distance>22357</distance>
        </extensions>
      </trkpt>
      <trkpt lat="57.16365" lon="24.84153">
        <ele>54</ele>
        <extensions>
          <distance>22385</distance>
        </extensions>
      </trkpt>
      <trkpt lat="57.16365" lon="24.8414">
        <ele>51</ele>
        <extensions>
          <distance>22394</distance>
        </extensions>
      </trkpt>
      <trkpt lat="57.16358" lon="24.84125">
        <ele>50</ele>
        <extensions>
          <distance>22406</distance>
        </extensions>
      </trkpt>
      <trkpt lat="57.16354" lon="24.84093">
        <ele>47</ele>
        <extensions>
          <distance>22426</distance>
        </extensions>
      </trkpt>
      <trkpt lat="57.1635" lon="24.84086">
        <ele>44</ele>
        <extensions>
          <distance>22433</distance>
        </extensions>
      </trkpt>
      <trkpt lat="57.16335" lon="24.84084">
        <ele>44</ele>
        <extensions>
          <distance>22449</distance>
        </extensions>
      </trkpt>
      <trkpt lat="57.16333" lon="24.84071">
        <ele>43</ele>
        <extensions>
          <distance>22458</distance>
        </extensions>
      </trkpt>
      <trkpt lat="57.16343" lon="24.84054">
        <ele>38</ele>
        <extensions>
          <distance>22473</distance>
        </extensions>
      </trkpt>
      <trkpt lat="57.16358" lon="24.84056">
        <ele>35</ele>
        <extensions>
          <distance>22490</distance>
        </extensions>
      </trkpt>
      <trkpt lat="57.16382" lon="24.84071">
        <ele>34</ele>
        <extensions>
          <distance>22519</distance>
        </extensions>
      </trkpt>
      <trkpt lat="57.16391" lon="24.84071">
        <ele>33</ele>
        <extensions>
          <distance>22529</distance>
        </extensions>
      </trkpt>
      <trkpt lat="57.16395" lon="24.84063">
        <ele>32</ele>
        <extensions>
          <distance>22535</distance>
        </extensions>
      </trkpt>
      <trkpt lat="57.1640775" lon="24.8407675">
        <ele>32</ele>
        <extensions>
          <distance>22552</distance>
        </extensions>
      </trkpt>
      <trkpt lat="57.164204999999995" lon="24.840905">
        <ele>32</ele>
        <extensions>
          <distance>22568</distance>
        </extensions>
      </trkpt>
      <trkpt lat="57.1643325" lon="24.8410425">
        <ele>32</ele>
        <extensions>
          <distance>22585</distance>
        </extensions>
      </trkpt>
      <trkpt lat="57.16446" lon="24.84118">
        <ele>33</ele>
        <extensions>
          <distance>22601</distance>
        </extensions>
      </trkpt>
      <trkpt lat="57.164612500000004" lon="24.841320000000003">
        <ele>33</ele>
        <extensions>
          <distance>22620</distance>
        </extensions>
      </trkpt>
      <trkpt lat="57.164765" lon="24.84146">
        <ele>34</ele>
        <extensions>
          <distance>22639</distance>
        </extensions>
      </trkpt>
      <trkpt lat="57.1649175" lon="24.8416">
        <ele>35</ele>
        <extensions>
          <distance>22658</distance>
        </extensions>
      </trkpt>
      <trkpt lat="57.16507" lon="24.84174">
        <ele>35</ele>
        <extensions>
          <distance>22677</distance>
        </extensions>
      </trkpt>
      <trkpt lat="57.165165" lon="24.841935">
        <ele>35</ele>
        <extensions>
          <distance>22693</distance>
        </extensions>
      </trkpt>
      <trkpt lat="57.16526" lon="24.84213">
        <ele>35</ele>
        <extensions>
          <distance>22709</distance>
        </extensions>
      </trkpt>
      <trkpt lat="57.16547" lon="24.84243">
        <ele>33</ele>
        <extensions>
          <distance>22739</distance>
        </extensions>
      </trkpt>
      <trkpt lat="57.165634999999995" lon="24.842579999999998">
        <ele>31</ele>
        <extensions>
          <distance>22759</distance>
        </extensions>
      </trkpt>
      <trkpt lat="57.1658" lon="24.84273">
        <ele>30</ele>
        <extensions>
          <distance>22780</distance>
        </extensions>
      </trkpt>
      <trkpt lat="57.166" lon="24.84303">
        <ele>30</ele>
        <extensions>
          <distance>22808</distance>
        </extensions>
      </trkpt>
      <trkpt lat="57.1662" lon="24.84333">
        <ele>30</ele>
        <extensions>
          <distance>22837</distance>
        </extensions>
      </trkpt>
      <trkpt lat="57.16635" lon="24.84361">
        <ele>30</ele>
        <extensions>
          <distance>22861</distance>
        </extensions>
      </trkpt>
      <trkpt lat="57.166447500000004" lon="24.843975">
        <ele>32</ele>
        <extensions>
          <distance>22886</distance>
        </extensions>
      </trkpt>
      <trkpt lat="57.166545" lon="24.844340000000003">
        <ele>34</ele>
        <extensions>
          <distance>22910</distance>
        </extensions>
      </trkpt>
      <trkpt lat="57.166642499999995" lon="24.844705">
        <ele>36</ele>
        <extensions>
          <distance>22935</distance>
        </extensions>
      </trkpt>
      <trkpt lat="57.16674" lon="24.84507">
        <ele>39</ele>
        <extensions>
          <distance>22960</distance>
        </extensions>
      </trkpt>
      <trkpt lat="57.16661" lon="24.845485">
        <ele>46</ele>
        <extensions>
          <distance>22990</distance>
        </extensions>
      </trkpt>
      <trkpt lat="57.16648" lon="24.8459">
        <ele>54</ele>
        <extensions>
          <distance>23020</distance>
        </extensions>
      </trkpt>
      <trkpt lat="57.166619999999995" lon="24.846235">
        <ele>58</ele>
        <extensions>
          <distance>23045</distance>
        </extensions>
      </trkpt>
      <trkpt lat="57.16676" lon="24.84657">
        <ele>64</ele>
        <extensions>
          <distance>23072</distance>
        </extensions>
      </trkpt>
      <trkpt lat="57.16667" lon="24.84668">
        <ele>65</ele>
        <extensions>
          <distance>23084</distance>
        </extensions>
      </trkpt>
      <trkpt lat="57.166610000000006" lon="24.84703">
        <ele>69</ele>
        <extensions>
          <distance>23106</distance>
        </extensions>
      </trkpt>
      <trkpt lat="57.16655" lon="24.84738">
        <ele>73</ele>
        <extensions>
          <distance>23129</distance>
        </extensions>
      </trkpt>
      <trkpt lat="57.166515000000004" lon="24.84767">
        <ele>77</ele>
        <extensions>
          <distance>23147</distance>
        </extensions>
      </trkpt>
      <trkpt lat="57.16648" lon="24.84796">
        <ele>80</ele>
        <extensions>
          <distance>23166</distance>
        </extensions>
      </trkpt>
      <trkpt lat="57.1664" lon="24.84816">
        <ele>80</ele>
        <extensions>
          <distance>23181</distance>
        </extensions>
      </trkpt>
      <trkpt lat="57.166250000000005" lon="24.848309999999998">
        <ele>81</ele>
        <extensions>
          <distance>23200</distance>
        </extensions>
      </trkpt>
      <trkpt lat="57.1661" lon="24.84846">
        <ele>81</ele>
        <extensions>
          <distance>23219</distance>
        </extensions>
      </trkpt>
      <trkpt lat="57.165980000000005" lon="24.84864">
        <ele>82</ele>
        <extensions>
          <distance>23236</distance>
        </extensions>
      </trkpt>
      <trkpt lat="57.16586" lon="24.84882">
        <ele>82</ele>
        <extensions>
          <distance>23253</distance>
        </extensions>
      </trkpt>
      <trkpt lat="57.1658" lon="24.84917">
        <ele>87</ele>
        <extensions>
          <distance>23276</distance>
        </extensions>
      </trkpt>
      <trkpt lat="57.16584" lon="24.84949">
        <ele>90</ele>
        <extensions>
          <distance>23296</distance>
        </extensions>
      </trkpt>
      <trkpt lat="57.1659" lon="24.84962">
        <ele>91</ele>
        <extensions>
          <distance>23306</distance>
        </extensions>
      </trkpt>
      <trkpt lat="57.16603" lon="24.8497">
        <ele>91</ele>
        <extensions>
          <distance>23321</distance>
        </extensions>
      </trkpt>
      <trkpt lat="57.16618" lon="24.85007">
        <ele>91</ele>
        <extensions>
          <distance>23349</distance>
        </extensions>
      </trkpt>
      <trkpt lat="57.1662" lon="24.85035">
        <ele>91</ele>
        <extensions>
          <distance>23366</distance>
        </extensions>
      </trkpt>
      <trkpt lat="57.166340000000005" lon="24.850679999999997">
        <ele>90</ele>
        <extensions>
          <distance>23392</distance>
        </extensions>
      </trkpt>
      <trkpt lat="57.16648" lon="24.85101">
        <ele>90</ele>
        <extensions>
          <distance>23417</distance>
        </extensions>
      </trkpt>
      <trkpt lat="57.16665" lon="24.85118">
        <ele>88</ele>
        <extensions>
          <distance>23439</distance>
        </extensions>
      </trkpt>
      <trkpt lat="57.16674" lon="24.85118">
        <ele>87</ele>
        <extensions>
          <distance>23449</distance>
        </extensions>
      </trkpt>
      <trkpt lat="57.16695" lon="24.85099">
        <ele>87</ele>
        <extensions>
          <distance>23475</distance>
        </extensions>
      </trkpt>
      <trkpt lat="57.167024999999995" lon="24.850755">
        <ele>87</ele>
        <extensions>
          <distance>23491</distance>
        </extensions>
      </trkpt>
      <trkpt lat="57.1671" lon="24.85052">
        <ele>87</ele>
        <extensions>
          <distance>23508</distance>
        </extensions>
      </trkpt>
      <trkpt lat="57.167135" lon="24.85026">
        <ele>87</ele>
        <extensions>
          <distance>23524</distance>
        </extensions>
      </trkpt>
      <trkpt lat="57.16717" lon="24.85">
        <ele>88</ele>
        <extensions>
          <distance>23540</distance>
        </extensions>
      </trkpt>
      <trkpt lat="57.1673" lon="24.84962">
        <ele>89</ele>
        <extensions>
          <distance>23567</distance>
        </extensions>
      </trkpt>
      <trkpt lat="57.16732" lon="24.84923">
        <ele>89</ele>
        <extensions>
          <distance>23591</distance>
        </extensions>
      </trkpt>
      <trkpt lat="57.167297500000004" lon="24.8489775">
        <ele>89</ele>
        <extensions>
          <distance>23607</distance>
        </extensions>
      </trkpt>
      <trkpt lat="57.167275000000004" lon="24.848725">
        <ele>89</ele>
        <extensions>
          <distance>23622</distance>
        </extensions>
      </trkpt>
      <trkpt lat="57.167252500000004" lon="24.8484725">
        <ele>89</ele>
        <extensions>
          <distance>23638</distance>
        </extensions>
      </trkpt>
      <trkpt lat="57.16723" lon="24.84822">
        <ele>89</ele>
        <extensions>
          <distance>23653</distance>
        </extensions>
      </trkpt>
      <trkpt lat="57.16741" lon="24.84844">
        <ele>87</ele>
        <extensions>
          <distance>23677</distance>
        </extensions>
      </trkpt>
      <trkpt lat="57.167665" lon="24.848365">
        <ele>82</ele>
        <extensions>
          <distance>23706</distance>
        </extensions>
      </trkpt>
      <trkpt lat="57.16792" lon="24.84829">
        <ele>78</ele>
        <extensions>
          <distance>23735</distance>
        </extensions>
      </trkpt>
      <trkpt lat="57.16816" lon="24.84837">
        <ele>75</ele>
        <extensions>
          <distance>23763</distance>
        </extensions>
      </trkpt>
      <trkpt lat="57.16824" lon="24.84867">
        <ele>73</ele>
        <extensions>
          <distance>23783</distance>
        </extensions>
      </trkpt>
      <trkpt lat="57.16833" lon="24.84869">
        <ele>72</ele>
        <extensions>
          <distance>23793</distance>
        </extensions>
      </trkpt>
      <trkpt lat="57.16835" lon="24.84859">
        <ele>72</ele>
        <extensions>
          <distance>23800</distance>
        </extensions>
      </trkpt>
      <trkpt lat="57.16854" lon="24.84846">
        <ele>69</ele>
        <extensions>
          <distance>23822</distance>
        </extensions>
      </trkpt>
      <trkpt lat="57.16871" lon="24.84852">
        <ele>66</ele>
        <extensions>
          <distance>23842</distance>
        </extensions>
      </trkpt>
      <trkpt lat="57.16878" lon="24.84865">
        <ele>64</ele>
        <extensions>
          <distance>23853</distance>
        </extensions>
      </trkpt>
      <trkpt lat="57.168925" lon="24.848705">
        <ele>61</ele>
        <extensions>
          <distance>23870</distance>
        </extensions>
      </trkpt>
      <trkpt lat="57.16907" lon="24.84876">
        <ele>59</ele>
        <extensions>
          <distance>23886</distance>
        </extensions>
      </trkpt>
      <trkpt lat="57.169214999999994" lon="24.848815000000002">
        <ele>56</ele>
        <extensions>
          <distance>23903</distance>
        </extensions>
      </trkpt>
      <trkpt lat="57.16936" lon="24.84887">
        <ele>54</ele>
        <extensions>
          <distance>23920</distance>
        </extensions>
      </trkpt>
      <trkpt lat="57.169489999999996" lon="24.848655">
        <ele>53</ele>
        <extensions>
          <distance>23939</distance>
        </extensions>
      </trkpt>
      <trkpt lat="57.16962" lon="24.84844">
        <ele>49</ele>
        <extensions>
          <distance>23959</distance>
        </extensions>
      </trkpt>
      <trkpt lat="57.16972" lon="24.84837">
        <ele>46</ele>
        <extensions>
          <distance>23971</distance>
        </extensions>
      </trkpt>
      <trkpt lat="57.16979" lon="24.84846">
        <ele>45</ele>
        <extensions>
          <distance>23981</distance>
        </extensions>
      </trkpt>
      <trkpt lat="57.16987" lon="24.84841">
        <ele>42</ele>
        <extensions>
          <distance>23991</distance>
        </extensions>
      </trkpt>
      <trkpt lat="57.16998" lon="24.84827">
        <ele>40</ele>
        <extensions>
          <distance>24006</distance>
        </extensions>
      </trkpt>
      <trkpt lat="57.17017" lon="24.84846">
        <ele>40</ele>
        <extensions>
          <distance>24030</distance>
        </extensions>
      </trkpt>
      <trkpt lat="57.17013" lon="24.84865">
        <ele>40</ele>
        <extensions>
          <distance>24042</distance>
        </extensions>
      </trkpt>
      <trkpt lat="57.16996" lon="24.84895">
        <ele>40</ele>
        <extensions>
          <distance>24068</distance>
        </extensions>
      </trkpt>
      <trkpt lat="57.16989" lon="24.84923">
        <ele>42</ele>
        <extensions>
          <distance>24087</distance>
        </extensions>
      </trkpt>
      <trkpt lat="57.16985" lon="24.84962">
        <ele>42</ele>
        <extensions>
          <distance>24111</distance>
        </extensions>
      </trkpt>
      <trkpt lat="57.16992" lon="24.8499">
        <ele>42</ele>
        <extensions>
          <distance>24130</distance>
        </extensions>
      </trkpt>
      <trkpt lat="57.17004" lon="24.85">
        <ele>42</ele>
        <extensions>
          <distance>24144</distance>
        </extensions>
      </trkpt>
      <trkpt lat="57.17028" lon="24.85005">
        <ele>42</ele>
        <extensions>
          <distance>24171</distance>
        </extensions>
      </trkpt>
      <trkpt lat="57.1704" lon="24.849865">
        <ele>41</ele>
        <extensions>
          <distance>24189</distance>
        </extensions>
      </trkpt>
      <trkpt lat="57.17052" lon="24.84968">
        <ele>39</ele>
        <extensions>
          <distance>24206</distance>
        </extensions>
      </trkpt>
      <trkpt lat="57.17065" lon="24.84964">
        <ele>38</ele>
        <extensions>
          <distance>24221</distance>
        </extensions>
      </trkpt>
      <trkpt lat="57.17073" lon="24.8497">
        <ele>38</ele>
        <extensions>
          <distance>24231</distance>
        </extensions>
      </trkpt>
      <trkpt lat="57.17082" lon="24.84983">
        <ele>38</ele>
        <extensions>
          <distance>24243</distance>
        </extensions>
      </trkpt>
      <trkpt lat="57.1709575" lon="24.850185000000003">
        <ele>38</ele>
        <extensions>
          <distance>24270</distance>
        </extensions>
      </trkpt>
      <trkpt lat="57.171095" lon="24.850540000000002">
        <ele>39</ele>
        <extensions>
          <distance>24296</distance>
        </extensions>
      </trkpt>
      <trkpt lat="57.1712325" lon="24.850895">
        <ele>39</ele>
        <extensions>
          <distance>24323</distance>
        </extensions>
      </trkpt>
      <trkpt lat="57.17137" lon="24.85125">
        <ele>40</ele>
        <extensions>
          <distance>24349</distance>
        </extensions>
      </trkpt>
      <trkpt lat="57.1714" lon="24.85148">
        <ele>41</ele>
        <extensions>
          <distance>24363</distance>
        </extensions>
      </trkpt>
      <trkpt lat="57.17137" lon="24.85174">
        <ele>44</ele>
        <extensions>
          <distance>24380</distance>
        </extensions>
      </trkpt>
      <trkpt lat="57.17133" lon="24.85196">
        <ele>46</ele>
        <extensions>
          <distance>24394</distance>
        </extensions>
      </trkpt>
      <trkpt lat="57.1712" lon="24.85226">
        <ele>52</ele>
        <extensions>
          <distance>24418</distance>
        </extensions>
      </trkpt>
      <trkpt lat="57.17118" lon="24.85258">
        <ele>52</ele>
        <extensions>
          <distance>24437</distance>
        </extensions>
      </trkpt>
      <trkpt lat="57.17127" lon="24.85283">
        <ele>52</ele>
        <extensions>
          <distance>24455</distance>
        </extensions>
      </trkpt>
      <trkpt lat="57.17133" lon="24.85286">
        <ele>55</ele>
        <extensions>
          <distance>24462</distance>
        </extensions>
      </trkpt>
      <trkpt lat="57.17137" lon="24.85299">
        <ele>56</ele>
        <extensions>
          <distance>24472</distance>
        </extensions>
      </trkpt>
      <trkpt lat="57.17127" lon="24.85329">
        <ele>57</ele>
        <extensions>
          <distance>24493</distance>
        </extensions>
      </trkpt>
      <trkpt lat="57.17131" lon="24.853685">
        <ele>57</ele>
        <extensions>
          <distance>24517</distance>
        </extensions>
      </trkpt>
      <trkpt lat="57.17135" lon="24.85408">
        <ele>57</ele>
        <extensions>
          <distance>24541</distance>
        </extensions>
      </trkpt>
      <trkpt lat="57.17142" lon="24.85423">
        <ele>57</ele>
        <extensions>
          <distance>24553</distance>
        </extensions>
      </trkpt>
      <trkpt lat="57.17148" lon="24.85429">
        <ele>57</ele>
        <extensions>
          <distance>24561</distance>
        </extensions>
      </trkpt>
      <trkpt lat="57.17159" lon="24.85427">
        <ele>54</ele>
        <extensions>
          <distance>24573</distance>
        </extensions>
      </trkpt>
      <trkpt lat="57.17165" lon="24.85408">
        <ele>50</ele>
        <extensions>
          <distance>24587</distance>
        </extensions>
      </trkpt>
      <trkpt lat="57.17178" lon="24.85389">
        <ele>50</ele>
        <extensions>
          <distance>24606</distance>
        </extensions>
      </trkpt>
      <trkpt lat="57.17187" lon="24.85389">
        <ele>50</ele>
        <extensions>
          <distance>24616</distance>
        </extensions>
      </trkpt>
      <trkpt lat="57.17206" lon="24.85423">
        <ele>49</ele>
        <extensions>
          <distance>24645</distance>
        </extensions>
      </trkpt>
      <trkpt lat="57.17221" lon="24.85436">
        <ele>47</ele>
        <extensions>
          <distance>24664</distance>
        </extensions>
      </trkpt>
      <trkpt lat="57.17236" lon="24.85449">
        <ele>47</ele>
        <extensions>
          <distance>24682</distance>
        </extensions>
      </trkpt>
      <trkpt lat="57.17243" lon="24.8544">
        <ele>47</ele>
        <extensions>
          <distance>24692</distance>
        </extensions>
      </trkpt>
      <trkpt lat="57.17247" lon="24.85417">
        <ele>42</ele>
        <extensions>
          <distance>24707</distance>
        </extensions>
      </trkpt>
      <trkpt lat="57.17258" lon="24.85404">
        <ele>37</ele>
        <extensions>
          <distance>24722</distance>
        </extensions>
      </trkpt>
      <trkpt lat="57.17268" lon="24.85408">
        <ele>37</ele>
        <extensions>
          <distance>24734</distance>
        </extensions>
      </trkpt>
      <trkpt lat="57.17279" lon="24.85425">
        <ele>36</ele>
        <extensions>
          <distance>24750</distance>
        </extensions>
      </trkpt>
      <trkpt lat="57.17285" lon="24.85457">
        <ele>36</ele>
        <extensions>
          <distance>24770</distance>
        </extensions>
      </trkpt>
      <trkpt lat="57.1729425" lon="24.854765">
        <ele>36</ele>
        <extensions>
          <distance>24786</distance>
        </extensions>
      </trkpt>
      <trkpt lat="57.173035" lon="24.85496">
        <ele>36</ele>
        <extensions>
          <distance>24801</distance>
        </extensions>
      </trkpt>
      <trkpt lat="57.1731275" lon="24.855155">
        <ele>36</ele>
        <extensions>
          <distance>24817</distance>
        </extensions>
      </trkpt>
      <trkpt lat="57.17322" lon="24.85535">
        <ele>36</ele>
        <extensions>
          <distance>24833</distance>
        </extensions>
      </trkpt>
      <trkpt lat="57.17343" lon="24.85562">
        <ele>33</ele>
        <extensions>
          <distance>24861</distance>
        </extensions>
      </trkpt>
      <trkpt lat="57.17359" lon="24.85567">
        <ele>30</ele>
        <extensions>
          <distance>24880</distance>
        </extensions>
      </trkpt>
      <trkpt lat="57.17378" lon="24.85565">
        <ele>28</ele>
        <extensions>
          <distance>24901</distance>
        </extensions>
      </trkpt>
      <trkpt lat="57.1739075" lon="24.8559175">
        <ele>28</ele>
        <extensions>
          <distance>24922</distance>
        </extensions>
      </trkpt>
      <trkpt lat="57.174035" lon="24.856185">
        <ele>27</ele>
        <extensions>
          <distance>24944</distance>
        </extensions>
      </trkpt>
      <trkpt lat="57.1741625" lon="24.8564525">
        <ele>27</ele>
        <extensions>
          <distance>24965</distance>
        </extensions>
      </trkpt>
      <trkpt lat="57.17429" lon="24.85672">
        <ele>27</ele>
        <extensions>
          <distance>24987</distance>
        </extensions>
      </trkpt>
      <trkpt lat="57.174409999999995" lon="24.85687">
        <ele>27</ele>
        <extensions>
          <distance>25003</distance>
        </extensions>
      </trkpt>
      <trkpt lat="57.17453" lon="24.85702">
        <ele>27</ele>
        <extensions>
          <distance>25019</distance>
        </extensions>
      </trkpt>
      <trkpt lat="57.1747" lon="24.85719">
        <ele>27</ele>
        <extensions>
          <distance>25041</distance>
        </extensions>
      </trkpt>
      <trkpt lat="57.17487" lon="24.85736">
        <ele>27</ele>
        <extensions>
          <distance>25062</distance>
        </extensions>
      </trkpt>
      <trkpt lat="57.175129999999996" lon="24.857435000000002">
        <ele>27</ele>
        <extensions>
          <distance>25092</distance>
        </extensions>
      </trkpt>
      <trkpt lat="57.17539" lon="24.85751">
        <ele>27</ele>
        <extensions>
          <distance>25121</distance>
        </extensions>
      </trkpt>
      <trkpt lat="57.175529999999995" lon="24.85779">
        <ele>26</ele>
        <extensions>
          <distance>25144</distance>
        </extensions>
      </trkpt>
      <trkpt lat="57.17567" lon="24.85807">
        <ele>26</ele>
        <extensions>
          <distance>25167</distance>
        </extensions>
      </trkpt>
      <trkpt lat="57.1757075" lon="24.85837">
        <ele>26</ele>
        <extensions>
          <distance>25186</distance>
        </extensions>
      </trkpt>
      <trkpt lat="57.175745" lon="24.85867">
        <ele>26</ele>
        <extensions>
          <distance>25204</distance>
        </extensions>
      </trkpt>
      <trkpt lat="57.1757825" lon="24.85897">
        <ele>25</ele>
        <extensions>
          <distance>25223</distance>
        </extensions>
      </trkpt>
      <trkpt lat="57.17582" lon="24.85927">
        <ele>23</ele>
        <extensions>
          <distance>25242</distance>
        </extensions>
      </trkpt>
      <trkpt lat="57.17601" lon="24.85947">
        <ele>22</ele>
        <extensions>
          <distance>25266</distance>
        </extensions>
      </trkpt>
      <trkpt lat="57.17618" lon="24.859575">
        <ele>22</ele>
        <extensions>
          <distance>25286</distance>
        </extensions>
      </trkpt>
      <trkpt lat="57.17635" lon="24.85968">
        <ele>22</ele>
        <extensions>
          <distance>25306</distance>
        </extensions>
      </trkpt>
      <trkpt lat="57.17644" lon="24.85966">
        <ele>22</ele>
        <extensions>
          <distance>25316</distance>
        </extensions>
      </trkpt>
      <trkpt lat="57.1766" lon="24.859765000000003">
        <ele>22</ele>
        <extensions>
          <distance>25335</distance>
        </extensions>
      </trkpt>
      <trkpt lat="57.17676" lon="24.85987">
        <ele>22</ele>
        <extensions>
          <distance>25354</distance>
        </extensions>
      </trkpt>
      <trkpt lat="57.17689" lon="24.86008">
        <ele>23</ele>
        <extensions>
          <distance>25373</distance>
        </extensions>
      </trkpt>
      <trkpt lat="57.17702" lon="24.86029">
        <ele>23</ele>
        <extensions>
          <distance>25392</distance>
        </extensions>
      </trkpt>
      <trkpt lat="57.17715" lon="24.860500000000002">
        <ele>23</ele>
        <extensions>
          <distance>25412</distance>
        </extensions>
      </trkpt>
      <trkpt lat="57.17728" lon="24.86071">
        <ele>23</ele>
        <extensions>
          <distance>25431</distance>
        </extensions>
      </trkpt>
      <trkpt lat="57.17732" lon="24.861">
        <ele>23</ele>
        <extensions>
          <distance>25449</distance>
        </extensions>
      </trkpt>
      <trkpt lat="57.17736" lon="24.86129">
        <ele>22</ele>
        <extensions>
          <distance>25467</distance>
        </extensions>
      </trkpt>
      <trkpt lat="57.177499999999995" lon="24.861635">
        <ele>22</ele>
        <extensions>
          <distance>25493</distance>
        </extensions>
      </trkpt>
      <trkpt lat="57.17764" lon="24.86198">
        <ele>22</ele>
        <extensions>
          <distance>25519</distance>
        </extensions>
      </trkpt>
      <trkpt lat="57.17762" lon="24.86223">
        <ele>22</ele>
        <extensions>
          <distance>25534</distance>
        </extensions>
      </trkpt>
      <trkpt lat="57.17747" lon="24.862605000000002">
        <ele>23</ele>
        <extensions>
          <distance>25563</distance>
        </extensions>
      </trkpt>
      <trkpt lat="57.17732" lon="24.86298">
        <ele>23</ele>
        <extensions>
          <distance>25591</distance>
        </extensions>
      </trkpt>
      <trkpt lat="57.177245" lon="24.86323">
        <ele>24</ele>
        <extensions>
          <distance>25608</distance>
        </extensions>
      </trkpt>
      <trkpt lat="57.17717" lon="24.86348">
        <ele>26</ele>
        <extensions>
          <distance>25626</distance>
        </extensions>
      </trkpt>
      <trkpt lat="57.177189999999996" lon="24.86381">
        <ele>27</ele>
        <extensions>
          <distance>25646</distance>
        </extensions>
      </trkpt>
      <trkpt lat="57.17721" lon="24.86414">
        <ele>28</ele>
        <extensions>
          <distance>25666</distance>
        </extensions>
      </trkpt>
      <trkpt lat="57.17725" lon="24.86423">
        <ele>28</ele>
        <extensions>
          <distance>25673</distance>
        </extensions>
      </trkpt>
      <trkpt lat="57.177155" lon="24.864449999999998">
        <ele>29</ele>
        <extensions>
          <distance>25690</distance>
        </extensions>
      </trkpt>
      <trkpt lat="57.17706" lon="24.86467">
        <ele>30</ele>
        <extensions>
          <distance>25707</distance>
        </extensions>
      </trkpt>
      <trkpt lat="57.176964999999996" lon="24.864890000000003">
        <ele>30</ele>
        <extensions>
          <distance>25724</distance>
        </extensions>
      </trkpt>
      <trkpt lat="57.17687" lon="24.86511">
        <ele>31</ele>
        <extensions>
          <distance>25741</distance>
        </extensions>
      </trkpt>
      <trkpt lat="57.17667" lon="24.86539">
        <ele>32</ele>
        <extensions>
          <distance>25769</distance>
        </extensions>
      </trkpt>
      <trkpt lat="57.176565" lon="24.86573">
        <ele>33</ele>
        <extensions>
          <distance>25792</distance>
        </extensions>
      </trkpt>
      <trkpt lat="57.17646" lon="24.86607">
        <ele>35</ele>
        <extensions>
          <distance>25816</distance>
        </extensions>
      </trkpt>
      <trkpt lat="57.176368749999995" lon="24.866277500000002">
        <ele>36</ele>
        <extensions>
          <distance>25832</distance>
        </extensions>
      </trkpt>
      <trkpt lat="57.1762775" lon="24.866485">
        <ele>36</ele>
        <extensions>
          <distance>25849</distance>
        </extensions>
      </trkpt>
      <trkpt lat="57.17618625" lon="24.8666925">
        <ele>37</ele>
        <extensions>
          <distance>25865</distance>
        </extensions>
      </trkpt>
      <trkpt lat="57.176095000000004" lon="24.8669">
        <ele>38</ele>
        <extensions>
          <distance>25881</distance>
        </extensions>
      </trkpt>
      <trkpt lat="57.17600375000001" lon="24.867107500000003">
        <ele>39</ele>
        <extensions>
          <distance>25897</distance>
        </extensions>
      </trkpt>
      <trkpt lat="57.1759125" lon="24.867315">
        <ele>40</ele>
        <extensions>
          <distance>25913</distance>
        </extensions>
      </trkpt>
      <trkpt lat="57.17582125" lon="24.8675225">
        <ele>40</ele>
        <extensions>
          <distance>25929</distance>
        </extensions>
      </trkpt>
      <trkpt lat="57.17573" lon="24.86773">
        <ele>41</ele>
        <extensions>
          <distance>25946</distance>
        </extensions>
      </trkpt>
      <trkpt lat="57.175534999999996" lon="24.86792">
        <ele>42</ele>
        <extensions>
          <distance>25970</distance>
        </extensions>
      </trkpt>
      <trkpt lat="57.17534" lon="24.86811">
        <ele>42</ele>
        <extensions>
          <distance>25995</distance>
        </extensions>
      </trkpt>
      <trkpt lat="57.1752275" lon="24.8682775">
        <ele>43</ele>
        <extensions>
          <distance>26011</distance>
        </extensions>
      </trkpt>
      <trkpt lat="57.175115" lon="24.868445">
        <ele>44</ele>
        <extensions>
          <distance>26027</distance>
        </extensions>
      </trkpt>
      <trkpt lat="57.1750025" lon="24.8686125">
        <ele>45</ele>
        <extensions>
          <distance>26043</distance>
        </extensions>
      </trkpt>
      <trkpt lat="57.17489" lon="24.86878">
        <ele>46</ele>
        <extensions>
          <distance>26059</distance>
        </extensions>
      </trkpt>
      <trkpt lat="57.174675" lon="24.86897">
        <ele>46</ele>
        <extensions>
          <distance>26086</distance>
        </extensions>
      </trkpt>
      <trkpt lat="57.17446" lon="24.86916">
        <ele>46</ele>
        <extensions>
          <distance>26112</distance>
        </extensions>
      </trkpt>
      <trkpt lat="57.17421" lon="24.86923">
        <ele>46</ele>
        <extensions>
          <distance>26141</distance>
        </extensions>
      </trkpt>
      <trkpt lat="57.17411" lon="24.869465">
        <ele>46</ele>
        <extensions>
          <distance>26159</distance>
        </extensions>
      </trkpt>
      <trkpt lat="57.17401" lon="24.8697">
        <ele>46</ele>
        <extensions>
          <distance>26177</distance>
        </extensions>
      </trkpt>
      <trkpt lat="57.17386" lon="24.86979">
        <ele>47</ele>
        <extensions>
          <distance>26194</distance>
        </extensions>
      </trkpt>
      <trkpt lat="57.17367" lon="24.869715">
        <ele>48</ele>
        <extensions>
          <distance>26216</distance>
        </extensions>
      </trkpt>
      <trkpt lat="57.17348" lon="24.86964">
        <ele>51</ele>
        <extensions>
          <distance>26238</distance>
        </extensions>
      </trkpt>
      <trkpt lat="57.17328" lon="24.86936">
        <ele>56</ele>
        <extensions>
          <distance>26266</distance>
        </extensions>
      </trkpt>
      <trkpt lat="57.173145" lon="24.86925">
        <ele>59</ele>
        <extensions>
          <distance>26283</distance>
        </extensions>
      </trkpt>
      <trkpt lat="57.17301" lon="24.86914">
        <ele>61</ele>
        <extensions>
          <distance>26299</distance>
        </extensions>
      </trkpt>
      <trkpt lat="57.17286" lon="24.868925">
        <ele>63</ele>
        <extensions>
          <distance>26321</distance>
        </extensions>
      </trkpt>
      <trkpt lat="57.17271" lon="24.86871">
        <ele>65</ele>
        <extensions>
          <distance>26342</distance>
        </extensions>
      </trkpt>
      <trkpt lat="57.17262" lon="24.86848">
        <ele>67</ele>
        <extensions>
          <distance>26359</distance>
        </extensions>
      </trkpt>
      <trkpt lat="57.17249" lon="24.86829">
        <ele>67</ele>
        <extensions>
          <distance>26378</distance>
        </extensions>
      </trkpt>
      <trkpt lat="57.17236" lon="24.86835">
        <ele>67</ele>
        <extensions>
          <distance>26393</distance>
        </extensions>
      </trkpt>
      <trkpt lat="57.17213" lon="24.86813">
        <ele>68</ele>
        <extensions>
          <distance>26422</distance>
        </extensions>
      </trkpt>
      <trkpt lat="57.17206" lon="24.86811">
        <ele>69</ele>
        <extensions>
          <distance>26429</distance>
        </extensions>
      </trkpt>
      <trkpt lat="57.17193" lon="24.868275">
        <ele>70</ele>
        <extensions>
          <distance>26447</distance>
        </extensions>
      </trkpt>
      <trkpt lat="57.1718" lon="24.86844">
        <ele>74</ele>
        <extensions>
          <distance>26465</distance>
        </extensions>
      </trkpt>
      <trkpt lat="57.17172" lon="24.86882">
        <ele>78</ele>
        <extensions>
          <distance>26490</distance>
        </extensions>
      </trkpt>
      <trkpt lat="57.17158" lon="24.869045">
        <ele>83</ele>
        <extensions>
          <distance>26511</distance>
        </extensions>
      </trkpt>
      <trkpt lat="57.17144" lon="24.86927">
        <ele>83</ele>
        <extensions>
          <distance>26532</distance>
        </extensions>
      </trkpt>
      <trkpt lat="57.1715" lon="24.8694">
        <ele>85</ele>
        <extensions>
          <distance>26542</distance>
        </extensions>
      </trkpt>
      <trkpt lat="57.17165" lon="24.86947">
        <ele>87</ele>
        <extensions>
          <distance>26560</distance>
        </extensions>
      </trkpt>
      <trkpt lat="57.17189" lon="24.86932">
        <ele>87</ele>
        <extensions>
          <distance>26588</distance>
        </extensions>
      </trkpt>
      <trkpt lat="57.17193" lon="24.86942">
        <ele>88</ele>
        <extensions>
          <distance>26596</distance>
        </extensions>
      </trkpt>
      <trkpt lat="57.17189" lon="24.86959">
        <ele>88</ele>
        <extensions>
          <distance>26607</distance>
        </extensions>
      </trkpt>
      <trkpt lat="57.17174" lon="24.869785">
        <ele>91</ele>
        <extensions>
          <distance>26627</distance>
        </extensions>
      </trkpt>
      <trkpt lat="57.17159" lon="24.86998">
        <ele>91</ele>
        <extensions>
          <distance>26648</distance>
        </extensions>
      </trkpt>
      <trkpt lat="57.17137" lon="24.87007">
        <ele>92</ele>
        <extensions>
          <distance>26673</distance>
        </extensions>
      </trkpt>
      <trkpt lat="57.17129" lon="24.87007">
        <ele>92</ele>
        <extensions>
          <distance>26682</distance>
        </extensions>
      </trkpt>
      <trkpt lat="57.17116" lon="24.87024">
        <ele>93</ele>
        <extensions>
          <distance>26700</distance>
        </extensions>
      </trkpt>
      <trkpt lat="57.171040000000005" lon="24.87055">
        <ele>94</ele>
        <extensions>
          <distance>26723</distance>
        </extensions>
      </trkpt>
      <trkpt lat="57.17092" lon="24.87086">
        <ele>95</ele>
        <extensions>
          <distance>26746</distance>
        </extensions>
      </trkpt>
      <trkpt lat="57.170910000000006" lon="24.87133">
        <ele>97</ele>
        <extensions>
          <distance>26774</distance>
        </extensions>
      </trkpt>
      <trkpt lat="57.1709" lon="24.8718">
        <ele>100</ele>
        <extensions>
          <distance>26803</distance>
        </extensions>
      </trkpt>
      <trkpt lat="57.17105" lon="24.871975">
        <ele>100</ele>
        <extensions>
          <distance>26823</distance>
        </extensions>
      </trkpt>
      <trkpt lat="57.1712" lon="24.87215">
        <ele>101</ele>
        <extensions>
          <distance>26842</distance>
        </extensions>
      </trkpt>
      <trkpt lat="57.17133" lon="24.87247">
        <ele>101</ele>
        <extensions>
          <distance>26867</distance>
        </extensions>
      </trkpt>
      <trkpt lat="57.17129" lon="24.872864999999997">
        <ele>101</ele>
        <extensions>
          <distance>26891</distance>
        </extensions>
      </trkpt>
      <trkpt lat="57.17125" lon="24.87326">
        <ele>101</ele>
        <extensions>
          <distance>26915</distance>
        </extensions>
      </trkpt>
      <trkpt lat="57.171260000000004" lon="24.873624999999997">
        <ele>102</ele>
        <extensions>
          <distance>26937</distance>
        </extensions>
      </trkpt>
      <trkpt lat="57.17127" lon="24.87399">
        <ele>104</ele>
        <extensions>
          <distance>26960</distance>
        </extensions>
      </trkpt>
      <trkpt lat="57.171205" lon="24.87436">
        <ele>107</ele>
        <extensions>
          <distance>26983</distance>
        </extensions>
      </trkpt>
      <trkpt lat="57.17114" lon="24.87473">
        <ele>107</ele>
        <extensions>
          <distance>27007</distance>
        </extensions>
      </trkpt>
      <trkpt lat="57.171075" lon="24.8751">
        <ele>107</ele>
        <extensions>
          <distance>27030</distance>
        </extensions>
      </trkpt>
      <trkpt lat="57.17101" lon="24.87547">
        <ele>107</ele>
        <extensions>
          <distance>27054</distance>
        </extensions>
      </trkpt>
      <trkpt lat="57.17112" lon="24.8759">
        <ele>103</ele>
        <extensions>
          <distance>27083</distance>
        </extensions>
      </trkpt>
      <trkpt lat="57.1713225" lon="24.875912500000002">
        <ele>96</ele>
        <extensions>
          <distance>27106</distance>
        </extensions>
      </trkpt>
      <trkpt lat="57.171525" lon="24.875925000000002">
        <ele>88</ele>
        <extensions>
          <distance>27130</distance>
        </extensions>
      </trkpt>
      <trkpt lat="57.1717275" lon="24.8759375">
        <ele>80</ele>
        <extensions>
          <distance>27154</distance>
        </extensions>
      </trkpt>
      <trkpt lat="57.17193" lon="24.87595">
        <ele>71</ele>
        <extensions>
          <distance>27178</distance>
        </extensions>
      </trkpt>
      <trkpt lat="57.17199" lon="24.8757125">
        <ele>71</ele>
        <extensions>
          <distance>27194</distance>
        </extensions>
      </trkpt>
      <trkpt lat="57.17205" lon="24.875475">
        <ele>70</ele>
        <extensions>
          <distance>27210</distance>
        </extensions>
      </trkpt>
      <trkpt lat="57.17211" lon="24.8752375">
        <ele>70</ele>
        <extensions>
          <distance>27226</distance>
        </extensions>
      </trkpt>
      <trkpt lat="57.17217" lon="24.875">
        <ele>69</ele>
        <extensions>
          <distance>27242</distance>
        </extensions>
      </trkpt>
      <trkpt lat="57.17215" lon="24.87466">
        <ele>69</ele>
        <extensions>
          <distance>27263</distance>
        </extensions>
      </trkpt>
      <trkpt lat="57.17225" lon="24.87423">
        <ele>64</ele>
        <extensions>
          <distance>27291</distance>
        </extensions>
      </trkpt>
      <trkpt lat="57.17249" lon="24.87436">
        <ele>59</ele>
        <extensions>
          <distance>27319</distance>
        </extensions>
      </trkpt>
      <trkpt lat="57.17275" lon="24.87431">
        <ele>59</ele>
        <extensions>
          <distance>27348</distance>
        </extensions>
      </trkpt>
      <trkpt lat="57.1729" lon="24.874065">
        <ele>59</ele>
        <extensions>
          <distance>27371</distance>
        </extensions>
      </trkpt>
      <trkpt lat="57.17305" lon="24.87382">
        <ele>59</ele>
        <extensions>
          <distance>27393</distance>
        </extensions>
      </trkpt>
      <trkpt lat="57.1732" lon="24.87386">
        <ele>63</ele>
        <extensions>
          <distance>27410</distance>
        </extensions>
      </trkpt>
      <trkpt lat="57.173275000000004" lon="24.8740975">
        <ele>67</ele>
        <extensions>
          <distance>27427</distance>
        </extensions>
      </trkpt>
      <trkpt lat="57.17335" lon="24.874335000000002">
        <ele>72</ele>
        <extensions>
          <distance>27445</distance>
        </extensions>
      </trkpt>
      <trkpt lat="57.173424999999995" lon="24.8745725">
        <ele>77</ele>
        <extensions>
          <distance>27462</distance>
        </extensions>
      </trkpt>
      <trkpt lat="57.1735" lon="24.87481">
        <ele>79</ele>
        <extensions>
          <distance>27479</distance>
        </extensions>
      </trkpt>
      <trkpt lat="57.173455" lon="24.875120000000003">
        <ele>80</ele>
        <extensions>
          <distance>27498</distance>
        </extensions>
      </trkpt>
      <trkpt lat="57.17341" lon="24.87543">
        <ele>82</ele>
        <extensions>
          <distance>27518</distance>
        </extensions>
      </trkpt>
      <trkpt lat="57.17364499999999" lon="24.875325">
        <ele>88</ele>
        <extensions>
          <distance>27545</distance>
        </extensions>
      </trkpt>
      <trkpt lat="57.17388" lon="24.87522">
        <ele>96</ele>
        <extensions>
          <distance>27573</distance>
        </extensions>
      </trkpt>
      <trkpt lat="57.173944999999996" lon="24.874805">
        <ele>96</ele>
        <extensions>
          <distance>27599</distance>
        </extensions>
      </trkpt>
      <trkpt lat="57.174009999999996" lon="24.87439">
        <ele>98</ele>
        <extensions>
          <distance>27626</distance>
        </extensions>
      </trkpt>
      <trkpt lat="57.174075" lon="24.873975">
        <ele>98</ele>
        <extensions>
          <distance>27652</distance>
        </extensions>
      </trkpt>
      <trkpt lat="57.17414" lon="24.87356">
        <ele>98</ele>
        <extensions>
          <distance>27678</distance>
        </extensions>
      </trkpt>
      <trkpt lat="57.17434" lon="24.87363">
        <ele>99</ele>
        <extensions>
          <distance>27701</distance>
        </extensions>
      </trkpt>
      <trkpt lat="57.17452" lon="24.87393">
        <ele>103</ele>
        <extensions>
          <distance>27728</distance>
        </extensions>
      </trkpt>
      <trkpt lat="57.1747" lon="24.87423">
        <ele>105</ele>
        <extensions>
          <distance>27755</distance>
        </extensions>
      </trkpt>
      <trkpt lat="57.17494" lon="24.87419">
        <ele>105</ele>
        <extensions>
          <distance>27782</distance>
        </extensions>
      </trkpt>
      <trkpt lat="57.175095" lon="24.8742425">
        <ele>105</ele>
        <extensions>
          <distance>27799</distance>
        </extensions>
      </trkpt>
      <trkpt lat="57.17525" lon="24.874295">
        <ele>105</ele>
        <extensions>
          <distance>27817</distance>
        </extensions>
      </trkpt>
      <trkpt lat="57.175405" lon="24.8743475">
        <ele>105</ele>
        <extensions>
          <distance>27834</distance>
        </extensions>
      </trkpt>
      <trkpt lat="57.17556" lon="24.8744">
        <ele>105</ele>
        <extensions>
          <distance>27852</distance>
        </extensions>
      </trkpt>
      <trkpt lat="57.175505" lon="24.874165">
        <ele>105</ele>
        <extensions>
          <distance>27867</distance>
        </extensions>
      </trkpt>
      <trkpt lat="57.17545" lon="24.87393">
        <ele>104</ele>
        <extensions>
          <distance>27883</distance>
        </extensions>
      </trkpt>
      <trkpt lat="57.17546" lon="24.873575000000002">
        <ele>103</ele>
        <extensions>
          <distance>27904</distance>
        </extensions>
      </trkpt>
      <trkpt lat="57.175470000000004" lon="24.87322">
        <ele>102</ele>
        <extensions>
          <distance>27926</distance>
        </extensions>
      </trkpt>
      <trkpt lat="57.17548000000001" lon="24.872864999999997">
        <ele>100</ele>
        <extensions>
          <distance>27948</distance>
        </extensions>
      </trkpt>
      <trkpt lat="57.17549" lon="24.87251">
        <ele>99</ele>
        <extensions>
          <distance>27969</distance>
        </extensions>
      </trkpt>
      <trkpt lat="57.1754425" lon="24.8721675">
        <ele>98</ele>
        <extensions>
          <distance>27991</distance>
        </extensions>
      </trkpt>
      <trkpt lat="57.175395" lon="24.871825">
        <ele>97</ele>
        <extensions>
          <distance>28012</distance>
        </extensions>
      </trkpt>
      <trkpt lat="57.1753475" lon="24.8714825">
        <ele>96</ele>
        <extensions>
          <distance>28033</distance>
        </extensions>
      </trkpt>
      <trkpt lat="57.1753" lon="24.87114">
        <ele>96</ele>
        <extensions>
          <distance>28055</distance>
        </extensions>
      </trkpt>
      <trkpt lat="57.175395" lon="24.870755000000003">
        <ele>96</ele>
        <extensions>
          <distance>28080</distance>
        </extensions>
      </trkpt>
      <trkpt lat="57.17549" lon="24.87037">
        <ele>96</ele>
        <extensions>
          <distance>28106</distance>
        </extensions>
      </trkpt>
      <trkpt lat="57.175675" lon="24.870305000000002">
        <ele>99</ele>
        <extensions>
          <distance>28127</distance>
        </extensions>
      </trkpt>
      <trkpt lat="57.17586" lon="24.87024">
        <ele>101</ele>
        <extensions>
          <distance>28148</distance>
        </extensions>
      </trkpt>
      <trkpt lat="57.175934999999996" lon="24.870635">
        <ele>103</ele>
        <extensions>
          <distance>28173</distance>
        </extensions>
      </trkpt>
      <trkpt lat="57.17601" lon="24.87103">
        <ele>103</ele>
        <extensions>
          <distance>28199</distance>
        </extensions>
      </trkpt>
      <trkpt lat="57.17618" lon="24.8711">
        <ele>103</ele>
        <extensions>
          <distance>28218</distance>
        </extensions>
      </trkpt>
      <trkpt lat="57.1762" lon="24.870735">
        <ele>103</ele>
        <extensions>
          <distance>28240</distance>
        </extensions>
      </trkpt>
      <trkpt lat="57.17622" lon="24.87037">
        <ele>99</ele>
        <extensions>
          <distance>28263</distance>
        </extensions>
      </trkpt>
      <trkpt lat="57.17629" lon="24.870150000000002">
        <ele>95</ele>
        <extensions>
          <distance>28278</distance>
        </extensions>
      </trkpt>
      <trkpt lat="57.17636" lon="24.86993">
        <ele>91</ele>
        <extensions>
          <distance>28294</distance>
        </extensions>
      </trkpt>
      <trkpt lat="57.176429999999996" lon="24.869709999999998">
        <ele>85</ele>
        <extensions>
          <distance>28311</distance>
        </extensions>
      </trkpt>
      <trkpt lat="57.1765" lon="24.86949">
        <ele>78</ele>
        <extensions>
          <distance>28328</distance>
        </extensions>
      </trkpt>
      <trkpt lat="57.17649" lon="24.869172499999998">
        <ele>70</ele>
        <extensions>
          <distance>28349</distance>
        </extensions>
      </trkpt>
      <trkpt lat="57.17648" lon="24.868855">
        <ele>64</ele>
        <extensions>
          <distance>28369</distance>
        </extensions>
      </trkpt>
      <trkpt lat="57.176469999999995" lon="24.868537500000002">
        <ele>58</ele>
        <extensions>
          <distance>28389</distance>
        </extensions>
      </trkpt>
      <trkpt lat="57.17646" lon="24.86822">
        <ele>54</ele>
        <extensions>
          <distance>28409</distance>
        </extensions>
      </trkpt>
      <trkpt lat="57.17665" lon="24.8679">
        <ele>50</ele>
        <extensions>
          <distance>28438</distance>
        </extensions>
      </trkpt>
      <trkpt lat="57.1768" lon="24.86778">
        <ele>48</ele>
        <extensions>
          <distance>28456</distance>
        </extensions>
      </trkpt>
      <trkpt lat="57.17695" lon="24.86766">
        <ele>45</ele>
        <extensions>
          <distance>28474</distance>
        </extensions>
      </trkpt>
      <trkpt lat="57.177184999999994" lon="24.867535">
        <ele>40</ele>
        <extensions>
          <distance>28502</distance>
        </extensions>
      </trkpt>
      <trkpt lat="57.17742" lon="24.86741">
        <ele>36</ele>
        <extensions>
          <distance>28530</distance>
        </extensions>
      </trkpt>
      <trkpt lat="57.1775125" lon="24.86722">
        <ele>34</ele>
        <extensions>
          <distance>28545</distance>
        </extensions>
      </trkpt>
      <trkpt lat="57.177605" lon="24.86703">
        <ele>32</ele>
        <extensions>
          <distance>28561</distance>
        </extensions>
      </trkpt>
      <trkpt lat="57.1776975" lon="24.86684">
        <ele>31</ele>
        <extensions>
          <distance>28576</distance>
        </extensions>
      </trkpt>
      <trkpt lat="57.17779" lon="24.86665">
        <ele>30</ele>
        <extensions>
          <distance>28592</distance>
        </extensions>
      </trkpt>
      <trkpt lat="57.177865" lon="24.86635">
        <ele>30</ele>
        <extensions>
          <distance>28612</distance>
        </extensions>
      </trkpt>
      <trkpt lat="57.17794" lon="24.86605">
        <ele>30</ele>
        <extensions>
          <distance>28632</distance>
        </extensions>
      </trkpt>
      <trkpt lat="57.178135" lon="24.86591">
        <ele>28</ele>
        <extensions>
          <distance>28655</distance>
        </extensions>
      </trkpt>
      <trkpt lat="57.17833" lon="24.86577">
        <ele>24</ele>
        <extensions>
          <distance>28679</distance>
        </extensions>
      </trkpt>
      <trkpt lat="57.178436250000004" lon="24.8659775">
        <ele>23</ele>
        <extensions>
          <distance>28696</distance>
        </extensions>
      </trkpt>
      <trkpt lat="57.178542500000006" lon="24.866185">
        <ele>23</ele>
        <extensions>
          <distance>28713</distance>
        </extensions>
      </trkpt>
      <trkpt lat="57.17864875000001" lon="24.8663925">
        <ele>23</ele>
        <extensions>
          <distance>28730</distance>
        </extensions>
      </trkpt>
      <trkpt lat="57.178755" lon="24.8666">
        <ele>23</ele>
        <extensions>
          <distance>28748</distance>
        </extensions>
      </trkpt>
      <trkpt lat="57.17886125" lon="24.8668075">
        <ele>23</ele>
        <extensions>
          <distance>28765</distance>
        </extensions>
      </trkpt>
      <trkpt lat="57.1789675" lon="24.867015">
        <ele>23</ele>
        <extensions>
          <distance>28782</distance>
        </extensions>
      </trkpt>
      <trkpt lat="57.17907375" lon="24.867222499999997">
        <ele>22</ele>
        <extensions>
          <distance>28799</distance>
        </extensions>
      </trkpt>
      <trkpt lat="57.17918" lon="24.86743">
        <ele>22</ele>
        <extensions>
          <distance>28817</distance>
        </extensions>
      </trkpt>
      <trkpt lat="57.17934" lon="24.8676">
        <ele>22</ele>
        <extensions>
          <distance>28837</distance>
        </extensions>
      </trkpt>
      <trkpt lat="57.17946" lon="24.86766">
        <ele>22</ele>
        <extensions>
          <distance>28851</distance>
        </extensions>
      </trkpt>
      <trkpt lat="57.179585" lon="24.86802">
        <ele>23</ele>
        <extensions>
          <distance>28877</distance>
        </extensions>
      </trkpt>
      <trkpt lat="57.17971" lon="24.868380000000002">
        <ele>23</ele>
        <extensions>
          <distance>28903</distance>
        </extensions>
      </trkpt>
      <trkpt lat="57.179835" lon="24.868740000000003">
        <ele>23</ele>
        <extensions>
          <distance>28929</distance>
        </extensions>
      </trkpt>
      <trkpt lat="57.17996" lon="24.8691">
        <ele>23</ele>
        <extensions>
          <distance>28954</distance>
        </extensions>
      </trkpt>
      <trkpt lat="57.18002" lon="24.86953">
        <ele>23</ele>
        <extensions>
          <distance>28981</distance>
        </extensions>
      </trkpt>
      <trkpt lat="57.180054999999996" lon="24.869970000000002">
        <ele>23</ele>
        <extensions>
          <distance>29008</distance>
        </extensions>
      </trkpt>
      <trkpt lat="57.18009" lon="24.87041">
        <ele>23</ele>
        <extensions>
          <distance>29035</distance>
        </extensions>
      </trkpt>
      <trkpt lat="57.180185" lon="24.87068">
        <ele>25</ele>
        <extensions>
          <distance>29055</distance>
        </extensions>
      </trkpt>
      <trkpt lat="57.18028" lon="24.87095">
        <ele>28</ele>
        <extensions>
          <distance>29074</distance>
        </extensions>
      </trkpt>
      <trkpt lat="57.180392499999996" lon="24.8711">
        <ele>29</ele>
        <extensions>
          <distance>29090</distance>
        </extensions>
      </trkpt>
      <trkpt lat="57.180505" lon="24.87125">
        <ele>30</ele>
        <extensions>
          <distance>29105</distance>
        </extensions>
      </trkpt>
      <trkpt lat="57.1806175" lon="24.8714">
        <ele>30</ele>
        <extensions>
          <distance>29121</distance>
        </extensions>
      </trkpt>
      <trkpt lat="57.18073" lon="24.87155">
        <ele>30</ele>
        <extensions>
          <distance>29136</distance>
        </extensions>
      </trkpt>
      <trkpt lat="57.1809775" lon="24.8716825">
        <ele>30</ele>
        <extensions>
          <distance>29165</distance>
        </extensions>
      </trkpt>
      <trkpt lat="57.181225" lon="24.871814999999998">
        <ele>29</ele>
        <extensions>
          <distance>29194</distance>
        </extensions>
      </trkpt>
      <trkpt lat="57.1814725" lon="24.871947499999997">
        <ele>27</ele>
        <extensions>
          <distance>29222</distance>
        </extensions>
      </trkpt>
      <trkpt lat="57.18172" lon="24.87208">
        <ele>25</ele>
        <extensions>
          <distance>29251</distance>
        </extensions>
      </trkpt>
      <trkpt lat="57.18189" lon="24.87223">
        <ele>24</ele>
        <extensions>
          <distance>29272</distance>
        </extensions>
      </trkpt>
      <trkpt lat="57.181965000000005" lon="24.872445">
        <ele>23</ele>
        <extensions>
          <distance>29288</distance>
        </extensions>
      </trkpt>
      <trkpt lat="57.18204" lon="24.872659999999996">
        <ele>23</ele>
        <extensions>
          <distance>29303</distance>
        </extensions>
      </trkpt>
      <trkpt lat="57.182115" lon="24.872874999999997">
        <ele>23</ele>
        <extensions>
          <distance>29319</distance>
        </extensions>
      </trkpt>
      <trkpt lat="57.182190000000006" lon="24.873089999999998">
        <ele>23</ele>
        <extensions>
          <distance>29334</distance>
        </extensions>
      </trkpt>
      <trkpt lat="57.182265" lon="24.873305">
        <ele>22</ele>
        <extensions>
          <distance>29349</distance>
        </extensions>
      </trkpt>
      <trkpt lat="57.18234" lon="24.87352">
        <ele>22</ele>
        <extensions>
          <distance>29365</distance>
        </extensions>
      </trkpt>
      <trkpt lat="57.182415000000006" lon="24.873735">
        <ele>22</ele>
        <extensions>
          <distance>29380</distance>
        </extensions>
      </trkpt>
      <trkpt lat="57.18249" lon="24.87395">
        <ele>22</ele>
        <extensions>
          <distance>29396</distance>
        </extensions>
      </trkpt>
      <trkpt lat="57.18257" lon="24.87425">
        <ele>22</ele>
        <extensions>
          <distance>29416</distance>
        </extensions>
      </trkpt>
      <trkpt lat="57.18265" lon="24.87455">
        <ele>22</ele>
        <extensions>
          <distance>29436</distance>
        </extensions>
      </trkpt>
      <trkpt lat="57.18273000000001" lon="24.874850000000002">
        <ele>22</ele>
        <extensions>
          <distance>29456</distance>
        </extensions>
      </trkpt>
      <trkpt lat="57.18281" lon="24.87515">
        <ele>22</ele>
        <extensions>
          <distance>29477</distance>
        </extensions>
      </trkpt>
      <trkpt lat="57.182880000000004" lon="24.8754725">
        <ele>22</ele>
        <extensions>
          <distance>29498</distance>
        </extensions>
      </trkpt>
      <trkpt lat="57.182950000000005" lon="24.875795">
        <ele>22</ele>
        <extensions>
          <distance>29519</distance>
        </extensions>
      </trkpt>
      <trkpt lat="57.18302" lon="24.8761175">
        <ele>24</ele>
        <extensions>
          <distance>29540</distance>
        </extensions>
      </trkpt>
      <trkpt lat="57.18309" lon="24.87644">
        <ele>25</ele>
        <extensions>
          <distance>29561</distance>
        </extensions>
      </trkpt>
      <trkpt lat="57.18309" lon="24.87665">
        <ele>27</ele>
        <extensions>
          <distance>29574</distance>
        </extensions>
      </trkpt>
      <trkpt lat="57.183015" lon="24.876892500000004">
        <ele>27</ele>
        <extensions>
          <distance>29590</distance>
        </extensions>
      </trkpt>
      <trkpt lat="57.18294" lon="24.877135000000003">
        <ele>27</ele>
        <extensions>
          <distance>29607</distance>
        </extensions>
      </trkpt>
      <trkpt lat="57.182865" lon="24.8773775">
        <ele>27</ele>
        <extensions>
          <distance>29624</distance>
        </extensions>
      </trkpt>
      <trkpt lat="57.18279" lon="24.87762">
        <ele>26</ele>
        <extensions>
          <distance>29641</distance>
        </extensions>
      </trkpt>
      <trkpt lat="57.18268" lon="24.8778">
        <ele>24</ele>
        <extensions>
          <distance>29658</distance>
        </extensions>
      </trkpt>
      <trkpt lat="57.18257" lon="24.87798">
        <ele>22</ele>
        <extensions>
          <distance>29674</distance>
        </extensions>
      </trkpt>
      <trkpt lat="57.182485" lon="24.878315">
        <ele>22</ele>
        <extensions>
          <distance>29696</distance>
        </extensions>
      </trkpt>
      <trkpt lat="57.1824" lon="24.87865">
        <ele>22</ele>
        <extensions>
          <distance>29719</distance>
        </extensions>
      </trkpt>
      <trkpt lat="57.1823" lon="24.87893">
        <ele>22</ele>
        <extensions>
          <distance>29739</distance>
        </extensions>
      </trkpt>
      <trkpt lat="57.18224" lon="24.87937">
        <ele>23</ele>
        <extensions>
          <distance>29767</distance>
        </extensions>
      </trkpt>
      <trkpt lat="57.18218" lon="24.87981">
        <ele>26</ele>
        <extensions>
          <distance>29794</distance>
        </extensions>
      </trkpt>
      <trkpt lat="57.18212" lon="24.88025">
        <ele>28</ele>
        <extensions>
          <distance>29822</distance>
        </extensions>
      </trkpt>
      <trkpt lat="57.18206" lon="24.88069">
        <ele>31</ele>
        <extensions>
          <distance>29849</distance>
        </extensions>
      </trkpt>
      <trkpt lat="57.1821025" lon="24.8810375">
        <ele>31</ele>
        <extensions>
          <distance>29871</distance>
        </extensions>
      </trkpt>
      <trkpt lat="57.182145" lon="24.881385">
        <ele>31</ele>
        <extensions>
          <distance>29892</distance>
        </extensions>
      </trkpt>
      <trkpt lat="57.1821875" lon="24.8817325">
        <ele>31</ele>
        <extensions>
          <distance>29914</distance>
        </extensions>
      </trkpt>
      <trkpt lat="57.18223" lon="24.88208">
        <ele>32</ele>
        <extensions>
          <distance>29935</distance>
        </extensions>
      </trkpt>
      <trkpt lat="57.182355" lon="24.8822575">
        <ele>33</ele>
        <extensions>
          <distance>29953</distance>
        </extensions>
      </trkpt>
      <trkpt lat="57.18248" lon="24.882435">
        <ele>34</ele>
        <extensions>
          <distance>29971</distance>
        </extensions>
      </trkpt>
      <trkpt lat="57.182604999999995" lon="24.8826125">
        <ele>35</ele>
        <extensions>
          <distance>29988</distance>
        </extensions>
      </trkpt>
      <trkpt lat="57.18273" lon="24.88279">
        <ele>35</ele>
        <extensions>
          <distance>30006</distance>
        </extensions>
      </trkpt>
      <trkpt lat="57.1828675" lon="24.88272">
        <ele>35</ele>
        <extensions>
          <distance>30022</distance>
        </extensions>
      </trkpt>
      <trkpt lat="57.183005" lon="24.882649999999998">
        <ele>35</ele>
        <extensions>
          <distance>30038</distance>
        </extensions>
      </trkpt>
      <trkpt lat="57.1831425" lon="24.882579999999997">
        <ele>34</ele>
        <extensions>
          <distance>30053</distance>
        </extensions>
      </trkpt>
      <trkpt lat="57.18328" lon="24.88251">
        <ele>32</ele>
        <extensions>
          <distance>30069</distance>
        </extensions>
      </trkpt>
      <trkpt lat="57.18354" lon="24.8826">
        <ele>29</ele>
        <extensions>
          <distance>30099</distance>
        </extensions>
      </trkpt>
      <trkpt lat="57.18374875000001" lon="24.88270125">
        <ele>26</ele>
        <extensions>
          <distance>30123</distance>
        </extensions>
      </trkpt>
      <trkpt lat="57.183957500000005" lon="24.8828025">
        <ele>25</ele>
        <extensions>
          <distance>30147</distance>
        </extensions>
      </trkpt>
      <trkpt lat="57.184166250000004" lon="24.88290375">
        <ele>25</ele>
        <extensions>
          <distance>30171</distance>
        </extensions>
      </trkpt>
      <trkpt lat="57.184375" lon="24.883005">
        <ele>25</ele>
        <extensions>
          <distance>30195</distance>
        </extensions>
      </trkpt>
      <trkpt lat="57.18458375" lon="24.88310625">
        <ele>25</ele>
        <extensions>
          <distance>30219</distance>
        </extensions>
      </trkpt>
      <trkpt lat="57.1847925" lon="24.8832075">
        <ele>25</ele>
        <extensions>
          <distance>30244</distance>
        </extensions>
      </trkpt>
      <trkpt lat="57.18500125" lon="24.88330875">
        <ele>25</ele>
        <extensions>
          <distance>30268</distance>
        </extensions>
      </trkpt>
      <trkpt lat="57.18521" lon="24.88341">
        <ele>25</ele>
        <extensions>
          <distance>30292</distance>
        </extensions>
      </trkpt>
      <trkpt lat="57.1853175" lon="24.8836425">
        <ele>26</ele>
        <extensions>
          <distance>30310</distance>
        </extensions>
      </trkpt>
      <trkpt lat="57.185424999999995" lon="24.883875000000003">
        <ele>26</ele>
        <extensions>
          <distance>30329</distance>
        </extensions>
      </trkpt>
      <trkpt lat="57.185532499999994" lon="24.884107500000002">
        <ele>26</ele>
        <extensions>
          <distance>30347</distance>
        </extensions>
      </trkpt>
      <trkpt lat="57.18564" lon="24.88434">
        <ele>26</ele>
        <extensions>
          <distance>30365</distance>
        </extensions>
      </trkpt>
      <trkpt lat="57.185784999999996" lon="24.8845525">
        <ele>26</ele>
        <extensions>
          <distance>30386</distance>
        </extensions>
      </trkpt>
      <trkpt lat="57.18593" lon="24.884765">
        <ele>26</ele>
        <extensions>
          <distance>30407</distance>
        </extensions>
      </trkpt>
      <trkpt lat="57.186075" lon="24.8849775">
        <ele>26</ele>
        <extensions>
          <distance>30427</distance>
        </extensions>
      </trkpt>
      <trkpt lat="57.18622" lon="24.88519">
        <ele>26</ele>
        <extensions>
          <distance>30448</distance>
        </extensions>
      </trkpt>
      <trkpt lat="57.186295" lon="24.88545">
        <ele>25</ele>
        <extensions>
          <distance>30466</distance>
        </extensions>
      </trkpt>
      <trkpt lat="57.18637" lon="24.88571">
        <ele>24</ele>
        <extensions>
          <distance>30484</distance>
        </extensions>
      </trkpt>
      <trkpt lat="57.18649" lon="24.88586">
        <ele>24</ele>
        <extensions>
          <distance>30500</distance>
        </extensions>
      </trkpt>
      <trkpt lat="57.18661" lon="24.88601">
        <ele>24</ele>
        <extensions>
          <distance>30516</distance>
        </extensions>
      </trkpt>
      <trkpt lat="57.18661" lon="24.886445">
        <ele>24</ele>
        <extensions>
          <distance>30542</distance>
        </extensions>
      </trkpt>
      <trkpt lat="57.18661" lon="24.886879999999998">
        <ele>24</ele>
        <extensions>
          <distance>30569</distance>
        </extensions>
      </trkpt>
      <trkpt lat="57.18661" lon="24.887315">
        <ele>24</ele>
        <extensions>
          <distance>30595</distance>
        </extensions>
      </trkpt>
      <trkpt lat="57.18661" lon="24.88775">
        <ele>24</ele>
        <extensions>
          <distance>30621</distance>
        </extensions>
      </trkpt>
      <trkpt lat="57.186675" lon="24.8881525">
        <ele>24</ele>
        <extensions>
          <distance>30647</distance>
        </extensions>
      </trkpt>
      <trkpt lat="57.18674" lon="24.888555">
        <ele>24</ele>
        <extensions>
          <distance>30672</distance>
        </extensions>
      </trkpt>
      <trkpt lat="57.186805" lon="24.8889575">
        <ele>24</ele>
        <extensions>
          <distance>30697</distance>
        </extensions>
      </trkpt>
      <trkpt lat="57.18687" lon="24.88936">
        <ele>24</ele>
        <extensions>
          <distance>30723</distance>
        </extensions>
      </trkpt>
      <trkpt lat="57.1869925" lon="24.8897025">
        <ele>24</ele>
        <extensions>
          <distance>30748</distance>
        </extensions>
      </trkpt>
      <trkpt lat="57.187115" lon="24.890045">
        <ele>24</ele>
        <extensions>
          <distance>30772</distance>
        </extensions>
      </trkpt>
      <trkpt lat="57.187237499999995" lon="24.890387500000003">
        <ele>23</ele>
        <extensions>
          <distance>30797</distance>
        </extensions>
      </trkpt>
      <trkpt lat="57.18736" lon="24.89073">
        <ele>23</ele>
        <extensions>
          <distance>30822</distance>
        </extensions>
      </trkpt>
      <trkpt lat="57.187563749999995" lon="24.8910225">
        <ele>22</ele>
        <extensions>
          <distance>30851</distance>
        </extensions>
      </trkpt>
      <trkpt lat="57.1877675" lon="24.891315">
        <ele>22</ele>
        <extensions>
          <distance>30879</distance>
        </extensions>
      </trkpt>
      <trkpt lat="57.187971250000004" lon="24.8916075">
        <ele>22</ele>
        <extensions>
          <distance>30908</distance>
        </extensions>
      </trkpt>
      <trkpt lat="57.188175" lon="24.8919">
        <ele>23</ele>
        <extensions>
          <distance>30937</distance>
        </extensions>
      </trkpt>
      <trkpt lat="57.18837875" lon="24.8921925">
        <ele>23</ele>
        <extensions>
          <distance>30966</distance>
        </extensions>
      </trkpt>
      <trkpt lat="57.188582499999995" lon="24.892485">
        <ele>24</ele>
        <extensions>
          <distance>30995</distance>
        </extensions>
      </trkpt>
      <trkpt lat="57.18878624999999" lon="24.8927775">
        <ele>24</ele>
        <extensions>
          <distance>31023</distance>
        </extensions>
      </trkpt>
      <trkpt lat="57.18899" lon="24.89307">
        <ele>24</ele>
        <extensions>
          <distance>31052</distance>
        </extensions>
      </trkpt>
      <trkpt lat="57.1890925" lon="24.893250000000002">
        <ele>25</ele>
        <extensions>
          <distance>31068</distance>
        </extensions>
      </trkpt>
      <trkpt lat="57.189195" lon="24.893430000000002">
        <ele>25</ele>
        <extensions>
          <distance>31084</distance>
        </extensions>
      </trkpt>
      <trkpt lat="57.189297499999995" lon="24.893610000000002">
        <ele>25</ele>
        <extensions>
          <distance>31099</distance>
        </extensions>
      </trkpt>
      <trkpt lat="57.1894" lon="24.893790000000003">
        <ele>25</ele>
        <extensions>
          <distance>31115</distance>
        </extensions>
      </trkpt>
      <trkpt lat="57.1895025" lon="24.893970000000003">
        <ele>25</ele>
        <extensions>
          <distance>31131</distance>
        </extensions>
      </trkpt>
      <trkpt lat="57.189605" lon="24.894150000000003">
        <ele>24</ele>
        <extensions>
          <distance>31147</distance>
        </extensions>
      </trkpt>
      <trkpt lat="57.1897075" lon="24.894330000000004">
        <ele>24</ele>
        <extensions>
          <distance>31163</distance>
        </extensions>
      </trkpt>
      <trkpt lat="57.18981" lon="24.89451">
        <ele>24</ele>
        <extensions>
          <distance>31178</distance>
        </extensions>
      </trkpt>
      <trkpt lat="57.189949999999996" lon="24.894585">
        <ele>24</ele>
        <extensions>
          <distance>31195</distance>
        </extensions>
      </trkpt>
      <trkpt lat="57.19009" lon="24.89466">
        <ele>24</ele>
        <extensions>
          <distance>31211</distance>
        </extensions>
      </trkpt>
      <trkpt lat="57.190325" lon="24.8947">
        <ele>24</ele>
        <extensions>
          <distance>31237</distance>
        </extensions>
      </trkpt>
      <trkpt lat="57.19056" lon="24.89474">
        <ele>24</ele>
        <extensions>
          <distance>31263</distance>
        </extensions>
      </trkpt>
      <trkpt lat="57.19072" lon="24.8949875">
        <ele>24</ele>
        <extensions>
          <distance>31287</distance>
        </extensions>
      </trkpt>
      <trkpt lat="57.19088" lon="24.895235">
        <ele>24</ele>
        <extensions>
          <distance>31310</distance>
        </extensions>
      </trkpt>
      <trkpt lat="57.19104" lon="24.8954825">
        <ele>24</ele>
        <extensions>
          <distance>31333</distance>
        </extensions>
      </trkpt>
      <trkpt lat="57.1912" lon="24.89573">
        <ele>24</ele>
        <extensions>
          <distance>31356</distance>
        </extensions>
      </trkpt>
      <trkpt lat="57.1912" lon="24.89605">
        <ele>26</ele>
        <extensions>
          <distance>31376</distance>
        </extensions>
      </trkpt>
      <trkpt lat="57.19103" lon="24.896425">
        <ele>27</ele>
        <extensions>
          <distance>31405</distance>
        </extensions>
      </trkpt>
      <trkpt lat="57.19086" lon="24.8968">
        <ele>28</ele>
        <extensions>
          <distance>31435</distance>
        </extensions>
      </trkpt>
      <trkpt lat="57.190664999999996" lon="24.897125">
        <ele>29</ele>
        <extensions>
          <distance>31464</distance>
        </extensions>
      </trkpt>
      <trkpt lat="57.19047" lon="24.89745">
        <ele>30</ele>
        <extensions>
          <distance>31493</distance>
        </extensions>
      </trkpt>
      <trkpt lat="57.19056" lon="24.8977">
        <ele>30</ele>
        <extensions>
          <distance>31512</distance>
        </extensions>
      </trkpt>
      <trkpt lat="57.190825000000004" lon="24.897624999999998">
        <ele>30</ele>
        <extensions>
          <distance>31541</distance>
        </extensions>
      </trkpt>
      <trkpt lat="57.19109" lon="24.89755">
        <ele>29</ele>
        <extensions>
          <distance>31571</distance>
        </extensions>
      </trkpt>
      <trkpt lat="57.19121" lon="24.897345">
        <ele>29</ele>
        <extensions>
          <distance>31590</distance>
        </extensions>
      </trkpt>
      <trkpt lat="57.19133" lon="24.89714">
        <ele>28</ele>
        <extensions>
          <distance>31608</distance>
        </extensions>
      </trkpt>
      <trkpt lat="57.19148" lon="24.8970825">
        <ele>28</ele>
        <extensions>
          <distance>31625</distance>
        </extensions>
      </trkpt>
      <trkpt lat="57.19163" lon="24.897025">
        <ele>28</ele>
        <extensions>
          <distance>31642</distance>
        </extensions>
      </trkpt>
      <trkpt lat="57.19178" lon="24.8969675">
        <ele>28</ele>
        <extensions>
          <distance>31659</distance>
        </extensions>
      </trkpt>
      <trkpt lat="57.19193" lon="24.89691">
        <ele>28</ele>
        <extensions>
          <distance>31676</distance>
        </extensions>
      </trkpt>
      <trkpt lat="57.19209" lon="24.896865">
        <ele>28</ele>
        <extensions>
          <distance>31694</distance>
        </extensions>
      </trkpt>
      <trkpt lat="57.19225" lon="24.89682">
        <ele>28</ele>
        <extensions>
          <distance>31712</distance>
        </extensions>
      </trkpt>
      <trkpt lat="57.192454999999995" lon="24.896605">
        <ele>28</ele>
        <extensions>
          <distance>31738</distance>
        </extensions>
      </trkpt>
      <trkpt lat="57.19266" lon="24.89639">
        <ele>27</ele>
        <extensions>
          <distance>31765</distance>
        </extensions>
      </trkpt>
      <trkpt lat="57.1928525" lon="24.89631">
        <ele>27</ele>
        <extensions>
          <distance>31787</distance>
        </extensions>
      </trkpt>
      <trkpt lat="57.193045" lon="24.896230000000003">
        <ele>26</ele>
        <extensions>
          <distance>31809</distance>
        </extensions>
      </trkpt>
      <trkpt lat="57.193237499999995" lon="24.896150000000002">
        <ele>25</ele>
        <extensions>
          <distance>31831</distance>
        </extensions>
      </trkpt>
      <trkpt lat="57.19343" lon="24.89607">
        <ele>25</ele>
        <extensions>
          <distance>31853</distance>
        </extensions>
      </trkpt>
      <trkpt lat="57.19356" lon="24.89635">
        <ele>25</ele>
        <extensions>
          <distance>31875</distance>
        </extensions>
      </trkpt>
      <trkpt lat="57.19372" lon="24.89636">
        <ele>25</ele>
        <extensions>
          <distance>31893</distance>
        </extensions>
      </trkpt>
      <trkpt lat="57.19388" lon="24.89637">
        <ele>25</ele>
        <extensions>
          <distance>31911</distance>
        </extensions>
      </trkpt>
      <trkpt lat="57.194015" lon="24.89630375">
        <ele>25</ele>
        <extensions>
          <distance>31926</distance>
        </extensions>
      </trkpt>
      <trkpt lat="57.19415" lon="24.896237499999998">
        <ele>26</ele>
        <extensions>
          <distance>31942</distance>
        </extensions>
      </trkpt>
      <trkpt lat="57.194285" lon="24.89617125">
        <ele>26</ele>
        <extensions>
          <distance>31957</distance>
        </extensions>
      </trkpt>
      <trkpt lat="57.19442" lon="24.896105">
        <ele>26</ele>
        <extensions>
          <distance>31973</distance>
        </extensions>
      </trkpt>
      <trkpt lat="57.194555" lon="24.89603875">
        <ele>26</ele>
        <extensions>
          <distance>31988</distance>
        </extensions>
      </trkpt>
      <trkpt lat="57.19469" lon="24.8959725">
        <ele>26</ele>
        <extensions>
          <distance>32004</distance>
        </extensions>
      </trkpt>
      <trkpt lat="57.194825" lon="24.89590625">
        <ele>26</ele>
        <extensions>
          <distance>32019</distance>
        </extensions>
      </trkpt>
      <trkpt lat="57.19496" lon="24.89584">
        <ele>26</ele>
        <extensions>
          <distance>32035</distance>
        </extensions>
      </trkpt>
      <trkpt lat="57.195195" lon="24.8957375">
        <ele>26</ele>
        <extensions>
          <distance>32062</distance>
        </extensions>
      </trkpt>
      <trkpt lat="57.19543" lon="24.895635">
        <ele>26</ele>
        <extensions>
          <distance>32089</distance>
        </extensions>
      </trkpt>
      <trkpt lat="57.195665000000005" lon="24.8955325">
        <ele>25</ele>
        <extensions>
          <distance>32116</distance>
        </extensions>
      </trkpt>
      <trkpt lat="57.1959" lon="24.89543">
        <ele>25</ele>
        <extensions>
          <distance>32143</distance>
        </extensions>
      </trkpt>
      <trkpt lat="57.196020000000004" lon="24.89562">
        <ele>25</ele>
        <extensions>
          <distance>32160</distance>
        </extensions>
      </trkpt>
      <trkpt lat="57.19614" lon="24.89581">
        <ele>25</ele>
        <extensions>
          <distance>32178</distance>
        </extensions>
      </trkpt>
      <trkpt lat="57.196290000000005" lon="24.895715000000003">
        <ele>25</ele>
        <extensions>
          <distance>32195</distance>
        </extensions>
      </trkpt>
      <trkpt lat="57.19644" lon="24.89562">
        <ele>25</ele>
        <extensions>
          <distance>32213</distance>
        </extensions>
      </trkpt>
      <trkpt lat="57.196675" lon="24.8957075">
        <ele>26</ele>
        <extensions>
          <distance>32240</distance>
        </extensions>
      </trkpt>
      <trkpt lat="57.19691" lon="24.895795">
        <ele>26</ele>
        <extensions>
          <distance>32267</distance>
        </extensions>
      </trkpt>
      <trkpt lat="57.197145000000006" lon="24.8958825">
        <ele>26</ele>
        <extensions>
          <distance>32293</distance>
        </extensions>
      </trkpt>
      <trkpt lat="57.19738" lon="24.89597">
        <ele>26</ele>
        <extensions>
          <distance>32320</distance>
        </extensions>
      </trkpt>
      <trkpt lat="57.19752" lon="24.8959375">
        <ele>25</ele>
        <extensions>
          <distance>32336</distance>
        </extensions>
      </trkpt>
      <trkpt lat="57.19766" lon="24.895905">
        <ele>23</ele>
        <extensions>
          <distance>32352</distance>
        </extensions>
      </trkpt>
      <trkpt lat="57.1978" lon="24.8958725">
        <ele>21</ele>
        <extensions>
          <distance>32367</distance>
        </extensions>
      </trkpt>
      <trkpt lat="57.19794" lon="24.89584">
        <ele>21</ele>
        <extensions>
          <distance>32383</distance>
        </extensions>
      </trkpt>
      <trkpt lat="57.198080000000004" lon="24.8958075">
        <ele>21</ele>
        <extensions>
          <distance>32399</distance>
        </extensions>
      </trkpt>
      <trkpt lat="57.198220000000006" lon="24.895775">
        <ele>21</ele>
        <extensions>
          <distance>32414</distance>
        </extensions>
      </trkpt>
      <trkpt lat="57.19836000000001" lon="24.8957425">
        <ele>22</ele>
        <extensions>
          <distance>32430</distance>
        </extensions>
      </trkpt>
      <trkpt lat="57.1985" lon="24.89571">
        <ele>23</ele>
        <extensions>
          <distance>32446</distance>
        </extensions>
      </trkpt>
      <trkpt lat="57.198665000000005" lon="24.8955925">
        <ele>23</ele>
        <extensions>
          <distance>32466</distance>
        </extensions>
      </trkpt>
      <trkpt lat="57.19883" lon="24.895475">
        <ele>24</ele>
        <extensions>
          <distance>32485</distance>
        </extensions>
      </trkpt>
      <trkpt lat="57.198995" lon="24.895357500000003">
        <ele>24</ele>
        <extensions>
          <distance>32505</distance>
        </extensions>
      </trkpt>
      <trkpt lat="57.19916" lon="24.89524">
        <ele>24</ele>
        <extensions>
          <distance>32525</distance>
        </extensions>
      </trkpt>
      <trkpt lat="57.199295" lon="24.8952175">
        <ele>24</ele>
        <extensions>
          <distance>32540</distance>
        </extensions>
      </trkpt>
      <trkpt lat="57.19943" lon="24.895195">
        <ele>25</ele>
        <extensions>
          <distance>32555</distance>
        </extensions>
      </trkpt>
      <trkpt lat="57.199565" lon="24.8951725">
        <ele>26</ele>
        <extensions>
          <distance>32570</distance>
        </extensions>
      </trkpt>
      <trkpt lat="57.1997" lon="24.89515">
        <ele>26</ele>
        <extensions>
          <distance>32585</distance>
        </extensions>
      </trkpt>
      <trkpt lat="57.199925" lon="24.895310000000002">
        <ele>28</ele>
        <extensions>
          <distance>32612</distance>
        </extensions>
      </trkpt>
      <trkpt lat="57.20015" lon="24.89547">
        <ele>28</ele>
        <extensions>
          <distance>32639</distance>
        </extensions>
      </trkpt>
      <trkpt lat="57.2002775" lon="24.895632499999998">
        <ele>28</ele>
        <extensions>
          <distance>32656</distance>
        </extensions>
      </trkpt>
      <trkpt lat="57.200405" lon="24.895795">
        <ele>28</ele>
        <extensions>
          <distance>32673</distance>
        </extensions>
      </trkpt>
      <trkpt lat="57.2005325" lon="24.8959575">
        <ele>27</ele>
        <extensions>
          <distance>32691</distance>
        </extensions>
      </trkpt>
      <trkpt lat="57.20066" lon="24.89612">
        <ele>26</ele>
        <extensions>
          <distance>32708</distance>
        </extensions>
      </trkpt>
      <trkpt lat="57.20079" lon="24.89601">
        <ele>26</ele>
        <extensions>
          <distance>32724</distance>
        </extensions>
      </trkpt>
      <trkpt lat="57.20092" lon="24.8959">
        <ele>26</ele>
        <extensions>
          <distance>32740</distance>
        </extensions>
      </trkpt>
      <trkpt lat="57.20106" lon="24.89573">
        <ele>26</ele>
        <extensions>
          <distance>32759</distance>
        </extensions>
      </trkpt>
      <trkpt lat="57.2012" lon="24.89556">
        <ele>26</ele>
        <extensions>
          <distance>32777</distance>
        </extensions>
      </trkpt>
      <trkpt lat="57.201415" lon="24.895580000000002">
        <ele>26</ele>
        <extensions>
          <distance>32801</distance>
        </extensions>
      </trkpt>
      <trkpt lat="57.20163" lon="24.8956">
        <ele>27</ele>
        <extensions>
          <distance>32825</distance>
        </extensions>
      </trkpt>
      <trkpt lat="57.201825" lon="24.895505">
        <ele>27</ele>
        <extensions>
          <distance>32848</distance>
        </extensions>
      </trkpt>
      <trkpt lat="57.20202" lon="24.89541">
        <ele>27</ele>
        <extensions>
          <distance>32870</distance>
        </extensions>
      </trkpt>
      <trkpt lat="57.20218" lon="24.8954">
        <ele>27</ele>
        <extensions>
          <distance>32888</distance>
        </extensions>
      </trkpt>
      <trkpt lat="57.20234" lon="24.89539">
        <ele>27</ele>
        <extensions>
          <distance>32906</distance>
        </extensions>
      </trkpt>
      <trkpt lat="57.20249" lon="24.895474999999998">
        <ele>27</ele>
        <extensions>
          <distance>32923</distance>
        </extensions>
      </trkpt>
      <trkpt lat="57.20264" lon="24.89556">
        <ele>27</ele>
        <extensions>
          <distance>32941</distance>
        </extensions>
      </trkpt>
      <trkpt lat="57.202754999999996" lon="24.895384999999997">
        <ele>26</ele>
        <extensions>
          <distance>32957</distance>
        </extensions>
      </trkpt>
      <trkpt lat="57.20287" lon="24.89521">
        <ele>26</ele>
        <extensions>
          <distance>32974</distance>
        </extensions>
      </trkpt>
      <trkpt lat="57.20302875" lon="24.89522625">
        <ele>25</ele>
        <extensions>
          <distance>32992</distance>
        </extensions>
      </trkpt>
      <trkpt lat="57.2031875" lon="24.8952425">
        <ele>24</ele>
        <extensions>
          <distance>33009</distance>
        </extensions>
      </trkpt>
      <trkpt lat="57.203346249999996" lon="24.895258749999996">
        <ele>23</ele>
        <extensions>
          <distance>33027</distance>
        </extensions>
      </trkpt>
      <trkpt lat="57.203505" lon="24.895274999999998">
        <ele>21</ele>
        <extensions>
          <distance>33045</distance>
        </extensions>
      </trkpt>
      <trkpt lat="57.203663750000004" lon="24.89529125">
        <ele>20</ele>
        <extensions>
          <distance>33063</distance>
        </extensions>
      </trkpt>
      <trkpt lat="57.2038225" lon="24.8953075">
        <ele>19</ele>
        <extensions>
          <distance>33080</distance>
        </extensions>
      </trkpt>
      <trkpt lat="57.20398125" lon="24.895323750000003">
        <ele>18</ele>
        <extensions>
          <distance>33098</distance>
        </extensions>
      </trkpt>
      <trkpt lat="57.20414" lon="24.89534">
        <ele>18</ele>
        <extensions>
          <distance>33116</distance>
        </extensions>
      </trkpt>
      <trkpt lat="57.20428" lon="24.895665">
        <ele>18</ele>
        <extensions>
          <distance>33141</distance>
        </extensions>
      </trkpt>
      <trkpt lat="57.20442" lon="24.89599">
        <ele>18</ele>
        <extensions>
          <distance>33166</distance>
        </extensions>
      </trkpt>
      <trkpt lat="57.20459125" lon="24.896187500000003">
        <ele>18</ele>
        <extensions>
          <distance>33189</distance>
        </extensions>
      </trkpt>
      <trkpt lat="57.2047625" lon="24.896385000000002">
        <ele>18</ele>
        <extensions>
          <distance>33211</distance>
        </extensions>
      </trkpt>
      <trkpt lat="57.20493375" lon="24.8965825">
        <ele>18</ele>
        <extensions>
          <distance>33234</distance>
        </extensions>
      </trkpt>
      <trkpt lat="57.205105" lon="24.89678">
        <ele>18</ele>
        <extensions>
          <distance>33256</distance>
        </extensions>
      </trkpt>
      <trkpt lat="57.205276250000004" lon="24.8969775">
        <ele>18</ele>
        <extensions>
          <distance>33279</distance>
        </extensions>
      </trkpt>
      <trkpt lat="57.205447500000005" lon="24.897175">
        <ele>19</ele>
        <extensions>
          <distance>33301</distance>
        </extensions>
      </trkpt>
      <trkpt lat="57.20561875" lon="24.897372500000003">
        <ele>19</ele>
        <extensions>
          <distance>33324</distance>
        </extensions>
      </trkpt>
      <trkpt lat="57.20579" lon="24.89757">
        <ele>19</ele>
        <extensions>
          <distance>33346</distance>
        </extensions>
      </trkpt>
      <trkpt lat="57.205897500000006" lon="24.89778">
        <ele>19</ele>
        <extensions>
          <distance>33363</distance>
        </extensions>
      </trkpt>
      <trkpt lat="57.206005000000005" lon="24.89799">
        <ele>19</ele>
        <extensions>
          <distance>33381</distance>
        </extensions>
      </trkpt>
      <trkpt lat="57.2061125" lon="24.8982">
        <ele>19</ele>
        <extensions>
          <distance>33398</distance>
        </extensions>
      </trkpt>
      <trkpt lat="57.20622" lon="24.89841">
        <ele>19</ele>
        <extensions>
          <distance>33416</distance>
        </extensions>
      </trkpt>
      <trkpt lat="57.206450000000004" lon="24.8985725">
        <ele>20</ele>
        <extensions>
          <distance>33443</distance>
        </extensions>
      </trkpt>
      <trkpt lat="57.206680000000006" lon="24.898735">
        <ele>20</ele>
        <extensions>
          <distance>33471</distance>
        </extensions>
      </trkpt>
      <trkpt lat="57.20691000000001" lon="24.898897499999997">
        <ele>20</ele>
        <extensions>
          <distance>33498</distance>
        </extensions>
      </trkpt>
      <trkpt lat="57.20714" lon="24.89906">
        <ele>21</ele>
        <extensions>
          <distance>33526</distance>
        </extensions>
      </trkpt>
      <trkpt lat="57.20723" lon="24.89946">
        <ele>22</ele>
        <extensions>
          <distance>33552</distance>
        </extensions>
      </trkpt>
      <trkpt lat="57.20749" lon="24.8994">
        <ele>22</ele>
        <extensions>
          <distance>33581</distance>
        </extensions>
      </trkpt>
      <trkpt lat="57.20768" lon="24.89927">
        <ele>23</ele>
        <extensions>
          <distance>33604</distance>
        </extensions>
      </trkpt>
      <trkpt lat="57.207800000000006" lon="24.899465">
        <ele>23</ele>
        <extensions>
          <distance>33621</distance>
        </extensions>
      </trkpt>
      <trkpt lat="57.20792" lon="24.89966">
        <ele>23</ele>
        <extensions>
          <distance>33639</distance>
        </extensions>
      </trkpt>
      <trkpt lat="57.208145" lon="24.89971">
        <ele>23</ele>
        <extensions>
          <distance>33664</distance>
        </extensions>
      </trkpt>
      <trkpt lat="57.20837" lon="24.89976">
        <ele>23</ele>
        <extensions>
          <distance>33690</distance>
        </extensions>
      </trkpt>
      <trkpt lat="57.208510000000004" lon="24.8997725">
        <ele>22</ele>
        <extensions>
          <distance>33705</distance>
        </extensions>
      </trkpt>
      <trkpt lat="57.208650000000006" lon="24.899785">
        <ele>22</ele>
        <extensions>
          <distance>33721</distance>
        </extensions>
      </trkpt>
      <trkpt lat="57.20879000000001" lon="24.8997975">
        <ele>22</ele>
        <extensions>
          <distance>33736</distance>
        </extensions>
      </trkpt>
      <trkpt lat="57.20893" lon="24.89981">
        <ele>22</ele>
        <extensions>
          <distance>33752</distance>
        </extensions>
      </trkpt>
      <trkpt lat="57.20911" lon="24.899735">
        <ele>22</ele>
        <extensions>
          <distance>33773</distance>
        </extensions>
      </trkpt>
      <trkpt lat="57.20929" lon="24.89966">
        <ele>22</ele>
        <extensions>
          <distance>33793</distance>
        </extensions>
      </trkpt>
      <trkpt lat="57.20938" lon="24.89968">
        <ele>22</ele>
        <extensions>
          <distance>33803</distance>
        </extensions>
      </trkpt>
      <trkpt lat="57.20943750000001" lon="24.90005">
        <ele>22</ele>
        <extensions>
          <distance>33827</distance>
        </extensions>
      </trkpt>
      <trkpt lat="57.209495000000004" lon="24.90042">
        <ele>22</ele>
        <extensions>
          <distance>33850</distance>
        </extensions>
      </trkpt>
      <trkpt lat="57.2095525" lon="24.90079">
        <ele>22</ele>
        <extensions>
          <distance>33873</distance>
        </extensions>
      </trkpt>
      <trkpt lat="57.20961" lon="24.90116">
        <ele>22</ele>
        <extensions>
          <distance>33896</distance>
        </extensions>
      </trkpt>
      <trkpt lat="57.209712499999995" lon="24.90139">
        <ele>23</ele>
        <extensions>
          <distance>33914</distance>
        </extensions>
      </trkpt>
      <trkpt lat="57.209815" lon="24.90162">
        <ele>23</ele>
        <extensions>
          <distance>33932</distance>
        </extensions>
      </trkpt>
      <trkpt lat="57.2099175" lon="24.901850000000003">
        <ele>23</ele>
        <extensions>
          <distance>33950</distance>
        </extensions>
      </trkpt>
      <trkpt lat="57.21002" lon="24.90208">
        <ele>23</ele>
        <extensions>
          <distance>33968</distance>
        </extensions>
      </trkpt>
      <trkpt lat="57.210155" lon="24.902235">
        <ele>24</ele>
        <extensions>
          <distance>33986</distance>
        </extensions>
      </trkpt>
      <trkpt lat="57.21029" lon="24.90239">
        <ele>25</ele>
        <extensions>
          <distance>34004</distance>
        </extensions>
      </trkpt>
      <trkpt lat="57.210425" lon="24.902545">
        <ele>25</ele>
        <extensions>
          <distance>34021</distance>
        </extensions>
      </trkpt>
      <trkpt lat="57.21056" lon="24.9027">
        <ele>26</ele>
        <extensions>
          <distance>34039</distance>
        </extensions>
      </trkpt>
      <trkpt lat="57.2107425" lon="24.9027325">
        <ele>26</ele>
        <extensions>
          <distance>34060</distance>
        </extensions>
      </trkpt>
      <trkpt lat="57.210925" lon="24.902765000000002">
        <ele>26</ele>
        <extensions>
          <distance>34080</distance>
        </extensions>
      </trkpt>
      <trkpt lat="57.2111075" lon="24.902797500000002">
        <ele>27</ele>
        <extensions>
          <distance>34100</distance>
        </extensions>
      </trkpt>
      <trkpt lat="57.21129" lon="24.90283">
        <ele>28</ele>
        <extensions>
          <distance>34121</distance>
        </extensions>
      </trkpt>
      <trkpt lat="57.211439999999996" lon="24.9027925">
        <ele>29</ele>
        <extensions>
          <distance>34138</distance>
        </extensions>
      </trkpt>
      <trkpt lat="57.21159" lon="24.902755">
        <ele>29</ele>
        <extensions>
          <distance>34155</distance>
        </extensions>
      </trkpt>
      <trkpt lat="57.21174" lon="24.9027175">
        <ele>30</ele>
        <extensions>
          <distance>34171</distance>
        </extensions>
      </trkpt>
      <trkpt lat="57.21189" lon="24.90268">
        <ele>30</ele>
        <extensions>
          <distance>34188</distance>
        </extensions>
      </trkpt>
      <trkpt lat="57.212104999999994" lon="24.902540000000002">
        <ele>30</ele>
        <extensions>
          <distance>34214</distance>
        </extensions>
      </trkpt>
      <trkpt lat="57.21232" lon="24.9024">
        <ele>30</ele>
        <extensions>
          <distance>34239</distance>
        </extensions>
      </trkpt>
      <trkpt lat="57.2124525" lon="24.9023475">
        <ele>30</ele>
        <extensions>
          <distance>34254</distance>
        </extensions>
      </trkpt>
      <trkpt lat="57.212585000000004" lon="24.902295000000002">
        <ele>30</ele>
        <extensions>
          <distance>34269</distance>
        </extensions>
      </trkpt>
      <trkpt lat="57.212717500000004" lon="24.9022425">
        <ele>30</ele>
        <extensions>
          <distance>34284</distance>
        </extensions>
      </trkpt>
      <trkpt lat="57.21285" lon="24.90219">
        <ele>30</ele>
        <extensions>
          <distance>34299</distance>
        </extensions>
      </trkpt>
      <trkpt lat="57.21298" lon="24.90226">
        <ele>30</ele>
        <extensions>
          <distance>34315</distance>
        </extensions>
      </trkpt>
      <trkpt lat="57.21311" lon="24.90233">
        <ele>30</ele>
        <extensions>
          <distance>34330</distance>
        </extensions>
      </trkpt>
      <trkpt lat="57.21324" lon="24.9024">
        <ele>30</ele>
        <extensions>
          <distance>34345</distance>
        </extensions>
      </trkpt>
      <trkpt lat="57.21337" lon="24.90247">
        <ele>30</ele>
        <extensions>
          <distance>34360</distance>
        </extensions>
      </trkpt>
      <trkpt lat="57.213539999999995" lon="24.902475000000003">
        <ele>30</ele>
        <extensions>
          <distance>34379</distance>
        </extensions>
      </trkpt>
      <trkpt lat="57.21371" lon="24.90248">
        <ele>29</ele>
        <extensions>
          <distance>34398</distance>
        </extensions>
      </trkpt>
      <trkpt lat="57.21388" lon="24.902485">
        <ele>29</ele>
        <extensions>
          <distance>34417</distance>
        </extensions>
      </trkpt>
      <trkpt lat="57.21405" lon="24.90249">
        <ele>29</ele>
        <extensions>
          <distance>34436</distance>
        </extensions>
      </trkpt>
      <trkpt lat="57.214225" lon="24.902594999999998">
        <ele>28</ele>
        <extensions>
          <distance>34456</distance>
        </extensions>
      </trkpt>
      <trkpt lat="57.2144" lon="24.9027">
        <ele>27</ele>
        <extensions>
          <distance>34477</distance>
        </extensions>
      </trkpt>
      <trkpt lat="57.21457" lon="24.90247">
        <ele>27</ele>
        <extensions>
          <distance>34500</distance>
        </extensions>
      </trkpt>
      <trkpt lat="57.2147" lon="24.90219">
        <ele>27</ele>
        <extensions>
          <distance>34522</distance>
        </extensions>
      </trkpt>
      <trkpt lat="57.214836250000005" lon="24.90226">
        <ele>27</ele>
        <extensions>
          <distance>34538</distance>
        </extensions>
      </trkpt>
      <trkpt lat="57.2149725" lon="24.90233">
        <ele>27</ele>
        <extensions>
          <distance>34554</distance>
        </extensions>
      </trkpt>
      <trkpt lat="57.21510875" lon="24.9024">
        <ele>28</ele>
        <extensions>
          <distance>34570</distance>
        </extensions>
      </trkpt>
      <trkpt lat="57.215244999999996" lon="24.90247">
        <ele>28</ele>
        <extensions>
          <distance>34585</distance>
        </extensions>
      </trkpt>
      <trkpt lat="57.21538124999999" lon="24.902540000000002">
        <ele>28</ele>
        <extensions>
          <distance>34601</distance>
        </extensions>
      </trkpt>
      <trkpt lat="57.2155175" lon="24.902610000000003">
        <ele>28</ele>
        <extensions>
          <distance>34617</distance>
        </extensions>
      </trkpt>
      <trkpt lat="57.21565375" lon="24.902680000000004">
        <ele>29</ele>
        <extensions>
          <distance>34633</distance>
        </extensions>
      </trkpt>
      <trkpt lat="57.21579" lon="24.90275">
        <ele>29</ele>
        <extensions>
          <distance>34648</distance>
        </extensions>
      </trkpt>
      <trkpt lat="57.21605" lon="24.90272">
        <ele>30</ele>
        <extensions>
          <distance>34677</distance>
        </extensions>
      </trkpt>
      <trkpt lat="57.216210000000004" lon="24.902812499999996">
        <ele>30</ele>
        <extensions>
          <distance>34696</distance>
        </extensions>
      </trkpt>
      <trkpt lat="57.21637" lon="24.902904999999997">
        <ele>30</ele>
        <extensions>
          <distance>34715</distance>
        </extensions>
      </trkpt>
      <trkpt lat="57.21653" lon="24.902997499999998">
        <ele>30</ele>
        <extensions>
          <distance>34733</distance>
        </extensions>
      </trkpt>
      <trkpt lat="57.21669" lon="24.90309">
        <ele>30</ele>
        <extensions>
          <distance>34752</distance>
        </extensions>
      </trkpt>
      <trkpt lat="57.216825" lon="24.903188749999998">
        <ele>30</ele>
        <extensions>
          <distance>34768</distance>
        </extensions>
      </trkpt>
      <trkpt lat="57.21696" lon="24.903287499999998">
        <ele>30</ele>
        <extensions>
          <distance>34784</distance>
        </extensions>
      </trkpt>
      <trkpt lat="57.217095" lon="24.903386249999997">
        <ele>31</ele>
        <extensions>
          <distance>34801</distance>
        </extensions>
      </trkpt>
      <trkpt lat="57.21723" lon="24.903485">
        <ele>32</ele>
        <extensions>
          <distance>34817</distance>
        </extensions>
      </trkpt>
      <trkpt lat="57.217365" lon="24.903583750000003">
        <ele>32</ele>
        <extensions>
          <distance>34833</distance>
        </extensions>
      </trkpt>
      <trkpt lat="57.2175" lon="24.903682500000002">
        <ele>32</ele>
        <extensions>
          <distance>34849</distance>
        </extensions>
      </trkpt>
      <trkpt lat="57.217635" lon="24.90378125">
        <ele>32</ele>
        <extensions>
          <distance>34865</distance>
        </extensions>
      </trkpt>
      <trkpt lat="57.21777" lon="24.90388">
        <ele>32</ele>
        <extensions>
          <distance>34881</distance>
        </extensions>
      </trkpt>
      <trkpt lat="57.218005000000005" lon="24.903997500000003">
        <ele>33</ele>
        <extensions>
          <distance>34909</distance>
        </extensions>
      </trkpt>
      <trkpt lat="57.21824" lon="24.904115">
        <ele>33</ele>
        <extensions>
          <distance>34936</distance>
        </extensions>
      </trkpt>
      <trkpt lat="57.218475" lon="24.9042325">
        <ele>33</ele>
        <extensions>
          <distance>34963</distance>
        </extensions>
      </trkpt>
      <trkpt lat="57.21871" lon="24.90435">
        <ele>34</ele>
        <extensions>
          <distance>34990</distance>
        </extensions>
      </trkpt>
      <trkpt lat="57.218855000000005" lon="24.9045025">
        <ele>36</ele>
        <extensions>
          <distance>35009</distance>
        </extensions>
      </trkpt>
      <trkpt lat="57.219" lon="24.904654999999998">
        <ele>37</ele>
        <extensions>
          <distance>35027</distance>
        </extensions>
      </trkpt>
      <trkpt lat="57.219145" lon="24.904807499999997">
        <ele>38</ele>
        <extensions>
          <distance>35046</distance>
        </extensions>
      </trkpt>
      <trkpt lat="57.21929" lon="24.90496">
        <ele>39</ele>
        <extensions>
          <distance>35065</distance>
        </extensions>
      </trkpt>
      <trkpt lat="57.219375" lon="24.905365">
        <ele>42</ele>
        <extensions>
          <distance>35091</distance>
        </extensions>
      </trkpt>
      <trkpt lat="57.21946" lon="24.90577">
        <ele>44</ele>
        <extensions>
          <distance>35117</distance>
        </extensions>
      </trkpt>
      <trkpt lat="57.219685" lon="24.905994999999997">
        <ele>44</ele>
        <extensions>
          <distance>35146</distance>
        </extensions>
      </trkpt>
      <trkpt lat="57.21991" lon="24.906219999999998">
        <ele>44</ele>
        <extensions>
          <distance>35174</distance>
        </extensions>
      </trkpt>
      <trkpt lat="57.220135" lon="24.906444999999998">
        <ele>44</ele>
        <extensions>
          <distance>35203</distance>
        </extensions>
      </trkpt>
      <trkpt lat="57.22036" lon="24.90667">
        <ele>44</ele>
        <extensions>
          <distance>35231</distance>
        </extensions>
      </trkpt>
      <trkpt lat="57.2205" lon="24.90694">
        <ele>44</ele>
        <extensions>
          <distance>35254</distance>
        </extensions>
      </trkpt>
      <trkpt lat="57.22064" lon="24.90721">
        <ele>43</ele>
        <extensions>
          <distance>35276</distance>
        </extensions>
      </trkpt>
      <trkpt lat="57.220802500000005" lon="24.907435">
        <ele>42</ele>
        <extensions>
          <distance>35299</distance>
        </extensions>
      </trkpt>
      <trkpt lat="57.22096500000001" lon="24.90766">
        <ele>42</ele>
        <extensions>
          <distance>35322</distance>
        </extensions>
      </trkpt>
      <trkpt lat="57.22112750000001" lon="24.907885">
        <ele>42</ele>
        <extensions>
          <distance>35344</distance>
        </extensions>
      </trkpt>
      <trkpt lat="57.22129" lon="24.90811">
        <ele>40</ele>
        <extensions>
          <distance>35367</distance>
        </extensions>
      </trkpt>
      <trkpt lat="57.221455000000006" lon="24.9081575">
        <ele>38</ele>
        <extensions>
          <distance>35386</distance>
        </extensions>
      </trkpt>
      <trkpt lat="57.22162" lon="24.908205000000002">
        <ele>38</ele>
        <extensions>
          <distance>35404</distance>
        </extensions>
      </trkpt>
      <trkpt lat="57.221785" lon="24.908252500000003">
        <ele>38</ele>
        <extensions>
          <distance>35423</distance>
        </extensions>
      </trkpt>
      <trkpt lat="57.22195" lon="24.9083">
        <ele>38</ele>
        <extensions>
          <distance>35441</distance>
        </extensions>
      </trkpt>
      <trkpt lat="57.222170000000006" lon="24.908425">
        <ele>37</ele>
        <extensions>
          <distance>35467</distance>
        </extensions>
      </trkpt>
      <trkpt lat="57.222390000000004" lon="24.908549999999998">
        <ele>37</ele>
        <extensions>
          <distance>35493</distance>
        </extensions>
      </trkpt>
      <trkpt lat="57.22261" lon="24.908675">
        <ele>37</ele>
        <extensions>
          <distance>35518</distance>
        </extensions>
      </trkpt>
      <trkpt lat="57.22283" lon="24.9088">
        <ele>37</ele>
        <extensions>
          <distance>35544</distance>
        </extensions>
      </trkpt>
      <trkpt lat="57.2230025" lon="24.9087825">
        <ele>36</ele>
        <extensions>
          <distance>35563</distance>
        </extensions>
      </trkpt>
      <trkpt lat="57.223175" lon="24.908765">
        <ele>35</ele>
        <extensions>
          <distance>35583</distance>
        </extensions>
      </trkpt>
      <trkpt lat="57.2233475" lon="24.908747499999997">
        <ele>34</ele>
        <extensions>
          <distance>35602</distance>
        </extensions>
      </trkpt>
      <trkpt lat="57.22352" lon="24.90873">
        <ele>34</ele>
        <extensions>
          <distance>35621</distance>
        </extensions>
      </trkpt>
      <trkpt lat="57.22364" lon="24.90888">
        <ele>34</ele>
        <extensions>
          <distance>35637</distance>
        </extensions>
      </trkpt>
      <trkpt lat="57.223545" lon="24.909105">
        <ele>34</ele>
        <extensions>
          <distance>35654</distance>
        </extensions>
      </trkpt>
      <trkpt lat="57.22345" lon="24.90933">
        <ele>36</ele>
        <extensions>
          <distance>35672</distance>
        </extensions>
      </trkpt>
      <trkpt lat="57.223495" lon="24.909565">
        <ele>37</ele>
        <extensions>
          <distance>35687</distance>
        </extensions>
      </trkpt>
      <trkpt lat="57.22354" lon="24.9098">
        <ele>38</ele>
        <extensions>
          <distance>35702</distance>
        </extensions>
      </trkpt>
      <trkpt lat="57.22369" lon="24.91">
        <ele>39</ele>
        <extensions>
          <distance>35722</distance>
        </extensions>
      </trkpt>
      <trkpt lat="57.223839999999996" lon="24.9102">
        <ele>39</ele>
        <extensions>
          <distance>35743</distance>
        </extensions>
      </trkpt>
      <trkpt lat="57.22399" lon="24.9104">
        <ele>40</ele>
        <extensions>
          <distance>35764</distance>
        </extensions>
      </trkpt>
      <trkpt lat="57.22414" lon="24.9106">
        <ele>40</ele>
        <extensions>
          <distance>35784</distance>
        </extensions>
      </trkpt>
      <trkpt lat="57.224225000000004" lon="24.91106">
        <ele>40</ele>
        <extensions>
          <distance>35814</distance>
        </extensions>
      </trkpt>
      <trkpt lat="57.22431" lon="24.91152">
        <ele>41</ele>
        <extensions>
          <distance>35843</distance>
        </extensions>
      </trkpt>
      <trkpt lat="57.22443125" lon="24.91167">
        <ele>41</ele>
        <extensions>
          <distance>35859</distance>
        </extensions>
      </trkpt>
      <trkpt lat="57.2245525" lon="24.91182">
        <ele>41</ele>
        <extensions>
          <distance>35876</distance>
        </extensions>
      </trkpt>
      <trkpt lat="57.22467375" lon="24.91197">
        <ele>42</ele>
        <extensions>
          <distance>35892</distance>
        </extensions>
      </trkpt>
      <trkpt lat="57.224795" lon="24.91212">
        <ele>42</ele>
        <extensions>
          <distance>35908</distance>
        </extensions>
      </trkpt>
      <trkpt lat="57.22491625" lon="24.91227">
        <ele>42</ele>
        <extensions>
          <distance>35924</distance>
        </extensions>
      </trkpt>
      <trkpt lat="57.2250375" lon="24.91242">
        <ele>43</ele>
        <extensions>
          <distance>35941</distance>
        </extensions>
      </trkpt>
      <trkpt lat="57.22515875" lon="24.912570000000002">
        <ele>44</ele>
        <extensions>
          <distance>35957</distance>
        </extensions>
      </trkpt>
      <trkpt lat="57.22528" lon="24.91272">
        <ele>45</ele>
        <extensions>
          <distance>35973</distance>
        </extensions>
      </trkpt>
      <trkpt lat="57.2254175" lon="24.912945">
        <ele>47</ele>
        <extensions>
          <distance>35994</distance>
        </extensions>
      </trkpt>
      <trkpt lat="57.225555" lon="24.91317">
        <ele>47</ele>
        <extensions>
          <distance>36014</distance>
        </extensions>
      </trkpt>
      <trkpt lat="57.2256925" lon="24.913395">
        <ele>47</ele>
        <extensions>
          <distance>36035</distance>
        </extensions>
      </trkpt>
      <trkpt lat="57.22583" lon="24.91362">
        <ele>47</ele>
        <extensions>
          <distance>36055</distance>
        </extensions>
      </trkpt>
      <trkpt lat="57.226079999999996" lon="24.913760000000003">
        <ele>45</ele>
        <extensions>
          <distance>36084</distance>
        </extensions>
      </trkpt>
      <trkpt lat="57.22633" lon="24.9139">
        <ele>45</ele>
        <extensions>
          <distance>36113</distance>
        </extensions>
      </trkpt>
      <trkpt lat="57.22654" lon="24.91388">
        <ele>45</ele>
        <extensions>
          <distance>36137</distance>
        </extensions>
      </trkpt>
      <trkpt lat="57.226635" lon="24.914245">
        <ele>45</ele>
        <extensions>
          <distance>36161</distance>
        </extensions>
      </trkpt>
      <trkpt lat="57.22673" lon="24.91461">
        <ele>45</ele>
        <extensions>
          <distance>36186</distance>
        </extensions>
      </trkpt>
      <trkpt lat="57.22672" lon="24.91502">
        <ele>46</ele>
        <extensions>
          <distance>36211</distance>
        </extensions>
      </trkpt>
      <trkpt lat="57.22671" lon="24.91543">
        <ele>46</ele>
        <extensions>
          <distance>36235</distance>
        </extensions>
      </trkpt>
      <trkpt lat="57.226735" lon="24.915795000000003">
        <ele>46</ele>
        <extensions>
          <distance>36258</distance>
        </extensions>
      </trkpt>
      <trkpt lat="57.22676" lon="24.91616">
        <ele>46</ele>
        <extensions>
          <distance>36280</distance>
        </extensions>
      </trkpt>
      <trkpt lat="57.2268225" lon="24.916422500000003">
        <ele>46</ele>
        <extensions>
          <distance>36297</distance>
        </extensions>
      </trkpt>
      <trkpt lat="57.226884999999996" lon="24.916685">
        <ele>46</ele>
        <extensions>
          <distance>36314</distance>
        </extensions>
      </trkpt>
      <trkpt lat="57.226947499999994" lon="24.9169475">
        <ele>46</ele>
        <extensions>
          <distance>36332</distance>
        </extensions>
      </trkpt>
      <trkpt lat="57.22701" lon="24.91721">
        <ele>46</ele>
        <extensions>
          <distance>36349</distance>
        </extensions>
      </trkpt>
      <trkpt lat="57.22725" lon="24.91738">
        <ele>46</ele>
        <extensions>
          <distance>36378</distance>
        </extensions>
      </trkpt>
      <trkpt lat="57.227395" lon="24.917375">
        <ele>44</ele>
        <extensions>
          <distance>36394</distance>
        </extensions>
      </trkpt>
      <trkpt lat="57.22754" lon="24.91737">
        <ele>43</ele>
        <extensions>
          <distance>36410</distance>
        </extensions>
      </trkpt>
      <trkpt lat="57.227684999999994" lon="24.917364999999997">
        <ele>43</ele>
        <extensions>
          <distance>36426</distance>
        </extensions>
      </trkpt>
      <trkpt lat="57.22783" lon="24.91736">
        <ele>43</ele>
        <extensions>
          <distance>36442</distance>
        </extensions>
      </trkpt>
      <trkpt lat="57.22797" lon="24.917265">
        <ele>43</ele>
        <extensions>
          <distance>36459</distance>
        </extensions>
      </trkpt>
      <trkpt lat="57.22811" lon="24.91717">
        <ele>43</ele>
        <extensions>
          <distance>36476</distance>
        </extensions>
      </trkpt>
      <trkpt lat="57.22828" lon="24.91691">
        <ele>41</ele>
        <extensions>
          <distance>36500</distance>
        </extensions>
      </trkpt>
      <trkpt lat="57.228515" lon="24.916690000000003">
        <ele>40</ele>
        <extensions>
          <distance>36530</distance>
        </extensions>
      </trkpt>
      <trkpt lat="57.22875" lon="24.91647">
        <ele>39</ele>
        <extensions>
          <distance>36559</distance>
        </extensions>
      </trkpt>
      <trkpt lat="57.228984999999994" lon="24.916249999999998">
        <ele>39</ele>
        <extensions>
          <distance>36588</distance>
        </extensions>
      </trkpt>
      <trkpt lat="57.22922" lon="24.91603">
        <ele>38</ele>
        <extensions>
          <distance>36618</distance>
        </extensions>
      </trkpt>
      <trkpt lat="57.229344999999995" lon="24.91582">
        <ele>37</ele>
        <extensions>
          <distance>36636</distance>
        </extensions>
      </trkpt>
      <trkpt lat="57.22947" lon="24.91561">
        <ele>35</ele>
        <extensions>
          <distance>36655</distance>
        </extensions>
      </trkpt>
      <trkpt lat="57.229595" lon="24.915399999999998">
        <ele>33</ele>
        <extensions>
          <distance>36674</distance>
        </extensions>
      </trkpt>
      <trkpt lat="57.22972" lon="24.91519">
        <ele>32</ele>
        <extensions>
          <distance>36693</distance>
        </extensions>
      </trkpt>
      <trkpt lat="57.22989" lon="24.91526">
        <ele>32</ele>
        <extensions>
          <distance>36713</distance>
        </extensions>
      </trkpt>
      <trkpt lat="57.23004" lon="24.91519">
        <ele>32</ele>
        <extensions>
          <distance>36730</distance>
        </extensions>
      </trkpt>
      <trkpt lat="57.23008" lon="24.91528">
        <ele>32</ele>
        <extensions>
          <distance>36737</distance>
        </extensions>
      </trkpt>
      <trkpt lat="57.23006" lon="24.9156">
        <ele>33</ele>
        <extensions>
          <distance>36756</distance>
        </extensions>
      </trkpt>
      <trkpt lat="57.2301" lon="24.91579">
        <ele>33</ele>
        <extensions>
          <distance>36769</distance>
        </extensions>
      </trkpt>
      <trkpt lat="57.23023" lon="24.915985">
        <ele>33</ele>
        <extensions>
          <distance>36787</distance>
        </extensions>
      </trkpt>
      <trkpt lat="57.23036" lon="24.91618">
        <ele>33</ele>
        <extensions>
          <distance>36806</distance>
        </extensions>
      </trkpt>
      <trkpt lat="57.23036" lon="24.91639">
        <ele>33</ele>
        <extensions>
          <distance>36819</distance>
        </extensions>
      </trkpt>
      <trkpt lat="57.23047" lon="24.916584999999998">
        <ele>34</ele>
        <extensions>
          <distance>36836</distance>
        </extensions>
      </trkpt>
      <trkpt lat="57.23058" lon="24.91678">
        <ele>35</ele>
        <extensions>
          <distance>36853</distance>
        </extensions>
      </trkpt>
      <trkpt lat="57.23064" lon="24.9171">
        <ele>37</ele>
        <extensions>
          <distance>36873</distance>
        </extensions>
      </trkpt>
      <trkpt lat="57.23075" lon="24.917355">
        <ele>38</ele>
        <extensions>
          <distance>36893</distance>
        </extensions>
      </trkpt>
      <trkpt lat="57.23086000000001" lon="24.917610000000003">
        <ele>38</ele>
        <extensions>
          <distance>36913</distance>
        </extensions>
      </trkpt>
      <trkpt lat="57.230970000000006" lon="24.917865000000003">
        <ele>39</ele>
        <extensions>
          <distance>36932</distance>
        </extensions>
      </trkpt>
      <trkpt lat="57.231080000000006" lon="24.918120000000002">
        <ele>40</ele>
        <extensions>
          <distance>36952</distance>
        </extensions>
      </trkpt>
      <trkpt lat="57.231190000000005" lon="24.918375">
        <ele>41</ele>
        <extensions>
          <distance>36972</distance>
        </extensions>
      </trkpt>
      <trkpt lat="57.231300000000005" lon="24.91863">
        <ele>42</ele>
        <extensions>
          <distance>36991</distance>
        </extensions>
      </trkpt>
      <trkpt lat="57.231410000000004" lon="24.918885">
        <ele>42</ele>
        <extensions>
          <distance>37011</distance>
        </extensions>
      </trkpt>
      <trkpt lat="57.23152" lon="24.91914">
        <ele>42</ele>
        <extensions>
          <distance>37031</distance>
        </extensions>
      </trkpt>
      <trkpt lat="57.23168750000001" lon="24.919349999999998">
        <ele>42</ele>
        <extensions>
          <distance>37053</distance>
        </extensions>
      </trkpt>
      <trkpt lat="57.231855" lon="24.919559999999997">
        <ele>42</ele>
        <extensions>
          <distance>37076</distance>
        </extensions>
      </trkpt>
      <trkpt lat="57.2320225" lon="24.91977">
        <ele>42</ele>
        <extensions>
          <distance>37098</distance>
        </extensions>
      </trkpt>
      <trkpt lat="57.23219" lon="24.91998">
        <ele>41</ele>
        <extensions>
          <distance>37121</distance>
        </extensions>
      </trkpt>
      <trkpt lat="57.23236" lon="24.920365">
        <ele>41</ele>
        <extensions>
          <distance>37151</distance>
        </extensions>
      </trkpt>
      <trkpt lat="57.23253" lon="24.92075">
        <ele>40</ele>
        <extensions>
          <distance>37181</distance>
        </extensions>
      </trkpt>
      <trkpt lat="57.23269" lon="24.92091">
        <ele>40</ele>
        <extensions>
          <distance>37201</distance>
        </extensions>
      </trkpt>
      <trkpt lat="57.23285" lon="24.92107">
        <ele>38</ele>
        <extensions>
          <distance>37222</distance>
        </extensions>
      </trkpt>
      <trkpt lat="57.23301" lon="24.92123">
        <ele>35</ele>
        <extensions>
          <distance>37242</distance>
        </extensions>
      </trkpt>
      <trkpt lat="57.23317" lon="24.92139">
        <ele>33</ele>
        <extensions>
          <distance>37262</distance>
        </extensions>
      </trkpt>
      <trkpt lat="57.23339" lon="24.921657500000002">
        <ele>33</ele>
        <extensions>
          <distance>37292</distance>
        </extensions>
      </trkpt>
      <trkpt lat="57.23361" lon="24.921925">
        <ele>33</ele>
        <extensions>
          <distance>37321</distance>
        </extensions>
      </trkpt>
      <trkpt lat="57.23383" lon="24.9221925">
        <ele>33</ele>
        <extensions>
          <distance>37350</distance>
        </extensions>
      </trkpt>
      <trkpt lat="57.23405" lon="24.92246">
        <ele>34</ele>
        <extensions>
          <distance>37380</distance>
        </extensions>
      </trkpt>
      <trkpt lat="57.234170000000006" lon="24.922719999999998">
        <ele>34</ele>
        <extensions>
          <distance>37400</distance>
        </extensions>
      </trkpt>
      <trkpt lat="57.23429" lon="24.92298">
        <ele>34</ele>
        <extensions>
          <distance>37421</distance>
        </extensions>
      </trkpt>
      <trkpt lat="57.2344075" lon="24.923387499999997">
        <ele>36</ele>
        <extensions>
          <distance>37449</distance>
        </extensions>
      </trkpt>
      <trkpt lat="57.234525000000005" lon="24.923795">
        <ele>36</ele>
        <extensions>
          <distance>37477</distance>
        </extensions>
      </trkpt>
      <trkpt lat="57.23464250000001" lon="24.9242025">
        <ele>36</ele>
        <extensions>
          <distance>37505</distance>
        </extensions>
      </trkpt>
      <trkpt lat="57.23476" lon="24.92461">
        <ele>36</ele>
        <extensions>
          <distance>37533</distance>
        </extensions>
      </trkpt>
      <trkpt lat="57.234928749999995" lon="24.92495375">
        <ele>36</ele>
        <extensions>
          <distance>37561</distance>
        </extensions>
      </trkpt>
      <trkpt lat="57.235097499999995" lon="24.9252975">
        <ele>35</ele>
        <extensions>
          <distance>37589</distance>
        </extensions>
      </trkpt>
      <trkpt lat="57.235266249999995" lon="24.925641249999998">
        <ele>35</ele>
        <extensions>
          <distance>37617</distance>
        </extensions>
      </trkpt>
      <trkpt lat="57.235434999999995" lon="24.925985">
        <ele>35</ele>
        <extensions>
          <distance>37645</distance>
        </extensions>
      </trkpt>
      <trkpt lat="57.235603749999996" lon="24.926328750000003">
        <ele>35</ele>
        <extensions>
          <distance>37673</distance>
        </extensions>
      </trkpt>
      <trkpt lat="57.235772499999996" lon="24.926672500000002">
        <ele>35</ele>
        <extensions>
          <distance>37701</distance>
        </extensions>
      </trkpt>
      <trkpt lat="57.235941249999996" lon="24.92701625">
        <ele>35</ele>
        <extensions>
          <distance>37729</distance>
        </extensions>
      </trkpt>
      <trkpt lat="57.23611" lon="24.92736">
        <ele>36</ele>
        <extensions>
          <distance>37757</distance>
        </extensions>
      </trkpt>
      <trkpt lat="57.236062499999996" lon="24.92765">
        <ele>38</ele>
        <extensions>
          <distance>37775</distance>
        </extensions>
      </trkpt>
      <trkpt lat="57.236014999999995" lon="24.92794">
        <ele>41</ele>
        <extensions>
          <distance>37794</distance>
        </extensions>
      </trkpt>
      <trkpt lat="57.2359675" lon="24.92823">
        <ele>44</ele>
        <extensions>
          <distance>37812</distance>
        </extensions>
      </trkpt>
      <trkpt lat="57.23592" lon="24.92852">
        <ele>45</ele>
        <extensions>
          <distance>37830</distance>
        </extensions>
      </trkpt>
      <trkpt lat="57.235797500000004" lon="24.928675">
        <ele>47</ele>
        <extensions>
          <distance>37847</distance>
        </extensions>
      </trkpt>
      <trkpt lat="57.235675" lon="24.928829999999998">
        <ele>49</ele>
        <extensions>
          <distance>37864</distance>
        </extensions>
      </trkpt>
      <trkpt lat="57.2355525" lon="24.928984999999997">
        <ele>51</ele>
        <extensions>
          <distance>37880</distance>
        </extensions>
      </trkpt>
      <trkpt lat="57.23543" lon="24.92914">
        <ele>53</ele>
        <extensions>
          <distance>37897</distance>
        </extensions>
      </trkpt>
      <trkpt lat="57.235295" lon="24.929450000000003">
        <ele>55</ele>
        <extensions>
          <distance>37921</distance>
        </extensions>
      </trkpt>
      <trkpt lat="57.23516" lon="24.92976">
        <ele>57</ele>
        <extensions>
          <distance>37945</distance>
        </extensions>
      </trkpt>
      <trkpt lat="57.235025" lon="24.93007">
        <ele>57</ele>
        <extensions>
          <distance>37969</distance>
        </extensions>
      </trkpt>
      <trkpt lat="57.23489" lon="24.93038">
        <ele>58</ele>
        <extensions>
          <distance>37993</distance>
        </extensions>
      </trkpt>
      <trkpt lat="57.234815" lon="24.93082">
        <ele>61</ele>
        <extensions>
          <distance>38021</distance>
        </extensions>
      </trkpt>
      <trkpt lat="57.23474" lon="24.93126">
        <ele>62</ele>
        <extensions>
          <distance>38049</distance>
        </extensions>
      </trkpt>
      <trkpt lat="57.234815" lon="24.931585">
        <ele>62</ele>
        <extensions>
          <distance>38070</distance>
        </extensions>
      </trkpt>
      <trkpt lat="57.23489" lon="24.93191">
        <ele>62</ele>
        <extensions>
          <distance>38092</distance>
        </extensions>
      </trkpt>
      <trkpt lat="57.2350475" lon="24.931861249999997">
        <ele>62</ele>
        <extensions>
          <distance>38110</distance>
        </extensions>
      </trkpt>
      <trkpt lat="57.235205" lon="24.9318125">
        <ele>62</ele>
        <extensions>
          <distance>38127</distance>
        </extensions>
      </trkpt>
      <trkpt lat="57.2353625" lon="24.93176375">
        <ele>62</ele>
        <extensions>
          <distance>38145</distance>
        </extensions>
      </trkpt>
      <trkpt lat="57.23552" lon="24.931714999999997">
        <ele>61</ele>
        <extensions>
          <distance>38163</distance>
        </extensions>
      </trkpt>
      <trkpt lat="57.2356775" lon="24.93166625">
        <ele>60</ele>
        <extensions>
          <distance>38181</distance>
        </extensions>
      </trkpt>
      <trkpt lat="57.235835" lon="24.931617499999998">
        <ele>59</ele>
        <extensions>
          <distance>38199</distance>
        </extensions>
      </trkpt>
      <trkpt lat="57.2359925" lon="24.931568749999997">
        <ele>57</ele>
        <extensions>
          <distance>38216</distance>
        </extensions>
      </trkpt>
      <trkpt lat="57.23615" lon="24.93152">
        <ele>56</ele>
        <extensions>
          <distance>38234</distance>
        </extensions>
      </trkpt>
      <trkpt lat="57.236335" lon="24.93166">
        <ele>55</ele>
        <extensions>
          <distance>38257</distance>
        </extensions>
      </trkpt>
      <trkpt lat="57.23652" lon="24.9318">
        <ele>53</ele>
        <extensions>
          <distance>38279</distance>
        </extensions>
      </trkpt>
      <trkpt lat="57.2367175" lon="24.931977500000002">
        <ele>50</ele>
        <extensions>
          <distance>38304</distance>
        </extensions>
      </trkpt>
      <trkpt lat="57.236914999999996" lon="24.932155">
        <ele>48</ele>
        <extensions>
          <distance>38328</distance>
        </extensions>
      </trkpt>
      <trkpt lat="57.237112499999995" lon="24.9323325">
        <ele>46</ele>
        <extensions>
          <distance>38353</distance>
        </extensions>
      </trkpt>
      <trkpt lat="57.23731" lon="24.93251">
        <ele>46</ele>
        <extensions>
          <distance>38377</distance>
        </extensions>
      </trkpt>
      <trkpt lat="57.2373775" lon="24.9327425">
        <ele>46</ele>
        <extensions>
          <distance>38393</distance>
        </extensions>
      </trkpt>
      <trkpt lat="57.237445" lon="24.932975">
        <ele>46</ele>
        <extensions>
          <distance>38409</distance>
        </extensions>
      </trkpt>
      <trkpt lat="57.2375125" lon="24.9332075">
        <ele>46</ele>
        <extensions>
          <distance>38425</distance>
        </extensions>
      </trkpt>
      <trkpt lat="57.23758" lon="24.93344">
        <ele>47</ele>
        <extensions>
          <distance>38441</distance>
        </extensions>
      </trkpt>
      <trkpt lat="57.2376475" lon="24.9336725">
        <ele>48</ele>
        <extensions>
          <distance>38457</distance>
        </extensions>
      </trkpt>
      <trkpt lat="57.237715" lon="24.933905000000003">
        <ele>50</ele>
        <extensions>
          <distance>38473</distance>
        </extensions>
      </trkpt>
      <trkpt lat="57.2377825" lon="24.934137500000002">
        <ele>50</ele>
        <extensions>
          <distance>38489</distance>
        </extensions>
      </trkpt>
      <trkpt lat="57.23785" lon="24.93437">
        <ele>50</ele>
        <extensions>
          <distance>38505</distance>
        </extensions>
      </trkpt>
      <trkpt lat="57.23801" lon="24.93465">
        <ele>50</ele>
        <extensions>
          <distance>38529</distance>
        </extensions>
      </trkpt>
      <trkpt lat="57.23817" lon="24.93493">
        <ele>48</ele>
        <extensions>
          <distance>38554</distance>
        </extensions>
      </trkpt>
      <trkpt lat="57.23833" lon="24.935015">
        <ele>47</ele>
        <extensions>
          <distance>38572</distance>
        </extensions>
      </trkpt>
      <trkpt lat="57.23849" lon="24.9351">
        <ele>46</ele>
        <extensions>
          <distance>38591</distance>
        </extensions>
      </trkpt>
      <trkpt lat="57.238640000000004" lon="24.93491">
        <ele>46</ele>
        <extensions>
          <distance>38611</distance>
        </extensions>
      </trkpt>
      <trkpt lat="57.23879" lon="24.93472">
        <ele>46</ele>
        <extensions>
          <distance>38632</distance>
        </extensions>
      </trkpt>
      <trkpt lat="57.23894250000001" lon="24.934482499999998">
        <ele>45</ele>
        <extensions>
          <distance>38654</distance>
        </extensions>
      </trkpt>
      <trkpt lat="57.239095000000006" lon="24.934244999999997">
        <ele>45</ele>
        <extensions>
          <distance>38676</distance>
        </extensions>
      </trkpt>
      <trkpt lat="57.239247500000005" lon="24.9340075">
        <ele>44</ele>
        <extensions>
          <distance>38698</distance>
        </extensions>
      </trkpt>
      <trkpt lat="57.2394" lon="24.93377">
        <ele>42</ele>
        <extensions>
          <distance>38721</distance>
        </extensions>
      </trkpt>
      <trkpt lat="57.2396" lon="24.93372">
        <ele>39</ele>
        <extensions>
          <distance>38743</distance>
        </extensions>
      </trkpt>
      <trkpt lat="57.2398" lon="24.93367">
        <ele>37</ele>
        <extensions>
          <distance>38766</distance>
        </extensions>
      </trkpt>
      <trkpt lat="57.239935" lon="24.9336525">
        <ele>36</ele>
        <extensions>
          <distance>38781</distance>
        </extensions>
      </trkpt>
      <trkpt lat="57.24007" lon="24.933635">
        <ele>34</ele>
        <extensions>
          <distance>38796</distance>
        </extensions>
      </trkpt>
      <trkpt lat="57.240205" lon="24.933617499999997">
        <ele>33</ele>
        <extensions>
          <distance>38811</distance>
        </extensions>
      </trkpt>
      <trkpt lat="57.24034" lon="24.9336">
        <ele>31</ele>
        <extensions>
          <distance>38826</distance>
        </extensions>
      </trkpt>
      <trkpt lat="57.24056" lon="24.933504999999997">
        <ele>28</ele>
        <extensions>
          <distance>38852</distance>
        </extensions>
      </trkpt>
      <trkpt lat="57.24078" lon="24.93341">
        <ele>25</ele>
        <extensions>
          <distance>38877</distance>
        </extensions>
      </trkpt>
      <trkpt lat="57.241" lon="24.933315">
        <ele>23</ele>
        <extensions>
          <distance>38902</distance>
        </extensions>
      </trkpt>
      <trkpt lat="57.24122" lon="24.93322">
        <ele>23</ele>
        <extensions>
          <distance>38928</distance>
        </extensions>
      </trkpt>
      <trkpt lat="57.241351249999994" lon="24.933075">
        <ele>23</ele>
        <extensions>
          <distance>38945</distance>
        </extensions>
      </trkpt>
      <trkpt lat="57.2414825" lon="24.93293">
        <ele>23</ele>
        <extensions>
          <distance>38962</distance>
        </extensions>
      </trkpt>
      <trkpt lat="57.24161375" lon="24.932785">
        <ele>23</ele>
        <extensions>
          <distance>38979</distance>
        </extensions>
      </trkpt>
      <trkpt lat="57.241744999999995" lon="24.93264">
        <ele>23</ele>
        <extensions>
          <distance>38996</distance>
        </extensions>
      </trkpt>
      <trkpt lat="57.24187625" lon="24.932495">
        <ele>23</ele>
        <extensions>
          <distance>39013</distance>
        </extensions>
      </trkpt>
      <trkpt lat="57.2420075" lon="24.93235">
        <ele>23</ele>
        <extensions>
          <distance>39030</distance>
        </extensions>
      </trkpt>
      <trkpt lat="57.242138749999995" lon="24.932205">
        <ele>23</ele>
        <extensions>
          <distance>39047</distance>
        </extensions>
      </trkpt>
      <trkpt lat="57.24227" lon="24.93206">
        <ele>23</ele>
        <extensions>
          <distance>39064</distance>
        </extensions>
      </trkpt>
      <trkpt lat="57.2424475" lon="24.931715">
        <ele>24</ele>
        <extensions>
          <distance>39093</distance>
        </extensions>
      </trkpt>
      <trkpt lat="57.242625000000004" lon="24.93137">
        <ele>25</ele>
        <extensions>
          <distance>39121</distance>
        </extensions>
      </trkpt>
      <trkpt lat="57.2428025" lon="24.931024999999998">
        <ele>26</ele>
        <extensions>
          <distance>39150</distance>
        </extensions>
      </trkpt>
      <trkpt lat="57.24298" lon="24.93068">
        <ele>26</ele>
        <extensions>
          <distance>39179</distance>
        </extensions>
      </trkpt>
      <trkpt lat="57.243225" lon="24.930565">
        <ele>26</ele>
        <extensions>
          <distance>39207</distance>
        </extensions>
      </trkpt>
      <trkpt lat="57.24347" lon="24.93045">
        <ele>26</ele>
        <extensions>
          <distance>39235</distance>
        </extensions>
      </trkpt>
      <trkpt lat="57.243610000000004" lon="24.930475">
        <ele>26</ele>
        <extensions>
          <distance>39251</distance>
        </extensions>
      </trkpt>
      <trkpt lat="57.243750000000006" lon="24.930500000000002">
        <ele>26</ele>
        <extensions>
          <distance>39266</distance>
        </extensions>
      </trkpt>
      <trkpt lat="57.24389000000001" lon="24.930525000000003">
        <ele>26</ele>
        <extensions>
          <distance>39282</distance>
        </extensions>
      </trkpt>
      <trkpt lat="57.24403" lon="24.93055">
        <ele>26</ele>
        <extensions>
          <distance>39298</distance>
        </extensions>
      </trkpt>
      <trkpt lat="57.24419" lon="24.93069">
        <ele>26</ele>
        <extensions>
          <distance>39317</distance>
        </extensions>
      </trkpt>
      <trkpt lat="57.24435" lon="24.93083">
        <ele>26</ele>
        <extensions>
          <distance>39337</distance>
        </extensions>
      </trkpt>
      <trkpt lat="57.244384999999994" lon="24.931195000000002">
        <ele>27</ele>
        <extensions>
          <distance>39359</distance>
        </extensions>
      </trkpt>
      <trkpt lat="57.24442" lon="24.93156">
        <ele>27</ele>
        <extensions>
          <distance>39382</distance>
        </extensions>
      </trkpt>
      <trkpt lat="57.24452" lon="24.93173">
        <ele>27</ele>
        <extensions>
          <distance>39397</distance>
        </extensions>
      </trkpt>
      <trkpt lat="57.24478" lon="24.93182">
        <ele>28</ele>
        <extensions>
          <distance>39426</distance>
        </extensions>
      </trkpt>
      <trkpt lat="57.24492" lon="24.93184">
        <ele>28</ele>
        <extensions>
          <distance>39442</distance>
        </extensions>
      </trkpt>
      <trkpt lat="57.24506" lon="24.93186">
        <ele>28</ele>
        <extensions>
          <distance>39458</distance>
        </extensions>
      </trkpt>
      <trkpt lat="57.24525" lon="24.93204">
        <ele>28</ele>
        <extensions>
          <distance>39482</distance>
        </extensions>
      </trkpt>
      <trkpt lat="57.24542" lon="24.93238">
        <ele>28</ele>
        <extensions>
          <distance>39509</distance>
        </extensions>
      </trkpt>
      <trkpt lat="57.24553" lon="24.932755">
        <ele>28</ele>
        <extensions>
          <distance>39535</distance>
        </extensions>
      </trkpt>
      <trkpt lat="57.24564" lon="24.93313">
        <ele>28</ele>
        <extensions>
          <distance>39561</distance>
        </extensions>
      </trkpt>
      <trkpt lat="57.245685" lon="24.9335375">
        <ele>28</ele>
        <extensions>
          <distance>39586</distance>
        </extensions>
      </trkpt>
      <trkpt lat="57.24573" lon="24.933944999999998">
        <ele>27</ele>
        <extensions>
          <distance>39611</distance>
        </extensions>
      </trkpt>
      <trkpt lat="57.245775" lon="24.934352499999996">
        <ele>27</ele>
        <extensions>
          <distance>39636</distance>
        </extensions>
      </trkpt>
      <trkpt lat="57.24582" lon="24.934759999999997">
        <ele>27</ele>
        <extensions>
          <distance>39661</distance>
        </extensions>
      </trkpt>
      <trkpt lat="57.245865" lon="24.9351675">
        <ele>26</ele>
        <extensions>
          <distance>39686</distance>
        </extensions>
      </trkpt>
      <trkpt lat="57.24591" lon="24.935575">
        <ele>26</ele>
        <extensions>
          <distance>39712</distance>
        </extensions>
      </trkpt>
      <trkpt lat="57.245955" lon="24.9359825">
        <ele>25</ele>
        <extensions>
          <distance>39737</distance>
        </extensions>
      </trkpt>
      <trkpt lat="57.246" lon="24.93639">
        <ele>25</ele>
        <extensions>
          <distance>39762</distance>
        </extensions>
      </trkpt>
      <trkpt lat="57.245990000000006" lon="24.93674">
        <ele>25</ele>
        <extensions>
          <distance>39783</distance>
        </extensions>
      </trkpt>
      <trkpt lat="57.24598" lon="24.937089999999998">
        <ele>25</ele>
        <extensions>
          <distance>39804</distance>
        </extensions>
      </trkpt>
      <trkpt lat="57.24597" lon="24.93744">
        <ele>25</ele>
        <extensions>
          <distance>39825</distance>
        </extensions>
      </trkpt>
      <trkpt lat="57.24596" lon="24.93779">
        <ele>24</ele>
        <extensions>
          <distance>39846</distance>
        </extensions>
      </trkpt>
      <trkpt lat="57.245977499999995" lon="24.9380725">
        <ele>24</ele>
        <extensions>
          <distance>39864</distance>
        </extensions>
      </trkpt>
      <trkpt lat="57.24599499999999" lon="24.938355">
        <ele>24</ele>
        <extensions>
          <distance>39881</distance>
        </extensions>
      </trkpt>
      <trkpt lat="57.24601249999999" lon="24.9386375">
        <ele>24</ele>
        <extensions>
          <distance>39898</distance>
        </extensions>
      </trkpt>
      <trkpt lat="57.24603" lon="24.93892">
        <ele>25</ele>
        <extensions>
          <distance>39915</distance>
        </extensions>
      </trkpt>
      <trkpt lat="57.24603" lon="24.939235">
        <ele>25</ele>
        <extensions>
          <distance>39934</distance>
        </extensions>
      </trkpt>
      <trkpt lat="57.24603" lon="24.93955">
        <ele>25</ele>
        <extensions>
          <distance>39953</distance>
        </extensions>
      </trkpt>
      <trkpt lat="57.245965" lon="24.9399">
        <ele>25</ele>
        <extensions>
          <distance>39976</distance>
        </extensions>
      </trkpt>
      <trkpt lat="57.2459" lon="24.94025">
        <ele>25</ele>
        <extensions>
          <distance>39998</distance>
        </extensions>
      </trkpt>
      <trkpt lat="57.245850000000004" lon="24.940675">
        <ele>25</ele>
        <extensions>
          <distance>40024</distance>
        </extensions>
      </trkpt>
      <trkpt lat="57.2458" lon="24.9411">
        <ele>25</ele>
        <extensions>
          <distance>40050</distance>
        </extensions>
      </trkpt>
      <trkpt lat="57.24575" lon="24.941525">
        <ele>25</ele>
        <extensions>
          <distance>40077</distance>
        </extensions>
      </trkpt>
      <trkpt lat="57.2457" lon="24.94195">
        <ele>24</ele>
        <extensions>
          <distance>40103</distance>
        </extensions>
      </trkpt>
      <trkpt lat="57.245755" lon="24.942345">
        <ele>24</ele>
        <extensions>
          <distance>40127</distance>
        </extensions>
      </trkpt>
      <trkpt lat="57.24581" lon="24.94274">
        <ele>24</ele>
        <extensions>
          <distance>40152</distance>
        </extensions>
      </trkpt>
      <trkpt lat="57.2458" lon="24.94304">
        <ele>24</ele>
        <extensions>
          <distance>40170</distance>
        </extensions>
      </trkpt>
      <trkpt lat="57.24579" lon="24.94334">
        <ele>24</ele>
        <extensions>
          <distance>40188</distance>
        </extensions>
      </trkpt>
      <trkpt lat="57.24581" lon="24.94343">
        <ele>24</ele>
        <extensions>
          <distance>40194</distance>
        </extensions>
      </trkpt>
      <trkpt lat="57.24592" lon="24.94343">
        <ele>24</ele>
        <extensions>
          <distance>40207</distance>
        </extensions>
      </trkpt>
      <trkpt lat="57.246145" lon="24.943675">
        <ele>25</ele>
        <extensions>
          <distance>40236</distance>
        </extensions>
      </trkpt>
      <trkpt lat="57.24637" lon="24.94392">
        <ele>26</ele>
        <extensions>
          <distance>40265</distance>
        </extensions>
      </trkpt>
      <trkpt lat="57.246268125" lon="24.944291874999998">
        <ele>27</ele>
        <extensions>
          <distance>40290</distance>
        </extensions>
      </trkpt>
      <trkpt lat="57.24616625" lon="24.944663749999997">
        <ele>27</ele>
        <extensions>
          <distance>40315</distance>
        </extensions>
      </trkpt>
      <trkpt lat="57.246064375" lon="24.945035624999996">
        <ele>27</ele>
        <extensions>
          <distance>40340</distance>
        </extensions>
      </trkpt>
      <trkpt lat="57.2459625" lon="24.945407499999998">
        <ele>27</ele>
        <extensions>
          <distance>40365</distance>
        </extensions>
      </trkpt>
      <trkpt lat="57.24586062499999" lon="24.945779375">
        <ele>27</ele>
        <extensions>
          <distance>40391</distance>
        </extensions>
      </trkpt>
      <trkpt lat="57.24575874999999" lon="24.94615125">
        <ele>27</ele>
        <extensions>
          <distance>40416</distance>
        </extensions>
      </trkpt>
      <trkpt lat="57.245656874999995" lon="24.946523125">
        <ele>27</ele>
        <extensions>
          <distance>40441</distance>
        </extensions>
      </trkpt>
      <trkpt lat="57.245554999999996" lon="24.946894999999998">
        <ele>28</ele>
        <extensions>
          <distance>40466</distance>
        </extensions>
      </trkpt>
      <trkpt lat="57.245453125" lon="24.947266874999997">
        <ele>29</ele>
        <extensions>
          <distance>40491</distance>
        </extensions>
      </trkpt>
      <trkpt lat="57.24535125" lon="24.94763875">
        <ele>30</ele>
        <extensions>
          <distance>40516</distance>
        </extensions>
      </trkpt>
      <trkpt lat="57.245249375" lon="24.948010625000002">
        <ele>30</ele>
        <extensions>
          <distance>40541</distance>
        </extensions>
      </trkpt>
      <trkpt lat="57.2451475" lon="24.9483825">
        <ele>30</ele>
        <extensions>
          <distance>40567</distance>
        </extensions>
      </trkpt>
      <trkpt lat="57.245045625" lon="24.948754375">
        <ele>30</ele>
        <extensions>
          <distance>40592</distance>
        </extensions>
      </trkpt>
      <trkpt lat="57.244943750000004" lon="24.94912625">
        <ele>29</ele>
        <extensions>
          <distance>40617</distance>
        </extensions>
      </trkpt>
      <trkpt lat="57.244841875000006" lon="24.949498124999998">
        <ele>29</ele>
        <extensions>
          <distance>40642</distance>
        </extensions>
      </trkpt>
      <trkpt lat="57.24474" lon="24.94987">
        <ele>29</ele>
        <extensions>
          <distance>40667</distance>
        </extensions>
      </trkpt>
      <trkpt lat="57.24476" lon="24.95034">
        <ele>29</ele>
        <extensions>
          <distance>40696</distance>
        </extensions>
      </trkpt>
      <trkpt lat="57.24462" lon="24.950715000000002">
        <ele>30</ele>
        <extensions>
          <distance>40723</distance>
        </extensions>
      </trkpt>
      <trkpt lat="57.244479999999996" lon="24.95109">
        <ele>31</ele>
        <extensions>
          <distance>40751</distance>
        </extensions>
      </trkpt>
      <trkpt lat="57.244339999999994" lon="24.951465">
        <ele>34</ele>
        <extensions>
          <distance>40778</distance>
        </extensions>
      </trkpt>
      <trkpt lat="57.2442" lon="24.95184">
        <ele>37</ele>
        <extensions>
          <distance>40806</distance>
        </extensions>
      </trkpt>
      <trkpt lat="57.2441675" lon="24.952215000000002">
        <ele>38</ele>
        <extensions>
          <distance>40829</distance>
        </extensions>
      </trkpt>
      <trkpt lat="57.244135" lon="24.95259">
        <ele>39</ele>
        <extensions>
          <distance>40852</distance>
        </extensions>
      </trkpt>
      <trkpt lat="57.2441025" lon="24.952965">
        <ele>39</ele>
        <extensions>
          <distance>40875</distance>
        </extensions>
      </trkpt>
      <trkpt lat="57.24407" lon="24.95334">
        <ele>39</ele>
        <extensions>
          <distance>40898</distance>
        </extensions>
      </trkpt>
      <trkpt lat="57.2440925" lon="24.953685">
        <ele>39</ele>
        <extensions>
          <distance>40919</distance>
        </extensions>
      </trkpt>
      <trkpt lat="57.244115" lon="24.95403">
        <ele>37</ele>
        <extensions>
          <distance>40940</distance>
        </extensions>
      </trkpt>
      <trkpt lat="57.2441375" lon="24.954375">
        <ele>36</ele>
        <extensions>
          <distance>40961</distance>
        </extensions>
      </trkpt>
      <trkpt lat="57.24416" lon="24.95472">
        <ele>36</ele>
        <extensions>
          <distance>40982</distance>
        </extensions>
      </trkpt>
      <trkpt lat="57.244254999999995" lon="24.954974999999997">
        <ele>36</ele>
        <extensions>
          <distance>41000</distance>
        </extensions>
      </trkpt>
      <trkpt lat="57.24435" lon="24.95523">
        <ele>35</ele>
        <extensions>
          <distance>41019</distance>
        </extensions>
      </trkpt>
      <trkpt lat="57.24433" lon="24.955489999999998">
        <ele>35</ele>
        <extensions>
          <distance>41035</distance>
        </extensions>
      </trkpt>
      <trkpt lat="57.24431" lon="24.95575">
        <ele>34</ele>
        <extensions>
          <distance>41051</distance>
        </extensions>
      </trkpt>
      <trkpt lat="57.244415000000004" lon="24.956049999999998">
        <ele>34</ele>
        <extensions>
          <distance>41072</distance>
        </extensions>
      </trkpt>
      <trkpt lat="57.24452" lon="24.95635">
        <ele>32</ele>
        <extensions>
          <distance>41094</distance>
        </extensions>
      </trkpt>
      <trkpt lat="57.24465000000001" lon="24.956467500000002">
        <ele>29</ele>
        <extensions>
          <distance>41110</distance>
        </extensions>
      </trkpt>
      <trkpt lat="57.244780000000006" lon="24.956585">
        <ele>26</ele>
        <extensions>
          <distance>41127</distance>
        </extensions>
      </trkpt>
      <trkpt lat="57.244910000000004" lon="24.9567025">
        <ele>25</ele>
        <extensions>
          <distance>41143</distance>
        </extensions>
      </trkpt>
      <trkpt lat="57.24504" lon="24.95682">
        <ele>25</ele>
        <extensions>
          <distance>41159</distance>
        </extensions>
      </trkpt>
      <trkpt lat="57.245124375" lon="24.957038750000002">
        <ele>25</ele>
        <extensions>
          <distance>41175</distance>
        </extensions>
      </trkpt>
      <trkpt lat="57.24520875" lon="24.9572575">
        <ele>25</ele>
        <extensions>
          <distance>41191</distance>
        </extensions>
      </trkpt>
      <trkpt lat="57.245293125" lon="24.95747625">
        <ele>27</ele>
        <extensions>
          <distance>41208</distance>
        </extensions>
      </trkpt>
      <trkpt lat="57.245377500000004" lon="24.957695">
        <ele>27</ele>
        <extensions>
          <distance>41224</distance>
        </extensions>
      </trkpt>
      <trkpt lat="57.245461875000004" lon="24.957913750000003">
        <ele>28</ele>
        <extensions>
          <distance>41240</distance>
        </extensions>
      </trkpt>
      <trkpt lat="57.245546250000004" lon="24.9581325">
        <ele>29</ele>
        <extensions>
          <distance>41256</distance>
        </extensions>
      </trkpt>
      <trkpt lat="57.245630625000004" lon="24.95835125">
        <ele>29</ele>
        <extensions>
          <distance>41273</distance>
        </extensions>
      </trkpt>
      <trkpt lat="57.245715000000004" lon="24.95857">
        <ele>29</ele>
        <extensions>
          <distance>41289</distance>
        </extensions>
      </trkpt>
      <trkpt lat="57.245799375000004" lon="24.958788750000004">
        <ele>29</ele>
        <extensions>
          <distance>41305</distance>
        </extensions>
      </trkpt>
      <trkpt lat="57.245883750000004" lon="24.959007500000002">
        <ele>29</ele>
        <extensions>
          <distance>41321</distance>
        </extensions>
      </trkpt>
      <trkpt lat="57.245968125000005" lon="24.95922625">
        <ele>28</ele>
        <extensions>
          <distance>41337</distance>
        </extensions>
      </trkpt>
      <trkpt lat="57.246052500000005" lon="24.959445000000002">
        <ele>28</ele>
        <extensions>
          <distance>41354</distance>
        </extensions>
      </trkpt>
      <trkpt lat="57.246136875000005" lon="24.95966375">
        <ele>28</ele>
        <extensions>
          <distance>41370</distance>
        </extensions>
      </trkpt>
      <trkpt lat="57.246221250000005" lon="24.9598825">
        <ele>28</ele>
        <extensions>
          <distance>41386</distance>
        </extensions>
      </trkpt>
      <trkpt lat="57.246305625000005" lon="24.96010125">
        <ele>28</ele>
        <extensions>
          <distance>41402</distance>
        </extensions>
      </trkpt>
      <trkpt lat="57.24639" lon="24.96032">
        <ele>28</ele>
        <extensions>
          <distance>41418</distance>
        </extensions>
      </trkpt>
      <trkpt lat="57.246520000000004" lon="24.960725">
        <ele>28</ele>
        <extensions>
          <distance>41447</distance>
        </extensions>
      </trkpt>
      <trkpt lat="57.24665" lon="24.96113">
        <ele>28</ele>
        <extensions>
          <distance>41475</distance>
        </extensions>
      </trkpt>
      <trkpt lat="57.2467025" lon="24.96136">
        <ele>28</ele>
        <extensions>
          <distance>41490</distance>
        </extensions>
      </trkpt>
      <trkpt lat="57.246755" lon="24.96159">
        <ele>28</ele>
        <extensions>
          <distance>41505</distance>
        </extensions>
      </trkpt>
      <trkpt lat="57.2468075" lon="24.961820000000003">
        <ele>28</ele>
        <extensions>
          <distance>41521</distance>
        </extensions>
      </trkpt>
      <trkpt lat="57.24686" lon="24.96205">
        <ele>28</ele>
        <extensions>
          <distance>41536</distance>
        </extensions>
      </trkpt>
      <trkpt lat="57.247074999999995" lon="24.96214">
        <ele>28</ele>
        <extensions>
          <distance>41560</distance>
        </extensions>
      </trkpt>
      <trkpt lat="57.24729" lon="24.96223">
        <ele>28</ele>
        <extensions>
          <distance>41585</distance>
        </extensions>
      </trkpt>
      <trkpt lat="57.2473825" lon="24.962470000000003">
        <ele>28</ele>
        <extensions>
          <distance>41602</distance>
        </extensions>
      </trkpt>
      <trkpt lat="57.247475" lon="24.96271">
        <ele>28</ele>
        <extensions>
          <distance>41620</distance>
        </extensions>
      </trkpt>
      <trkpt lat="57.2475675" lon="24.96295">
        <ele>28</ele>
        <extensions>
          <distance>41638</distance>
        </extensions>
      </trkpt>
      <trkpt lat="57.24766" lon="24.96319">
        <ele>28</ele>
        <extensions>
          <distance>41656</distance>
        </extensions>
      </trkpt>
      <trkpt lat="57.24772125" lon="24.963412500000004">
        <ele>29</ele>
        <extensions>
          <distance>41671</distance>
        </extensions>
      </trkpt>
      <trkpt lat="57.2477825" lon="24.963635000000004">
        <ele>29</ele>
        <extensions>
          <distance>41686</distance>
        </extensions>
      </trkpt>
      <trkpt lat="57.24784375" lon="24.963857500000003">
        <ele>29</ele>
        <extensions>
          <distance>41701</distance>
        </extensions>
      </trkpt>
      <trkpt lat="57.247905" lon="24.964080000000003">
        <ele>29</ele>
        <extensions>
          <distance>41716</distance>
        </extensions>
      </trkpt>
      <trkpt lat="57.247966250000005" lon="24.964302500000002">
        <ele>29</ele>
        <extensions>
          <distance>41731</distance>
        </extensions>
      </trkpt>
      <trkpt lat="57.248027500000006" lon="24.964525000000002">
        <ele>28</ele>
        <extensions>
          <distance>41746</distance>
        </extensions>
      </trkpt>
      <trkpt lat="57.24808875000001" lon="24.9647475">
        <ele>28</ele>
        <extensions>
          <distance>41761</distance>
        </extensions>
      </trkpt>
      <trkpt lat="57.24815" lon="24.96497">
        <ele>28</ele>
        <extensions>
          <distance>41776</distance>
        </extensions>
      </trkpt>
      <trkpt lat="57.24820625" lon="24.965220000000002">
        <ele>28</ele>
        <extensions>
          <distance>41793</distance>
        </extensions>
      </trkpt>
      <trkpt lat="57.2482625" lon="24.96547">
        <ele>28</ele>
        <extensions>
          <distance>41809</distance>
        </extensions>
      </trkpt>
      <trkpt lat="57.24831875" lon="24.965719999999997">
        <ele>28</ele>
        <extensions>
          <distance>41825</distance>
        </extensions>
      </trkpt>
      <trkpt lat="57.248375" lon="24.96597">
        <ele>28</ele>
        <extensions>
          <distance>41842</distance>
        </extensions>
      </trkpt>
      <trkpt lat="57.24843125" lon="24.96622">
        <ele>28</ele>
        <extensions>
          <distance>41858</distance>
        </extensions>
      </trkpt>
      <trkpt lat="57.2484875" lon="24.96647">
        <ele>28</ele>
        <extensions>
          <distance>41874</distance>
        </extensions>
      </trkpt>
      <trkpt lat="57.24854375" lon="24.966720000000002">
        <ele>28</ele>
        <extensions>
          <distance>41891</distance>
        </extensions>
      </trkpt>
      <trkpt lat="57.2486" lon="24.96697">
        <ele>28</ele>
        <extensions>
          <distance>41907</distance>
        </extensions>
      </trkpt>
      <trkpt lat="57.248655" lon="24.967354999999998">
        <ele>29</ele>
        <extensions>
          <distance>41931</distance>
        </extensions>
      </trkpt>
      <trkpt lat="57.24871" lon="24.96774">
        <ele>30</ele>
        <extensions>
          <distance>41955</distance>
        </extensions>
      </trkpt>
      <trkpt lat="57.248765000000006" lon="24.968125">
        <ele>31</ele>
        <extensions>
          <distance>41979</distance>
        </extensions>
      </trkpt>
      <trkpt lat="57.24882" lon="24.96851">
        <ele>33</ele>
        <extensions>
          <distance>42003</distance>
        </extensions>
      </trkpt>
      <trkpt lat="57.248905" lon="24.968865">
        <ele>34</ele>
        <extensions>
          <distance>42027</distance>
        </extensions>
      </trkpt>
      <trkpt lat="57.24899" lon="24.96922">
        <ele>34</ele>
        <extensions>
          <distance>42050</distance>
        </extensions>
      </trkpt>
      <trkpt lat="57.24913" lon="24.96949">
        <ele>34</ele>
        <extensions>
          <distance>42073</distance>
        </extensions>
      </trkpt>
      <trkpt lat="57.24927" lon="24.96976">
        <ele>35</ele>
        <extensions>
          <distance>42095</distance>
        </extensions>
      </trkpt>
      <trkpt lat="57.249317500000004" lon="24.9701075">
        <ele>35</ele>
        <extensions>
          <distance>42117</distance>
        </extensions>
      </trkpt>
      <trkpt lat="57.249365" lon="24.970455">
        <ele>35</ele>
        <extensions>
          <distance>42139</distance>
        </extensions>
      </trkpt>
      <trkpt lat="57.2494125" lon="24.9708025">
        <ele>35</ele>
        <extensions>
          <distance>42160</distance>
        </extensions>
      </trkpt>
      <trkpt lat="57.24946" lon="24.97115">
        <ele>35</ele>
        <extensions>
          <distance>42182</distance>
        </extensions>
      </trkpt>
      <trkpt lat="57.24947" lon="24.97156">
        <ele>35</ele>
        <extensions>
          <distance>42207</distance>
        </extensions>
      </trkpt>
      <trkpt lat="57.24948" lon="24.97197">
        <ele>33</ele>
        <extensions>
          <distance>42231</distance>
        </extensions>
      </trkpt>
      <trkpt lat="57.249395" lon="24.972215">
        <ele>33</ele>
        <extensions>
          <distance>42249</distance>
        </extensions>
      </trkpt>
      <trkpt lat="57.24931" lon="24.97246">
        <ele>33</ele>
        <extensions>
          <distance>42267</distance>
        </extensions>
      </trkpt>
      <trkpt lat="57.249095" lon="24.972685">
        <ele>33</ele>
        <extensions>
          <distance>42294</distance>
        </extensions>
      </trkpt>
      <trkpt lat="57.24888" lon="24.97291">
        <ele>33</ele>
        <extensions>
          <distance>42322</distance>
        </extensions>
      </trkpt>
      <trkpt lat="57.248655" lon="24.97306">
        <ele>34</ele>
        <extensions>
          <distance>42348</distance>
        </extensions>
      </trkpt>
      <trkpt lat="57.24843" lon="24.97321">
        <ele>34</ele>
        <extensions>
          <distance>42375</distance>
        </extensions>
      </trkpt>
      <trkpt lat="57.24835" lon="24.973462500000004">
        <ele>34</ele>
        <extensions>
          <distance>42393</distance>
        </extensions>
      </trkpt>
      <trkpt lat="57.24827" lon="24.973715000000002">
        <ele>34</ele>
        <extensions>
          <distance>42410</distance>
        </extensions>
      </trkpt>
      <trkpt lat="57.248189999999994" lon="24.9739675">
        <ele>33</ele>
        <extensions>
          <distance>42428</distance>
        </extensions>
      </trkpt>
      <trkpt lat="57.24811" lon="24.974220000000003">
        <ele>31</ele>
        <extensions>
          <distance>42446</distance>
        </extensions>
      </trkpt>
      <trkpt lat="57.24803" lon="24.9744725">
        <ele>30</ele>
        <extensions>
          <distance>42463</distance>
        </extensions>
      </trkpt>
      <trkpt lat="57.24795" lon="24.974725">
        <ele>29</ele>
        <extensions>
          <distance>42481</distance>
        </extensions>
      </trkpt>
      <trkpt lat="57.247870000000006" lon="24.9749775">
        <ele>28</ele>
        <extensions>
          <distance>42499</distance>
        </extensions>
      </trkpt>
      <trkpt lat="57.24779" lon="24.97523">
        <ele>27</ele>
        <extensions>
          <distance>42516</distance>
        </extensions>
      </trkpt>
      <trkpt lat="57.247783749999996" lon="24.97549">
        <ele>26</ele>
        <extensions>
          <distance>42532</distance>
        </extensions>
      </trkpt>
      <trkpt lat="57.2477775" lon="24.975749999999998">
        <ele>25</ele>
        <extensions>
          <distance>42548</distance>
        </extensions>
      </trkpt>
      <trkpt lat="57.24777125" lon="24.97601">
        <ele>24</ele>
        <extensions>
          <distance>42564</distance>
        </extensions>
      </trkpt>
      <trkpt lat="57.247765" lon="24.97627">
        <ele>24</ele>
        <extensions>
          <distance>42579</distance>
        </extensions>
      </trkpt>
      <trkpt lat="57.24775875" lon="24.97653">
        <ele>24</ele>
        <extensions>
          <distance>42595</distance>
        </extensions>
      </trkpt>
      <trkpt lat="57.247752500000004" lon="24.97679">
        <ele>24</ele>
        <extensions>
          <distance>42611</distance>
        </extensions>
      </trkpt>
      <trkpt lat="57.247746250000006" lon="24.97705">
        <ele>24</ele>
        <extensions>
          <distance>42626</distance>
        </extensions>
      </trkpt>
      <trkpt lat="57.24774" lon="24.97731">
        <ele>24</ele>
        <extensions>
          <distance>42642</distance>
        </extensions>
      </trkpt>
      <trkpt lat="57.247757500000006" lon="24.9775675">
        <ele>24</ele>
        <extensions>
          <distance>42658</distance>
        </extensions>
      </trkpt>
      <trkpt lat="57.247775000000004" lon="24.977825">
        <ele>24</ele>
        <extensions>
          <distance>42673</distance>
        </extensions>
      </trkpt>
      <trkpt lat="57.2477925" lon="24.9780825">
        <ele>24</ele>
        <extensions>
          <distance>42689</distance>
        </extensions>
      </trkpt>
      <trkpt lat="57.24781" lon="24.97834">
        <ele>24</ele>
        <extensions>
          <distance>42705</distance>
        </extensions>
      </trkpt>
      <trkpt lat="57.2477725" lon="24.9787325">
        <ele>25</ele>
        <extensions>
          <distance>42729</distance>
        </extensions>
      </trkpt>
      <trkpt lat="57.247735000000006" lon="24.979125">
        <ele>25</ele>
        <extensions>
          <distance>42753</distance>
        </extensions>
      </trkpt>
      <trkpt lat="57.2476975" lon="24.9795175">
        <ele>25</ele>
        <extensions>
          <distance>42777</distance>
        </extensions>
      </trkpt>
      <trkpt lat="57.24766" lon="24.97991">
        <ele>25</ele>
        <extensions>
          <distance>42801</distance>
        </extensions>
      </trkpt>
      <trkpt lat="57.247596875" lon="24.980139375">
        <ele>26</ele>
        <extensions>
          <distance>42817</distance>
        </extensions>
      </trkpt>
      <trkpt lat="57.24753375" lon="24.98036875">
        <ele>26</ele>
        <extensions>
          <distance>42832</distance>
        </extensions>
      </trkpt>
      <trkpt lat="57.247470625000005" lon="24.980598125">
        <ele>26</ele>
        <extensions>
          <distance>42848</distance>
        </extensions>
      </trkpt>
      <trkpt lat="57.24740750000001" lon="24.9808275">
        <ele>26</ele>
        <extensions>
          <distance>42863</distance>
        </extensions>
      </trkpt>
      <trkpt lat="57.24734437500001" lon="24.981056875">
        <ele>26</ele>
        <extensions>
          <distance>42879</distance>
        </extensions>
      </trkpt>
      <trkpt lat="57.24728125000001" lon="24.98128625">
        <ele>26</ele>
        <extensions>
          <distance>42894</distance>
        </extensions>
      </trkpt>
      <trkpt lat="57.247218125" lon="24.981515625">
        <ele>26</ele>
        <extensions>
          <distance>42910</distance>
        </extensions>
      </trkpt>
      <trkpt lat="57.24715500000001" lon="24.981745">
        <ele>26</ele>
        <extensions>
          <distance>42925</distance>
        </extensions>
      </trkpt>
      <trkpt lat="57.24709187500001" lon="24.981974375">
        <ele>26</ele>
        <extensions>
          <distance>42941</distance>
        </extensions>
      </trkpt>
      <trkpt lat="57.247028750000005" lon="24.98220375">
        <ele>27</ele>
        <extensions>
          <distance>42956</distance>
        </extensions>
      </trkpt>
      <trkpt lat="57.246965625" lon="24.982433125">
        <ele>27</ele>
        <extensions>
          <distance>42972</distance>
        </extensions>
      </trkpt>
      <trkpt lat="57.246902500000004" lon="24.9826625">
        <ele>27</ele>
        <extensions>
          <distance>42987</distance>
        </extensions>
      </trkpt>
      <trkpt lat="57.24683937500001" lon="24.982891875">
        <ele>27</ele>
        <extensions>
          <distance>43003</distance>
        </extensions>
      </trkpt>
      <trkpt lat="57.24677625" lon="24.98312125">
        <ele>27</ele>
        <extensions>
          <distance>43018</distance>
        </extensions>
      </trkpt>
      <trkpt lat="57.246713125" lon="24.983350625">
        <ele>27</ele>
        <extensions>
          <distance>43034</distance>
        </extensions>
      </trkpt>
      <trkpt lat="57.24665" lon="24.98358">
        <ele>27</ele>
        <extensions>
          <distance>43050</distance>
        </extensions>
      </trkpt>
      <trkpt lat="57.24656125" lon="24.98377">
        <ele>27</ele>
        <extensions>
          <distance>43065</distance>
        </extensions>
      </trkpt>
      <trkpt lat="57.2464725" lon="24.98396">
        <ele>28</ele>
        <extensions>
          <distance>43080</distance>
        </extensions>
      </trkpt>
      <trkpt lat="57.24638375000001" lon="24.98415">
        <ele>29</ele>
        <extensions>
          <distance>43095</distance>
        </extensions>
      </trkpt>
      <trkpt lat="57.246295" lon="24.98434">
        <ele>30</ele>
        <extensions>
          <distance>43110</distance>
        </extensions>
      </trkpt>
      <trkpt lat="57.24620625" lon="24.98453">
        <ele>30</ele>
        <extensions>
          <distance>43125</distance>
        </extensions>
      </trkpt>
      <trkpt lat="57.2461175" lon="24.98472">
        <ele>31</ele>
        <extensions>
          <distance>43140</distance>
        </extensions>
      </trkpt>
      <trkpt lat="57.246028749999994" lon="24.98491">
        <ele>31</ele>
        <extensions>
          <distance>43156</distance>
        </extensions>
      </trkpt>
      <trkpt lat="57.24594" lon="24.9851">
        <ele>31</ele>
        <extensions>
          <distance>43171</distance>
        </extensions>
      </trkpt>
      <trkpt lat="57.245745" lon="24.985315">
        <ele>32</ele>
        <extensions>
          <distance>43196</distance>
        </extensions>
      </trkpt>
      <trkpt lat="57.24555" lon="24.98553">
        <ele>34</ele>
        <extensions>
          <distance>43221</distance>
        </extensions>
      </trkpt>
      <trkpt lat="57.24543250000001" lon="24.9857175">
        <ele>34</ele>
        <extensions>
          <distance>43239</distance>
        </extensions>
      </trkpt>
      <trkpt lat="57.245315000000005" lon="24.985905000000002">
        <ele>34</ele>
        <extensions>
          <distance>43256</distance>
        </extensions>
      </trkpt>
      <trkpt lat="57.2451975" lon="24.9860925">
        <ele>34</ele>
        <extensions>
          <distance>43273</distance>
        </extensions>
      </trkpt>
      <trkpt lat="57.24508" lon="24.98628">
        <ele>34</ele>
        <extensions>
          <distance>43291</distance>
        </extensions>
      </trkpt>
      <trkpt lat="57.244975" lon="24.98658">
        <ele>34</ele>
        <extensions>
          <distance>43312</distance>
        </extensions>
      </trkpt>
      <trkpt lat="57.24487" lon="24.98688">
        <ele>34</ele>
        <extensions>
          <distance>43334</distance>
        </extensions>
      </trkpt>
      <trkpt lat="57.244707500000004" lon="24.9869825">
        <ele>34</ele>
        <extensions>
          <distance>43353</distance>
        </extensions>
      </trkpt>
      <trkpt lat="57.244545" lon="24.987085">
        <ele>35</ele>
        <extensions>
          <distance>43372</distance>
        </extensions>
      </trkpt>
      <trkpt lat="57.2443825" lon="24.9871875">
        <ele>37</ele>
        <extensions>
          <distance>43391</distance>
        </extensions>
      </trkpt>
      <trkpt lat="57.24422" lon="24.98729">
        <ele>37</ele>
        <extensions>
          <distance>43410</distance>
        </extensions>
      </trkpt>
      <trkpt lat="57.24405" lon="24.98735">
        <ele>37</ele>
        <extensions>
          <distance>43430</distance>
        </extensions>
      </trkpt>
      <trkpt lat="57.243970000000004" lon="24.9877425">
        <ele>37</ele>
        <extensions>
          <distance>43455</distance>
        </extensions>
      </trkpt>
      <trkpt lat="57.24389" lon="24.988135">
        <ele>37</ele>
        <extensions>
          <distance>43480</distance>
        </extensions>
      </trkpt>
      <trkpt lat="57.243809999999996" lon="24.9885275">
        <ele>36</ele>
        <extensions>
          <distance>43506</distance>
        </extensions>
      </trkpt>
      <trkpt lat="57.24373" lon="24.98892">
        <ele>34</ele>
        <extensions>
          <distance>43531</distance>
        </extensions>
      </trkpt>
      <trkpt lat="57.243665" lon="24.989145">
        <ele>33</ele>
        <extensions>
          <distance>43546</distance>
        </extensions>
      </trkpt>
      <trkpt lat="57.2436" lon="24.98937">
        <ele>32</ele>
        <extensions>
          <distance>43562</distance>
        </extensions>
      </trkpt>
      <trkpt lat="57.243497500000004" lon="24.9895575">
        <ele>31</ele>
        <extensions>
          <distance>43578</distance>
        </extensions>
      </trkpt>
      <trkpt lat="57.243395" lon="24.989745">
        <ele>31</ele>
        <extensions>
          <distance>43594</distance>
        </extensions>
      </trkpt>
      <trkpt lat="57.243292499999995" lon="24.989932500000002">
        <ele>31</ele>
        <extensions>
          <distance>43610</distance>
        </extensions>
      </trkpt>
      <trkpt lat="57.24319" lon="24.99012">
        <ele>31</ele>
        <extensions>
          <distance>43626</distance>
        </extensions>
      </trkpt>
      <trkpt lat="57.24315" lon="24.99047">
        <ele>30</ele>
        <extensions>
          <distance>43648</distance>
        </extensions>
      </trkpt>
      <trkpt lat="57.243155" lon="24.9907525">
        <ele>29</ele>
        <extensions>
          <distance>43665</distance>
        </extensions>
      </trkpt>
      <trkpt lat="57.24316" lon="24.991034999999997">
        <ele>28</ele>
        <extensions>
          <distance>43682</distance>
        </extensions>
      </trkpt>
      <trkpt lat="57.243165000000005" lon="24.991317499999997">
        <ele>27</ele>
        <extensions>
          <distance>43699</distance>
        </extensions>
      </trkpt>
      <trkpt lat="57.24317" lon="24.9916">
        <ele>27</ele>
        <extensions>
          <distance>43716</distance>
        </extensions>
      </trkpt>
      <trkpt lat="57.243142500000005" lon="24.9918525">
        <ele>26</ele>
        <extensions>
          <distance>43732</distance>
        </extensions>
      </trkpt>
      <trkpt lat="57.243115" lon="24.992105">
        <ele>26</ele>
        <extensions>
          <distance>43747</distance>
        </extensions>
      </trkpt>
      <trkpt lat="57.2430875" lon="24.992357499999997">
        <ele>26</ele>
        <extensions>
          <distance>43763</distance>
        </extensions>
      </trkpt>
      <trkpt lat="57.24306" lon="24.99261">
        <ele>26</ele>
        <extensions>
          <distance>43778</distance>
        </extensions>
      </trkpt>
      <trkpt lat="57.24313875" lon="24.99300125">
        <ele>25</ele>
        <extensions>
          <distance>43804</distance>
        </extensions>
      </trkpt>
      <trkpt lat="57.2432175" lon="24.9933925">
        <ele>24</ele>
        <extensions>
          <distance>43829</distance>
        </extensions>
      </trkpt>
      <trkpt lat="57.24329625" lon="24.99378375">
        <ele>24</ele>
        <extensions>
          <distance>43854</distance>
        </extensions>
      </trkpt>
      <trkpt lat="57.243375" lon="24.994175">
        <ele>24</ele>
        <extensions>
          <distance>43879</distance>
        </extensions>
      </trkpt>
      <trkpt lat="57.24345375" lon="24.99456625">
        <ele>24</ele>
        <extensions>
          <distance>43904</distance>
        </extensions>
      </trkpt>
      <trkpt lat="57.2435325" lon="24.994957499999998">
        <ele>24</ele>
        <extensions>
          <distance>43930</distance>
        </extensions>
      </trkpt>
      <trkpt lat="57.24361125" lon="24.995348749999998">
        <ele>24</ele>
        <extensions>
          <distance>43955</distance>
        </extensions>
      </trkpt>
      <trkpt lat="57.24369" lon="24.99574">
        <ele>24</ele>
        <extensions>
          <distance>43980</distance>
        </extensions>
      </trkpt>
      <trkpt lat="57.24378625" lon="24.9960975">
        <ele>25</ele>
        <extensions>
          <distance>44004</distance>
        </extensions>
      </trkpt>
      <trkpt lat="57.2438825" lon="24.996455">
        <ele>25</ele>
        <extensions>
          <distance>44028</distance>
        </extensions>
      </trkpt>
      <trkpt lat="57.24397875" lon="24.9968125">
        <ele>27</ele>
        <extensions>
          <distance>44052</distance>
        </extensions>
      </trkpt>
      <trkpt lat="57.244074999999995" lon="24.99717">
        <ele>29</ele>
        <extensions>
          <distance>44076</distance>
        </extensions>
      </trkpt>
      <trkpt lat="57.244171249999994" lon="24.9975275">
        <ele>30</ele>
        <extensions>
          <distance>44101</distance>
        </extensions>
      </trkpt>
      <trkpt lat="57.24426749999999" lon="24.997885">
        <ele>30</ele>
        <extensions>
          <distance>44125</distance>
        </extensions>
      </trkpt>
      <trkpt lat="57.24436374999999" lon="24.9982425">
        <ele>30</ele>
        <extensions>
          <distance>44149</distance>
        </extensions>
      </trkpt>
      <trkpt lat="57.24446" lon="24.9986">
        <ele>30</ele>
        <extensions>
          <distance>44173</distance>
        </extensions>
      </trkpt>
      <trkpt lat="57.24445" lon="24.99889">
        <ele>30</ele>
        <extensions>
          <distance>44190</distance>
        </extensions>
      </trkpt>
      <trkpt lat="57.24444" lon="24.99918">
        <ele>30</ele>
        <extensions>
          <distance>44208</distance>
        </extensions>
      </trkpt>
      <trkpt lat="57.244429999999994" lon="24.99947">
        <ele>30</ele>
        <extensions>
          <distance>44225</distance>
        </extensions>
      </trkpt>
      <trkpt lat="57.24442" lon="24.99976">
        <ele>30</ele>
        <extensions>
          <distance>44243</distance>
        </extensions>
      </trkpt>
      <trkpt lat="57.24445" lon="25.000005">
        <ele>29</ele>
        <extensions>
          <distance>44258</distance>
        </extensions>
      </trkpt>
      <trkpt lat="57.24448" lon="25.00025">
        <ele>29</ele>
        <extensions>
          <distance>44273</distance>
        </extensions>
      </trkpt>
      <trkpt lat="57.24446" lon="25.00053">
        <ele>28</ele>
        <extensions>
          <distance>44290</distance>
        </extensions>
      </trkpt>
      <trkpt lat="57.244365" lon="25.00083">
        <ele>27</ele>
        <extensions>
          <distance>44311</distance>
        </extensions>
      </trkpt>
      <trkpt lat="57.24427" lon="25.00113">
        <ele>27</ele>
        <extensions>
          <distance>44332</distance>
        </extensions>
      </trkpt>
      <trkpt lat="57.24431" lon="25.00143">
        <ele>26</ele>
        <extensions>
          <distance>44351</distance>
        </extensions>
      </trkpt>
      <trkpt lat="57.24444" lon="25.00134">
        <ele>25</ele>
        <extensions>
          <distance>44367</distance>
        </extensions>
      </trkpt>
      <trkpt lat="57.244524999999996" lon="25.001115">
        <ele>25</ele>
        <extensions>
          <distance>44383</distance>
        </extensions>
      </trkpt>
      <trkpt lat="57.24461" lon="25.00089">
        <ele>25</ele>
        <extensions>
          <distance>44400</distance>
        </extensions>
      </trkpt>
      <trkpt lat="57.24472" lon="25.00085">
        <ele>25</ele>
        <extensions>
          <distance>44412</distance>
        </extensions>
      </trkpt>
      <trkpt lat="57.24487" lon="25.000925000000002">
        <ele>24</ele>
        <extensions>
          <distance>44429</distance>
        </extensions>
      </trkpt>
      <trkpt lat="57.24502" lon="25.001">
        <ele>24</ele>
        <extensions>
          <distance>44447</distance>
        </extensions>
      </trkpt>
      <trkpt lat="57.24508" lon="25.00087">
        <ele>24</ele>
        <extensions>
          <distance>44457</distance>
        </extensions>
      </trkpt>
      <trkpt lat="57.2451" lon="25.000615">
        <ele>24</ele>
        <extensions>
          <distance>44473</distance>
        </extensions>
      </trkpt>
      <trkpt lat="57.24512" lon="25.00036">
        <ele>24</ele>
        <extensions>
          <distance>44488</distance>
        </extensions>
      </trkpt>
      <trkpt lat="57.24525" lon="25.00008">
        <ele>24</ele>
        <extensions>
          <distance>44510</distance>
        </extensions>
      </trkpt>
      <trkpt lat="57.24547" lon="25.00036">
        <ele>25</ele>
        <extensions>
          <distance>44540</distance>
        </extensions>
      </trkpt>
      <trkpt lat="57.245599999999996" lon="25.000445">
        <ele>25</ele>
        <extensions>
          <distance>44556</distance>
        </extensions>
      </trkpt>
      <trkpt lat="57.24573" lon="25.00053">
        <ele>25</ele>
        <extensions>
          <distance>44571</distance>
        </extensions>
      </trkpt>
      <trkpt lat="57.2458425" lon="25.00069">
        <ele>25</ele>
        <extensions>
          <distance>44587</distance>
        </extensions>
      </trkpt>
      <trkpt lat="57.245955" lon="25.00085">
        <ele>25</ele>
        <extensions>
          <distance>44603</distance>
        </extensions>
      </trkpt>
      <trkpt lat="57.2460675" lon="25.00101">
        <ele>25</ele>
        <extensions>
          <distance>44618</distance>
        </extensions>
      </trkpt>
      <trkpt lat="57.24618" lon="25.00117">
        <ele>25</ele>
        <extensions>
          <distance>44634</distance>
        </extensions>
      </trkpt>
      <trkpt lat="57.246265" lon="25.00145">
        <ele>25</ele>
        <extensions>
          <distance>44654</distance>
        </extensions>
      </trkpt>
      <trkpt lat="57.24635" lon="25.00173">
        <ele>24</ele>
        <extensions>
          <distance>44673</distance>
        </extensions>
      </trkpt>
      <trkpt lat="57.24658" lon="25.00192">
        <ele>24</ele>
        <extensions>
          <distance>44701</distance>
        </extensions>
      </trkpt>
      <trkpt lat="57.24671" lon="25.0022">
        <ele>24</ele>
        <extensions>
          <distance>44723</distance>
        </extensions>
      </trkpt>
      <trkpt lat="57.24682" lon="25.00224">
        <ele>24</ele>
        <extensions>
          <distance>44736</distance>
        </extensions>
      </trkpt>
      <trkpt lat="57.246925000000005" lon="25.002415">
        <ele>23</ele>
        <extensions>
          <distance>44752</distance>
        </extensions>
      </trkpt>
      <trkpt lat="57.24703" lon="25.00259">
        <ele>23</ele>
        <extensions>
          <distance>44767</distance>
        </extensions>
      </trkpt>
      <trkpt lat="57.24703" lon="25.00278">
        <ele>23</ele>
        <extensions>
          <distance>44779</distance>
        </extensions>
      </trkpt>
      <trkpt lat="57.24716" lon="25.00308">
        <ele>23</ele>
        <extensions>
          <distance>44802</distance>
        </extensions>
      </trkpt>
      <trkpt lat="57.24731" lon="25.00325">
        <ele>23</ele>
        <extensions>
          <distance>44822</distance>
        </extensions>
      </trkpt>
      <trkpt lat="57.24733" lon="25.00343">
        <ele>23</ele>
        <extensions>
          <distance>44833</distance>
        </extensions>
      </trkpt>
      <trkpt lat="57.247445" lon="25.003590000000003">
        <ele>23</ele>
        <extensions>
          <distance>44849</distance>
        </extensions>
      </trkpt>
      <trkpt lat="57.24756" lon="25.00375">
        <ele>23</ele>
        <extensions>
          <distance>44865</distance>
        </extensions>
      </trkpt>
      <trkpt lat="57.247675" lon="25.003909999999998">
        <ele>23</ele>
        <extensions>
          <distance>44881</distance>
        </extensions>
      </trkpt>
      <trkpt lat="57.24779" lon="25.00407">
        <ele>24</ele>
        <extensions>
          <distance>44897</distance>
        </extensions>
      </trkpt>
      <trkpt lat="57.24793" lon="25.00409">
        <ele>25</ele>
        <extensions>
          <distance>44913</distance>
        </extensions>
      </trkpt>
      <trkpt lat="57.24816" lon="25.00422">
        <ele>28</ele>
        <extensions>
          <distance>44939</distance>
        </extensions>
      </trkpt>
      <trkpt lat="57.24839" lon="25.00435">
        <ele>29</ele>
        <extensions>
          <distance>44966</distance>
        </extensions>
      </trkpt>
      <trkpt lat="57.24843" lon="25.00446">
        <ele>30</ele>
        <extensions>
          <distance>44974</distance>
        </extensions>
      </trkpt>
      <trkpt lat="57.248599999999996" lon="25.004640000000002">
        <ele>30</ele>
        <extensions>
          <distance>44996</distance>
        </extensions>
      </trkpt>
      <trkpt lat="57.24877" lon="25.00482">
        <ele>30</ele>
        <extensions>
          <distance>45018</distance>
        </extensions>
      </trkpt>
      <trkpt lat="57.248965" lon="25.00484">
        <ele>30</ele>
        <extensions>
          <distance>45040</distance>
        </extensions>
      </trkpt>
      <trkpt lat="57.24916" lon="25.00486">
        <ele>30</ele>
        <extensions>
          <distance>45061</distance>
        </extensions>
      </trkpt>
      <trkpt lat="57.24922" lon="25.00497">
        <ele>30</ele>
        <extensions>
          <distance>45071</distance>
        </extensions>
      </trkpt>
      <trkpt lat="57.24933" lon="25.00499">
        <ele>30</ele>
        <extensions>
          <distance>45083</distance>
        </extensions>
      </trkpt>
      <trkpt lat="57.24948" lon="25.0054">
        <ele>30</ele>
        <extensions>
          <distance>45113</distance>
        </extensions>
      </trkpt>
      <trkpt lat="57.24952" lon="25.00566">
        <ele>30</ele>
        <extensions>
          <distance>45129</distance>
        </extensions>
      </trkpt>
      <trkpt lat="57.24972" lon="25.00585">
        <ele>31</ele>
        <extensions>
          <distance>45154</distance>
        </extensions>
      </trkpt>
      <trkpt lat="57.24972" lon="25.006205">
        <ele>32</ele>
        <extensions>
          <distance>45176</distance>
        </extensions>
      </trkpt>
      <trkpt lat="57.24972" lon="25.00656">
        <ele>32</ele>
        <extensions>
          <distance>45197</distance>
        </extensions>
      </trkpt>
      <trkpt lat="57.249585" lon="25.006875">
        <ele>34</ele>
        <extensions>
          <distance>45222</distance>
        </extensions>
      </trkpt>
      <trkpt lat="57.24945" lon="25.00719">
        <ele>34</ele>
        <extensions>
          <distance>45246</distance>
        </extensions>
      </trkpt>
      <trkpt lat="57.249315" lon="25.007505000000002">
        <ele>34</ele>
        <extensions>
          <distance>45270</distance>
        </extensions>
      </trkpt>
      <trkpt lat="57.24918" lon="25.00782">
        <ele>34</ele>
        <extensions>
          <distance>45294</distance>
        </extensions>
      </trkpt>
      <trkpt lat="57.24919625" lon="25.008114999999997">
        <ele>31</ele>
        <extensions>
          <distance>45312</distance>
        </extensions>
      </trkpt>
      <trkpt lat="57.2492125" lon="25.008409999999998">
        <ele>29</ele>
        <extensions>
          <distance>45330</distance>
        </extensions>
      </trkpt>
      <trkpt lat="57.24922875" lon="25.008705">
        <ele>26</ele>
        <extensions>
          <distance>45348</distance>
        </extensions>
      </trkpt>
      <trkpt lat="57.249245" lon="25.009">
        <ele>26</ele>
        <extensions>
          <distance>45366</distance>
        </extensions>
      </trkpt>
      <trkpt lat="57.24926125" lon="25.009295">
        <ele>26</ele>
        <extensions>
          <distance>45384</distance>
        </extensions>
      </trkpt>
      <trkpt lat="57.249277500000005" lon="25.00959">
        <ele>26</ele>
        <extensions>
          <distance>45402</distance>
        </extensions>
      </trkpt>
      <trkpt lat="57.24929375000001" lon="25.009884999999997">
        <ele>26</ele>
        <extensions>
          <distance>45420</distance>
        </extensions>
      </trkpt>
      <trkpt lat="57.24931" lon="25.01018">
        <ele>26</ele>
        <extensions>
          <distance>45438</distance>
        </extensions>
      </trkpt>
      <trkpt lat="57.249385000000004" lon="25.010524999999998">
        <ele>27</ele>
        <extensions>
          <distance>45460</distance>
        </extensions>
      </trkpt>
      <trkpt lat="57.24946" lon="25.010869999999997">
        <ele>27</ele>
        <extensions>
          <distance>45483</distance>
        </extensions>
      </trkpt>
      <trkpt lat="57.249534999999995" lon="25.011215">
        <ele>27</ele>
        <extensions>
          <distance>45505</distance>
        </extensions>
      </trkpt>
      <trkpt lat="57.24961" lon="25.01156">
        <ele>27</ele>
        <extensions>
          <distance>45528</distance>
        </extensions>
      </trkpt>
      <trkpt lat="57.24968749999999" lon="25.01176625">
        <ele>27</ele>
        <extensions>
          <distance>45543</distance>
        </extensions>
      </trkpt>
      <trkpt lat="57.249765" lon="25.0119725">
        <ele>27</ele>
        <extensions>
          <distance>45558</distance>
        </extensions>
      </trkpt>
      <trkpt lat="57.2498425" lon="25.01217875">
        <ele>27</ele>
        <extensions>
          <distance>45573</distance>
        </extensions>
      </trkpt>
      <trkpt lat="57.24992" lon="25.012385000000002">
        <ele>26</ele>
        <extensions>
          <distance>45588</distance>
        </extensions>
      </trkpt>
      <trkpt lat="57.249997500000006" lon="25.01259125">
        <ele>26</ele>
        <extensions>
          <distance>45603</distance>
        </extensions>
      </trkpt>
      <trkpt lat="57.250075" lon="25.0127975">
        <ele>26</ele>
        <extensions>
          <distance>45619</distance>
        </extensions>
      </trkpt>
      <trkpt lat="57.2501525" lon="25.013003750000003">
        <ele>26</ele>
        <extensions>
          <distance>45634</distance>
        </extensions>
      </trkpt>
      <trkpt lat="57.25023" lon="25.01321">
        <ele>27</ele>
        <extensions>
          <distance>45649</distance>
        </extensions>
      </trkpt>
      <trkpt lat="57.25032" lon="25.01332">
        <ele>27</ele>
        <extensions>
          <distance>45661</distance>
        </extensions>
      </trkpt>
      <trkpt lat="57.25042" lon="25.01375">
        <ele>27</ele>
        <extensions>
          <distance>45689</distance>
        </extensions>
      </trkpt>
      <trkpt lat="57.2506" lon="25.01381">
        <ele>27</ele>
        <extensions>
          <distance>45710</distance>
        </extensions>
      </trkpt>
      <trkpt lat="57.250715" lon="25.014004999999997">
        <ele>27</ele>
        <extensions>
          <distance>45727</distance>
        </extensions>
      </trkpt>
      <trkpt lat="57.25083" lon="25.0142">
        <ele>26</ele>
        <extensions>
          <distance>45744</distance>
        </extensions>
      </trkpt>
      <trkpt lat="57.25098" lon="25.01437">
        <ele>26</ele>
        <extensions>
          <distance>45764</distance>
        </extensions>
      </trkpt>
      <trkpt lat="57.25113" lon="25.01454">
        <ele>26</ele>
        <extensions>
          <distance>45784</distance>
        </extensions>
      </trkpt>
      <trkpt lat="57.25109" lon="25.01476">
        <ele>26</ele>
        <extensions>
          <distance>45798</distance>
        </extensions>
      </trkpt>
      <trkpt lat="57.25118" lon="25.01506">
        <ele>28</ele>
        <extensions>
          <distance>45818</distance>
        </extensions>
      </trkpt>
      <trkpt lat="57.25124" lon="25.01506">
        <ele>28</ele>
        <extensions>
          <distance>45825</distance>
        </extensions>
      </trkpt>
      <trkpt lat="57.25139" lon="25.01497">
        <ele>28</ele>
        <extensions>
          <distance>45843</distance>
        </extensions>
      </trkpt>
      <trkpt lat="57.251545" lon="25.0150925">
        <ele>29</ele>
        <extensions>
          <distance>45861</distance>
        </extensions>
      </trkpt>
      <trkpt lat="57.2517" lon="25.015215">
        <ele>29</ele>
        <extensions>
          <distance>45880</distance>
        </extensions>
      </trkpt>
      <trkpt lat="57.251855" lon="25.0153375">
        <ele>29</ele>
        <extensions>
          <distance>45899</distance>
        </extensions>
      </trkpt>
      <trkpt lat="57.25201" lon="25.01546">
        <ele>29</ele>
        <extensions>
          <distance>45918</distance>
        </extensions>
      </trkpt>
      <trkpt lat="57.25212" lon="25.01544">
        <ele>28</ele>
        <extensions>
          <distance>45930</distance>
        </extensions>
      </trkpt>
      <trkpt lat="57.25231" lon="25.01576">
        <ele>28</ele>
        <extensions>
          <distance>45959</distance>
        </extensions>
      </trkpt>
      <trkpt lat="57.25253" lon="25.01563">
        <ele>26</ele>
        <extensions>
          <distance>45984</distance>
        </extensions>
      </trkpt>
      <trkpt lat="57.25263" lon="25.0157">
        <ele>26</ele>
        <extensions>
          <distance>45996</distance>
        </extensions>
      </trkpt>
      <trkpt lat="57.25283" lon="25.01602">
        <ele>26</ele>
        <extensions>
          <distance>46026</distance>
        </extensions>
      </trkpt>
      <trkpt lat="57.25286" lon="25.01631">
        <ele>26</ele>
        <extensions>
          <distance>46044</distance>
        </extensions>
      </trkpt>
      <trkpt lat="57.25289" lon="25.0166">
        <ele>27</ele>
        <extensions>
          <distance>46061</distance>
        </extensions>
      </trkpt>
      <trkpt lat="57.25279" lon="25.01703">
        <ele>27</ele>
        <extensions>
          <distance>46090</distance>
        </extensions>
      </trkpt>
      <trkpt lat="57.25261" lon="25.01731">
        <ele>27</ele>
        <extensions>
          <distance>46116</distance>
        </extensions>
      </trkpt>
      <trkpt lat="57.252395" lon="25.01746">
        <ele>27</ele>
        <extensions>
          <distance>46141</distance>
        </extensions>
      </trkpt>
      <trkpt lat="57.25218" lon="25.01761">
        <ele>28</ele>
        <extensions>
          <distance>46167</distance>
        </extensions>
      </trkpt>
      <trkpt lat="57.25212" lon="25.01776">
        <ele>28</ele>
        <extensions>
          <distance>46178</distance>
        </extensions>
      </trkpt>
      <trkpt lat="57.251895" lon="25.01777">
        <ele>28</ele>
        <extensions>
          <distance>46203</distance>
        </extensions>
      </trkpt>
      <trkpt lat="57.25167" lon="25.01778">
        <ele>28</ele>
        <extensions>
          <distance>46228</distance>
        </extensions>
      </trkpt>
      <trkpt lat="57.25152" lon="25.018005">
        <ele>29</ele>
        <extensions>
          <distance>46250</distance>
        </extensions>
      </trkpt>
      <trkpt lat="57.25137" lon="25.01823">
        <ele>29</ele>
        <extensions>
          <distance>46272</distance>
        </extensions>
      </trkpt>
      <trkpt lat="57.251235" lon="25.018365">
        <ele>29</ele>
        <extensions>
          <distance>46289</distance>
        </extensions>
      </trkpt>
      <trkpt lat="57.2511" lon="25.0185">
        <ele>30</ele>
        <extensions>
          <distance>46306</distance>
        </extensions>
      </trkpt>
      <trkpt lat="57.250965" lon="25.018635">
        <ele>30</ele>
        <extensions>
          <distance>46323</distance>
        </extensions>
      </trkpt>
      <trkpt lat="57.25083" lon="25.01877">
        <ele>30</ele>
        <extensions>
          <distance>46340</distance>
        </extensions>
      </trkpt>
      <trkpt lat="57.250712500000006" lon="25.018992500000003">
        <ele>30</ele>
        <extensions>
          <distance>46359</distance>
        </extensions>
      </trkpt>
      <trkpt lat="57.250595000000004" lon="25.019215000000003">
        <ele>30</ele>
        <extensions>
          <distance>46377</distance>
        </extensions>
      </trkpt>
      <trkpt lat="57.2504775" lon="25.019437500000002">
        <ele>29</ele>
        <extensions>
          <distance>46396</distance>
        </extensions>
      </trkpt>
      <trkpt lat="57.25036" lon="25.019660000000002">
        <ele>28</ele>
        <extensions>
          <distance>46415</distance>
        </extensions>
      </trkpt>
      <trkpt lat="57.2502425" lon="25.0198825">
        <ele>27</ele>
        <extensions>
          <distance>46434</distance>
        </extensions>
      </trkpt>
      <trkpt lat="57.250125" lon="25.020105">
        <ele>27</ele>
        <extensions>
          <distance>46452</distance>
        </extensions>
      </trkpt>
      <trkpt lat="57.250007499999995" lon="25.0203275">
        <ele>27</ele>
        <extensions>
          <distance>46471</distance>
        </extensions>
      </trkpt>
      <trkpt lat="57.24989" lon="25.02055">
        <ele>27</ele>
        <extensions>
          <distance>46490</distance>
        </extensions>
      </trkpt>
      <trkpt lat="57.249772500000006" lon="25.0208175">
        <ele>28</ele>
        <extensions>
          <distance>46511</distance>
        </extensions>
      </trkpt>
      <trkpt lat="57.249655000000004" lon="25.021085">
        <ele>28</ele>
        <extensions>
          <distance>46532</distance>
        </extensions>
      </trkpt>
      <trkpt lat="57.2495375" lon="25.0213525">
        <ele>29</ele>
        <extensions>
          <distance>46552</distance>
        </extensions>
      </trkpt>
      <trkpt lat="57.24942" lon="25.02162">
        <ele>29</ele>
        <extensions>
          <distance>46573</distance>
        </extensions>
      </trkpt>
      <trkpt lat="57.2493375" lon="25.02205">
        <ele>30</ele>
        <extensions>
          <distance>46601</distance>
        </extensions>
      </trkpt>
      <trkpt lat="57.249255000000005" lon="25.02248">
        <ele>30</ele>
        <extensions>
          <distance>46628</distance>
        </extensions>
      </trkpt>
      <trkpt lat="57.2491725" lon="25.022910000000003">
        <ele>31</ele>
        <extensions>
          <distance>46656</distance>
        </extensions>
      </trkpt>
      <trkpt lat="57.24909" lon="25.02334">
        <ele>32</ele>
        <extensions>
          <distance>46683</distance>
        </extensions>
      </trkpt>
      <trkpt lat="57.249052500000005" lon="25.02372">
        <ele>32</ele>
        <extensions>
          <distance>46707</distance>
        </extensions>
      </trkpt>
      <trkpt lat="57.249015" lon="25.0241">
        <ele>32</ele>
        <extensions>
          <distance>46730</distance>
        </extensions>
      </trkpt>
      <trkpt lat="57.248977499999995" lon="25.02448">
        <ele>32</ele>
        <extensions>
          <distance>46753</distance>
        </extensions>
      </trkpt>
      <trkpt lat="57.24894" lon="25.02486">
        <ele>32</ele>
        <extensions>
          <distance>46777</distance>
        </extensions>
      </trkpt>
      <trkpt lat="57.248999999999995" lon="25.0250975">
        <ele>32</ele>
        <extensions>
          <distance>46792</distance>
        </extensions>
      </trkpt>
      <trkpt lat="57.24906" lon="25.025335">
        <ele>32</ele>
        <extensions>
          <distance>46808</distance>
        </extensions>
      </trkpt>
      <trkpt lat="57.249120000000005" lon="25.0255725">
        <ele>32</ele>
        <extensions>
          <distance>46824</distance>
        </extensions>
      </trkpt>
      <trkpt lat="57.24918" lon="25.02581">
        <ele>32</ele>
        <extensions>
          <distance>46840</distance>
        </extensions>
      </trkpt>
      <trkpt lat="57.24925" lon="25.02619">
        <ele>33</ele>
        <extensions>
          <distance>46864</distance>
        </extensions>
      </trkpt>
      <trkpt lat="57.24932" lon="25.02657">
        <ele>34</ele>
        <extensions>
          <distance>46888</distance>
        </extensions>
      </trkpt>
      <trkpt lat="57.24939" lon="25.02695">
        <ele>35</ele>
        <extensions>
          <distance>46913</distance>
        </extensions>
      </trkpt>
      <trkpt lat="57.24946" lon="25.02733">
        <ele>35</ele>
        <extensions>
          <distance>46937</distance>
        </extensions>
      </trkpt>
      <trkpt lat="57.24953" lon="25.02771">
        <ele>35</ele>
        <extensions>
          <distance>46961</distance>
        </extensions>
      </trkpt>
      <trkpt lat="57.2496" lon="25.02809">
        <ele>36</ele>
        <extensions>
          <distance>46985</distance>
        </extensions>
      </trkpt>
      <trkpt lat="57.24967" lon="25.02847">
        <ele>37</ele>
        <extensions>
          <distance>47010</distance>
        </extensions>
      </trkpt>
      <trkpt lat="57.24974" lon="25.02885">
        <ele>37</ele>
        <extensions>
          <distance>47034</distance>
        </extensions>
      </trkpt>
      <trkpt lat="57.2497825" lon="25.02921">
        <ele>39</ele>
        <extensions>
          <distance>47056</distance>
        </extensions>
      </trkpt>
      <trkpt lat="57.249825" lon="25.02957">
        <ele>41</ele>
        <extensions>
          <distance>47078</distance>
        </extensions>
      </trkpt>
      <trkpt lat="57.2498675" lon="25.02993">
        <ele>41</ele>
        <extensions>
          <distance>47101</distance>
        </extensions>
      </trkpt>
      <trkpt lat="57.24991" lon="25.03029">
        <ele>42</ele>
        <extensions>
          <distance>47123</distance>
        </extensions>
      </trkpt>
      <trkpt lat="57.2498775" lon="25.030585000000002">
        <ele>43</ele>
        <extensions>
          <distance>47141</distance>
        </extensions>
      </trkpt>
      <trkpt lat="57.249845" lon="25.03088">
        <ele>43</ele>
        <extensions>
          <distance>47159</distance>
        </extensions>
      </trkpt>
      <trkpt lat="57.249812500000004" lon="25.031174999999998">
        <ele>44</ele>
        <extensions>
          <distance>47177</distance>
        </extensions>
      </trkpt>
      <trkpt lat="57.24978" lon="25.03147">
        <ele>44</ele>
        <extensions>
          <distance>47196</distance>
        </extensions>
      </trkpt>
      <trkpt lat="57.24975875" lon="25.03184">
        <ele>44</ele>
        <extensions>
          <distance>47218</distance>
        </extensions>
      </trkpt>
      <trkpt lat="57.2497375" lon="25.03221">
        <ele>44</ele>
        <extensions>
          <distance>47241</distance>
        </extensions>
      </trkpt>
      <trkpt lat="57.249716250000006" lon="25.03258">
        <ele>44</ele>
        <extensions>
          <distance>47263</distance>
        </extensions>
      </trkpt>
      <trkpt lat="57.249695" lon="25.03295">
        <ele>45</ele>
        <extensions>
          <distance>47285</distance>
        </extensions>
      </trkpt>
      <trkpt lat="57.24967375" lon="25.03332">
        <ele>45</ele>
        <extensions>
          <distance>47308</distance>
        </extensions>
      </trkpt>
      <trkpt lat="57.249652499999996" lon="25.03369">
        <ele>45</ele>
        <extensions>
          <distance>47330</distance>
        </extensions>
      </trkpt>
      <trkpt lat="57.24963124999999" lon="25.03406">
        <ele>46</ele>
        <extensions>
          <distance>47353</distance>
        </extensions>
      </trkpt>
      <trkpt lat="57.24961" lon="25.03443">
        <ele>46</ele>
        <extensions>
          <distance>47375</distance>
        </extensions>
      </trkpt>
      <trkpt lat="57.24952" lon="25.03471">
        <ele>49</ele>
        <extensions>
          <distance>47395</distance>
        </extensions>
      </trkpt>
      <trkpt lat="57.24942874999999" lon="25.0349225">
        <ele>51</ele>
        <extensions>
          <distance>47412</distance>
        </extensions>
      </trkpt>
      <trkpt lat="57.249337499999996" lon="25.035135">
        <ele>53</ele>
        <extensions>
          <distance>47428</distance>
        </extensions>
      </trkpt>
      <trkpt lat="57.24924625" lon="25.0353475">
        <ele>53</ele>
        <extensions>
          <distance>47444</distance>
        </extensions>
      </trkpt>
      <trkpt lat="57.249155" lon="25.03556">
        <ele>53</ele>
        <extensions>
          <distance>47461</distance>
        </extensions>
      </trkpt>
      <trkpt lat="57.249063750000005" lon="25.0357725">
        <ele>53</ele>
        <extensions>
          <distance>47477</distance>
        </extensions>
      </trkpt>
      <trkpt lat="57.2489725" lon="25.035985">
        <ele>53</ele>
        <extensions>
          <distance>47493</distance>
        </extensions>
      </trkpt>
      <trkpt lat="57.24888125" lon="25.0361975">
        <ele>53</ele>
        <extensions>
          <distance>47510</distance>
        </extensions>
      </trkpt>
      <trkpt lat="57.24879" lon="25.03641">
        <ele>54</ele>
        <extensions>
          <distance>47526</distance>
        </extensions>
      </trkpt>
      <trkpt lat="57.24871" lon="25.03675">
        <ele>55</ele>
        <extensions>
          <distance>47549</distance>
        </extensions>
      </trkpt>
      <trkpt lat="57.2487" lon="25.03704">
        <ele>55</ele>
        <extensions>
          <distance>47566</distance>
        </extensions>
      </trkpt>
      <trkpt lat="57.24869" lon="25.03733">
        <ele>55</ele>
        <extensions>
          <distance>47584</distance>
        </extensions>
      </trkpt>
      <trkpt lat="57.24874750000001" lon="25.0376725">
        <ele>55</ele>
        <extensions>
          <distance>47605</distance>
        </extensions>
      </trkpt>
      <trkpt lat="57.248805000000004" lon="25.038015">
        <ele>55</ele>
        <extensions>
          <distance>47627</distance>
        </extensions>
      </trkpt>
      <trkpt lat="57.2488625" lon="25.0383575">
        <ele>55</ele>
        <extensions>
          <distance>47649</distance>
        </extensions>
      </trkpt>
      <trkpt lat="57.24892" lon="25.0387">
        <ele>55</ele>
        <extensions>
          <distance>47670</distance>
        </extensions>
      </trkpt>
      <trkpt lat="57.2489425" lon="25.0390125">
        <ele>54</ele>
        <extensions>
          <distance>47689</distance>
        </extensions>
      </trkpt>
      <trkpt lat="57.248965" lon="25.039324999999998">
        <ele>52</ele>
        <extensions>
          <distance>47708</distance>
        </extensions>
      </trkpt>
      <trkpt lat="57.2489875" lon="25.039637499999998">
        <ele>49</ele>
        <extensions>
          <distance>47728</distance>
        </extensions>
      </trkpt>
      <trkpt lat="57.24901" lon="25.03995">
        <ele>47</ele>
        <extensions>
          <distance>47747</distance>
        </extensions>
      </trkpt>
      <trkpt lat="57.24919" lon="25.03996">
        <ele>45</ele>
        <extensions>
          <distance>47767</distance>
        </extensions>
      </trkpt>
      <trkpt lat="57.24937" lon="25.03997">
        <ele>45</ele>
        <extensions>
          <distance>47787</distance>
        </extensions>
      </trkpt>
      <trkpt lat="57.24954" lon="25.03988">
        <ele>45</ele>
        <extensions>
          <distance>47807</distance>
        </extensions>
      </trkpt>
      <trkpt lat="57.249685" lon="25.03973">
        <ele>45</ele>
        <extensions>
          <distance>47825</distance>
        </extensions>
      </trkpt>
      <trkpt lat="57.24983" lon="25.03958">
        <ele>45</ele>
        <extensions>
          <distance>47844</distance>
        </extensions>
      </trkpt>
      <trkpt lat="57.249975000000006" lon="25.039430000000003">
        <ele>45</ele>
        <extensions>
          <distance>47862</distance>
        </extensions>
      </trkpt>
      <trkpt lat="57.25012" lon="25.03928">
        <ele>45</ele>
        <extensions>
          <distance>47881</distance>
        </extensions>
      </trkpt>
      <trkpt lat="57.250325000000004" lon="25.03897">
        <ele>45</ele>
        <extensions>
          <distance>47910</distance>
        </extensions>
      </trkpt>
      <trkpt lat="57.25053" lon="25.03866">
        <ele>43</ele>
        <extensions>
          <distance>47940</distance>
        </extensions>
      </trkpt>
      <trkpt lat="57.250715" lon="25.03853">
        <ele>39</ele>
        <extensions>
          <distance>47962</distance>
        </extensions>
      </trkpt>
      <trkpt lat="57.2509" lon="25.0384">
        <ele>35</ele>
        <extensions>
          <distance>47985</distance>
        </extensions>
      </trkpt>
      <trkpt lat="57.251155" lon="25.038345">
        <ele>29</ele>
        <extensions>
          <distance>48014</distance>
        </extensions>
      </trkpt>
      <trkpt lat="57.25141" lon="25.03829">
        <ele>25</ele>
        <extensions>
          <distance>48043</distance>
        </extensions>
      </trkpt>
      <trkpt lat="57.25156" lon="25.03841">
        <ele>24</ele>
        <extensions>
          <distance>48061</distance>
        </extensions>
      </trkpt>
      <trkpt lat="57.25171" lon="25.03853">
        <ele>23</ele>
        <extensions>
          <distance>48079</distance>
        </extensions>
      </trkpt>
      <trkpt lat="57.25186" lon="25.03865">
        <ele>23</ele>
        <extensions>
          <distance>48097</distance>
        </extensions>
      </trkpt>
      <trkpt lat="57.25201" lon="25.03877">
        <ele>22</ele>
        <extensions>
          <distance>48116</distance>
        </extensions>
      </trkpt>
      <trkpt lat="57.25205" lon="25.03898">
        <ele>22</ele>
        <extensions>
          <distance>48129</distance>
        </extensions>
      </trkpt>
      <trkpt lat="57.2522075" lon="25.039209999999997">
        <ele>22</ele>
        <extensions>
          <distance>48151</distance>
        </extensions>
      </trkpt>
      <trkpt lat="57.252365" lon="25.03944">
        <ele>22</ele>
        <extensions>
          <distance>48174</distance>
        </extensions>
      </trkpt>
      <trkpt lat="57.2525225" lon="25.03967">
        <ele>22</ele>
        <extensions>
          <distance>48196</distance>
        </extensions>
      </trkpt>
      <trkpt lat="57.25268" lon="25.0399">
        <ele>22</ele>
        <extensions>
          <distance>48219</distance>
        </extensions>
      </trkpt>
      <trkpt lat="57.252785" lon="25.040115">
        <ele>23</ele>
        <extensions>
          <distance>48236</distance>
        </extensions>
      </trkpt>
      <trkpt lat="57.25289" lon="25.04033">
        <ele>23</ele>
        <extensions>
          <distance>48253</distance>
        </extensions>
      </trkpt>
      <trkpt lat="57.25299" lon="25.04059625">
        <ele>24</ele>
        <extensions>
          <distance>48273</distance>
        </extensions>
      </trkpt>
      <trkpt lat="57.25309" lon="25.040862500000003">
        <ele>24</ele>
        <extensions>
          <distance>48293</distance>
        </extensions>
      </trkpt>
      <trkpt lat="57.253190000000004" lon="25.041128750000002">
        <ele>25</ele>
        <extensions>
          <distance>48312</distance>
        </extensions>
      </trkpt>
      <trkpt lat="57.25329" lon="25.041395">
        <ele>25</ele>
        <extensions>
          <distance>48332</distance>
        </extensions>
      </trkpt>
      <trkpt lat="57.253389999999996" lon="25.04166125">
        <ele>25</ele>
        <extensions>
          <distance>48351</distance>
        </extensions>
      </trkpt>
      <trkpt lat="57.25349" lon="25.0419275">
        <ele>25</ele>
        <extensions>
          <distance>48371</distance>
        </extensions>
      </trkpt>
      <trkpt lat="57.25359" lon="25.04219375">
        <ele>25</ele>
        <extensions>
          <distance>48390</distance>
        </extensions>
      </trkpt>
      <trkpt lat="57.25369" lon="25.04246">
        <ele>24</ele>
        <extensions>
          <distance>48410</distance>
        </extensions>
      </trkpt>
      <trkpt lat="57.25372" lon="25.042834999999997">
        <ele>23</ele>
        <extensions>
          <distance>48433</distance>
        </extensions>
      </trkpt>
      <trkpt lat="57.25375" lon="25.04321">
        <ele>23</ele>
        <extensions>
          <distance>48456</distance>
        </extensions>
      </trkpt>
      <trkpt lat="57.25386" lon="25.043605">
        <ele>23</ele>
        <extensions>
          <distance>48483</distance>
        </extensions>
      </trkpt>
      <trkpt lat="57.25397" lon="25.044">
        <ele>23</ele>
        <extensions>
          <distance>48509</distance>
        </extensions>
      </trkpt>
      <trkpt lat="57.25402" lon="25.04431">
        <ele>23</ele>
        <extensions>
          <distance>48529</distance>
        </extensions>
      </trkpt>
      <trkpt lat="57.25407" lon="25.04462">
        <ele>23</ele>
        <extensions>
          <distance>48548</distance>
        </extensions>
      </trkpt>
      <trkpt lat="57.25405" lon="25.045009999999998">
        <ele>23</ele>
        <extensions>
          <distance>48572</distance>
        </extensions>
      </trkpt>
      <trkpt lat="57.25403" lon="25.0454">
        <ele>23</ele>
        <extensions>
          <distance>48596</distance>
        </extensions>
      </trkpt>
      <trkpt lat="57.254037499999995" lon="25.04567375">
        <ele>23</ele>
        <extensions>
          <distance>48612</distance>
        </extensions>
      </trkpt>
      <trkpt lat="57.254045" lon="25.0459475">
        <ele>23</ele>
        <extensions>
          <distance>48629</distance>
        </extensions>
      </trkpt>
      <trkpt lat="57.2540525" lon="25.046221250000002">
        <ele>23</ele>
        <extensions>
          <distance>48645</distance>
        </extensions>
      </trkpt>
      <trkpt lat="57.254059999999996" lon="25.046495">
        <ele>23</ele>
        <extensions>
          <distance>48662</distance>
        </extensions>
      </trkpt>
      <trkpt lat="57.2540675" lon="25.04676875">
        <ele>24</ele>
        <extensions>
          <distance>48678</distance>
        </extensions>
      </trkpt>
      <trkpt lat="57.254075" lon="25.0470425">
        <ele>24</ele>
        <extensions>
          <distance>48695</distance>
        </extensions>
      </trkpt>
      <trkpt lat="57.254082499999996" lon="25.04731625">
        <ele>25</ele>
        <extensions>
          <distance>48711</distance>
        </extensions>
      </trkpt>
      <trkpt lat="57.25409" lon="25.04759">
        <ele>25</ele>
        <extensions>
          <distance>48728</distance>
        </extensions>
      </trkpt>
      <trkpt lat="57.25403" lon="25.047975">
        <ele>26</ele>
        <extensions>
          <distance>48752</distance>
        </extensions>
      </trkpt>
      <trkpt lat="57.25397" lon="25.04836">
        <ele>26</ele>
        <extensions>
          <distance>48776</distance>
        </extensions>
      </trkpt>
      <trkpt lat="57.2538725" lon="25.048605000000002">
        <ele>26</ele>
        <extensions>
          <distance>48795</distance>
        </extensions>
      </trkpt>
      <trkpt lat="57.253775000000005" lon="25.04885">
        <ele>26</ele>
        <extensions>
          <distance>48813</distance>
        </extensions>
      </trkpt>
      <trkpt lat="57.2536775" lon="25.049095">
        <ele>26</ele>
        <extensions>
          <distance>48831</distance>
        </extensions>
      </trkpt>
      <trkpt lat="57.25358" lon="25.04934">
        <ele>26</ele>
        <extensions>
          <distance>48850</distance>
        </extensions>
      </trkpt>
      <trkpt lat="57.253575" lon="25.0496525">
        <ele>25</ele>
        <extensions>
          <distance>48869</distance>
        </extensions>
      </trkpt>
      <trkpt lat="57.253569999999996" lon="25.049965">
        <ele>24</ele>
        <extensions>
          <distance>48888</distance>
        </extensions>
      </trkpt>
      <trkpt lat="57.253564999999995" lon="25.0502775">
        <ele>23</ele>
        <extensions>
          <distance>48906</distance>
        </extensions>
      </trkpt>
      <trkpt lat="57.25356" lon="25.05059">
        <ele>23</ele>
        <extensions>
          <distance>48925</distance>
        </extensions>
      </trkpt>
      <trkpt lat="57.2535" lon="25.050905">
        <ele>23</ele>
        <extensions>
          <distance>48945</distance>
        </extensions>
      </trkpt>
      <trkpt lat="57.25344" lon="25.05122">
        <ele>23</ele>
        <extensions>
          <distance>48966</distance>
        </extensions>
      </trkpt>
      <trkpt lat="57.25338" lon="25.051535">
        <ele>24</ele>
        <extensions>
          <distance>48986</distance>
        </extensions>
      </trkpt>
      <trkpt lat="57.25332" lon="25.05185">
        <ele>24</ele>
        <extensions>
          <distance>49006</distance>
        </extensions>
      </trkpt>
      <trkpt lat="57.25323" lon="25.05194">
        <ele>25</ele>
        <extensions>
          <distance>49017</distance>
        </extensions>
      </trkpt>
      <trkpt lat="57.25311" lon="25.05218">
        <ele>26</ele>
        <extensions>
          <distance>49037</distance>
        </extensions>
      </trkpt>
      <trkpt lat="57.253" lon="25.05222">
        <ele>26</ele>
        <extensions>
          <distance>49050</distance>
        </extensions>
      </trkpt>
      <trkpt lat="57.25283" lon="25.052145">
        <ele>28</ele>
        <extensions>
          <distance>49069</distance>
        </extensions>
      </trkpt>
      <trkpt lat="57.25266" lon="25.05207">
        <ele>30</ele>
        <extensions>
          <distance>49089</distance>
        </extensions>
      </trkpt>
      <trkpt lat="57.25255" lon="25.05166">
        <ele>34</ele>
        <extensions>
          <distance>49117</distance>
        </extensions>
      </trkpt>
      <trkpt lat="57.25244" lon="25.05156">
        <ele>35</ele>
        <extensions>
          <distance>49130</distance>
        </extensions>
      </trkpt>
      <trkpt lat="57.25238" lon="25.05164">
        <ele>37</ele>
        <extensions>
          <distance>49139</distance>
        </extensions>
      </trkpt>
      <trkpt lat="57.25229" lon="25.05198">
        <ele>38</ele>
        <extensions>
          <distance>49162</distance>
        </extensions>
      </trkpt>
      <trkpt lat="57.25218" lon="25.05216">
        <ele>41</ele>
        <extensions>
          <distance>49178</distance>
        </extensions>
      </trkpt>
      <trkpt lat="57.2521" lon="25.05263">
        <ele>45</ele>
        <extensions>
          <distance>49208</distance>
        </extensions>
      </trkpt>
      <trkpt lat="57.25201" lon="25.05282">
        <ele>50</ele>
        <extensions>
          <distance>49224</distance>
        </extensions>
      </trkpt>
      <trkpt lat="57.25183" lon="25.053035">
        <ele>57</ele>
        <extensions>
          <distance>49249</distance>
        </extensions>
      </trkpt>
      <trkpt lat="57.25165" lon="25.05325">
        <ele>62</ele>
        <extensions>
          <distance>49274</distance>
        </extensions>
      </trkpt>
      <trkpt lat="57.25158" lon="25.05342">
        <ele>64</ele>
        <extensions>
          <distance>49287</distance>
        </extensions>
      </trkpt>
      <trkpt lat="57.25143" lon="25.05357">
        <ele>66</ele>
        <extensions>
          <distance>49306</distance>
        </extensions>
      </trkpt>
      <trkpt lat="57.25133" lon="25.05381">
        <ele>67</ele>
        <extensions>
          <distance>49324</distance>
        </extensions>
      </trkpt>
      <trkpt lat="57.25119" lon="25.05396">
        <ele>67</ele>
        <extensions>
          <distance>49342</distance>
        </extensions>
      </trkpt>
      <trkpt lat="57.25105" lon="25.05411">
        <ele>68</ele>
        <extensions>
          <distance>49360</distance>
        </extensions>
      </trkpt>
      <trkpt lat="57.25088" lon="25.05441">
        <ele>69</ele>
        <extensions>
          <distance>49386</distance>
        </extensions>
      </trkpt>
      <trkpt lat="57.250712500000006" lon="25.0544375">
        <ele>70</ele>
        <extensions>
          <distance>49405</distance>
        </extensions>
      </trkpt>
      <trkpt lat="57.250545" lon="25.054465">
        <ele>70</ele>
        <extensions>
          <distance>49424</distance>
        </extensions>
      </trkpt>
      <trkpt lat="57.2503775" lon="25.054492500000002">
        <ele>70</ele>
        <extensions>
          <distance>49443</distance>
        </extensions>
      </trkpt>
      <trkpt lat="57.25021" lon="25.05452">
        <ele>71</ele>
        <extensions>
          <distance>49461</distance>
        </extensions>
      </trkpt>
      <trkpt lat="57.25006" lon="25.05484">
        <ele>75</ele>
        <extensions>
          <distance>49487</distance>
        </extensions>
      </trkpt>
      <trkpt lat="57.249855" lon="25.055095">
        <ele>77</ele>
        <extensions>
          <distance>49515</distance>
        </extensions>
      </trkpt>
      <trkpt lat="57.24965" lon="25.05535">
        <ele>78</ele>
        <extensions>
          <distance>49542</distance>
        </extensions>
      </trkpt>
      <trkpt lat="57.24946" lon="25.0557">
        <ele>79</ele>
        <extensions>
          <distance>49572</distance>
        </extensions>
      </trkpt>
      <trkpt lat="57.24924" lon="25.05593">
        <ele>79</ele>
        <extensions>
          <distance>49600</distance>
        </extensions>
      </trkpt>
      <trkpt lat="57.24918" lon="25.05615">
        <ele>79</ele>
        <extensions>
          <distance>49615</distance>
        </extensions>
      </trkpt>
      <trkpt lat="57.24903" lon="25.0563">
        <ele>79</ele>
        <extensions>
          <distance>49634</distance>
        </extensions>
      </trkpt>
      <trkpt lat="57.248842499999995" lon="25.0564225">
        <ele>79</ele>
        <extensions>
          <distance>49656</distance>
        </extensions>
      </trkpt>
      <trkpt lat="57.248655" lon="25.056545">
        <ele>79</ele>
        <extensions>
          <distance>49679</distance>
        </extensions>
      </trkpt>
      <trkpt lat="57.248467500000004" lon="25.0566675">
        <ele>79</ele>
        <extensions>
          <distance>49701</distance>
        </extensions>
      </trkpt>
      <trkpt lat="57.24828" lon="25.05679">
        <ele>79</ele>
        <extensions>
          <distance>49723</distance>
        </extensions>
      </trkpt>
      <trkpt lat="57.24828" lon="25.0564">
        <ele>79</ele>
        <extensions>
          <distance>49746</distance>
        </extensions>
      </trkpt>
      <trkpt lat="57.24832" lon="25.056155">
        <ele>78</ele>
        <extensions>
          <distance>49762</distance>
        </extensions>
      </trkpt>
      <trkpt lat="57.24836" lon="25.05591">
        <ele>78</ele>
        <extensions>
          <distance>49777</distance>
        </extensions>
      </trkpt>
      <trkpt lat="57.248467500000004" lon="25.0554925">
        <ele>78</ele>
        <extensions>
          <distance>49805</distance>
        </extensions>
      </trkpt>
      <trkpt lat="57.248575" lon="25.055075000000002">
        <ele>78</ele>
        <extensions>
          <distance>49833</distance>
        </extensions>
      </trkpt>
      <trkpt lat="57.2486825" lon="25.0546575">
        <ele>78</ele>
        <extensions>
          <distance>49861</distance>
        </extensions>
      </trkpt>
      <trkpt lat="57.24879" lon="25.05424">
        <ele>79</ele>
        <extensions>
          <distance>49889</distance>
        </extensions>
      </trkpt>
      <trkpt lat="57.248909999999995" lon="25.05395">
        <ele>79</ele>
        <extensions>
          <distance>49911</distance>
        </extensions>
      </trkpt>
      <trkpt lat="57.24903" lon="25.05366">
        <ele>79</ele>
        <extensions>
          <distance>49933</distance>
        </extensions>
      </trkpt>
      <trkpt lat="57.24905" lon="25.05342">
        <ele>79</ele>
        <extensions>
          <distance>49948</distance>
        </extensions>
      </trkpt>
      <trkpt lat="57.249179999999996" lon="25.053165">
        <ele>77</ele>
        <extensions>
          <distance>49969</distance>
        </extensions>
      </trkpt>
      <trkpt lat="57.24931" lon="25.05291">
        <ele>75</ele>
        <extensions>
          <distance>49990</distance>
        </extensions>
      </trkpt>
      <trkpt lat="57.249545" lon="25.05276">
        <ele>73</ele>
        <extensions>
          <distance>50018</distance>
        </extensions>
      </trkpt>
      <trkpt lat="57.24978" lon="25.05261">
        <ele>70</ele>
        <extensions>
          <distance>50046</distance>
        </extensions>
      </trkpt>
      <trkpt lat="57.24992" lon="25.052545000000002">
        <ele>67</ele>
        <extensions>
          <distance>50062</distance>
        </extensions>
      </trkpt>
      <trkpt lat="57.25006" lon="25.05248">
        <ele>65</ele>
        <extensions>
          <distance>50078</distance>
        </extensions>
      </trkpt>
      <trkpt lat="57.250285" lon="25.052455000000002">
        <ele>63</ele>
        <extensions>
          <distance>50103</distance>
        </extensions>
      </trkpt>
      <trkpt lat="57.25051" lon="25.05243">
        <ele>63</ele>
        <extensions>
          <distance>50128</distance>
        </extensions>
      </trkpt>
      <trkpt lat="57.25072" lon="25.052325">
        <ele>63</ele>
        <extensions>
          <distance>50153</distance>
        </extensions>
      </trkpt>
      <trkpt lat="57.25093" lon="25.05222">
        <ele>63</ele>
        <extensions>
          <distance>50177</distance>
        </extensions>
      </trkpt>
      <trkpt lat="57.25114" lon="25.052115">
        <ele>63</ele>
        <extensions>
          <distance>50201</distance>
        </extensions>
      </trkpt>
      <trkpt lat="57.25135" lon="25.05201">
        <ele>63</ele>
        <extensions>
          <distance>50225</distance>
        </extensions>
      </trkpt>
      <trkpt lat="57.25139" lon="25.05203">
        <ele>63</ele>
        <extensions>
          <distance>50230</distance>
        </extensions>
      </trkpt>
      <trkpt lat="57.25143" lon="25.05196">
        <ele>63</ele>
        <extensions>
          <distance>50236</distance>
        </extensions>
      </trkpt>
      <trkpt lat="57.25141" lon="25.05183">
        <ele>63</ele>
        <extensions>
          <distance>50244</distance>
        </extensions>
      </trkpt>
      <trkpt lat="57.25156" lon="25.051555">
        <ele>58</ele>
        <extensions>
          <distance>50268</distance>
        </extensions>
      </trkpt>
      <trkpt lat="57.25171" lon="25.05128">
        <ele>52</ele>
        <extensions>
          <distance>50292</distance>
        </extensions>
      </trkpt>
      <trkpt lat="57.25178" lon="25.05104">
        <ele>47</ele>
        <extensions>
          <distance>50309</distance>
        </extensions>
      </trkpt>
      <trkpt lat="57.25167" lon="25.05095">
        <ele>46</ele>
        <extensions>
          <distance>50323</distance>
        </extensions>
      </trkpt>
      <trkpt lat="57.25152" lon="25.05093">
        <ele>46</ele>
        <extensions>
          <distance>50340</distance>
        </extensions>
      </trkpt>
      <trkpt lat="57.25148" lon="25.05085">
        <ele>44</ele>
        <extensions>
          <distance>50346</distance>
        </extensions>
      </trkpt>
      <trkpt lat="57.25152" lon="25.05048">
        <ele>37</ele>
        <extensions>
          <distance>50370</distance>
        </extensions>
      </trkpt>
      <trkpt lat="57.25133" lon="25.05027">
        <ele>34</ele>
        <extensions>
          <distance>50395</distance>
        </extensions>
      </trkpt>
      <trkpt lat="57.25124" lon="25.05031">
        <ele>34</ele>
        <extensions>
          <distance>50405</distance>
        </extensions>
      </trkpt>
      <trkpt lat="57.25113" lon="25.05025">
        <ele>34</ele>
        <extensions>
          <distance>50418</distance>
        </extensions>
      </trkpt>
      <trkpt lat="57.25096" lon="25.04995">
        <ele>34</ele>
        <extensions>
          <distance>50444</distance>
        </extensions>
      </trkpt>
      <trkpt lat="57.25092" lon="25.04995">
        <ele>34</ele>
        <extensions>
          <distance>50449</distance>
        </extensions>
      </trkpt>
      <trkpt lat="57.25083" lon="25.05037">
        <ele>34</ele>
        <extensions>
          <distance>50476</distance>
        </extensions>
      </trkpt>
      <trkpt lat="57.2507" lon="25.0507">
        <ele>35</ele>
        <extensions>
          <distance>50501</distance>
        </extensions>
      </trkpt>
      <trkpt lat="57.25045" lon="25.05074">
        <ele>36</ele>
        <extensions>
          <distance>50528</distance>
        </extensions>
      </trkpt>
      <trkpt lat="57.2503" lon="25.0511">
        <ele>37</ele>
        <extensions>
          <distance>50556</distance>
        </extensions>
      </trkpt>
      <trkpt lat="57.2503" lon="25.05134">
        <ele>41</ele>
        <extensions>
          <distance>50571</distance>
        </extensions>
      </trkpt>
      <trkpt lat="57.25019" lon="25.05151">
        <ele>44</ele>
        <extensions>
          <distance>50587</distance>
        </extensions>
      </trkpt>
      <trkpt lat="57.25002" lon="25.0516">
        <ele>46</ele>
        <extensions>
          <distance>50607</distance>
        </extensions>
      </trkpt>
      <trkpt lat="57.24989" lon="25.05173">
        <ele>49</ele>
        <extensions>
          <distance>50624</distance>
        </extensions>
      </trkpt>
      <trkpt lat="57.24973" lon="25.05178">
        <ele>49</ele>
        <extensions>
          <distance>50642</distance>
        </extensions>
      </trkpt>
      <trkpt lat="57.24957" lon="25.05183">
        <ele>49</ele>
        <extensions>
          <distance>50660</distance>
        </extensions>
      </trkpt>
      <trkpt lat="57.24946" lon="25.05177">
        <ele>49</ele>
        <extensions>
          <distance>50673</distance>
        </extensions>
      </trkpt>
      <trkpt lat="57.24942" lon="25.05158">
        <ele>48</ele>
        <extensions>
          <distance>50685</distance>
        </extensions>
      </trkpt>
      <trkpt lat="57.24931" lon="25.05158">
        <ele>48</ele>
        <extensions>
          <distance>50697</distance>
        </extensions>
      </trkpt>
      <trkpt lat="57.24924" lon="25.0514">
        <ele>45</ele>
        <extensions>
          <distance>50711</distance>
        </extensions>
      </trkpt>
      <trkpt lat="57.24929" lon="25.05106">
        <ele>40</ele>
        <extensions>
          <distance>50733</distance>
        </extensions>
      </trkpt>
      <trkpt lat="57.24937" lon="25.05098">
        <ele>39</ele>
        <extensions>
          <distance>50743</distance>
        </extensions>
      </trkpt>
      <trkpt lat="57.24933" lon="25.05076">
        <ele>37</ele>
        <extensions>
          <distance>50757</distance>
        </extensions>
      </trkpt>
      <trkpt lat="57.24939" lon="25.05044">
        <ele>36</ele>
        <extensions>
          <distance>50777</distance>
        </extensions>
      </trkpt>
      <trkpt lat="57.24948" lon="25.05042">
        <ele>36</ele>
        <extensions>
          <distance>50787</distance>
        </extensions>
      </trkpt>
      <trkpt lat="57.24952" lon="25.05031">
        <ele>36</ele>
        <extensions>
          <distance>50795</distance>
        </extensions>
      </trkpt>
      <trkpt lat="57.2495" lon="25.05022">
        <ele>36</ele>
        <extensions>
          <distance>50801</distance>
        </extensions>
      </trkpt>
      <trkpt lat="57.24942" lon="25.05014">
        <ele>36</ele>
        <extensions>
          <distance>50811</distance>
        </extensions>
      </trkpt>
      <trkpt lat="57.24933" lon="25.05014">
        <ele>37</ele>
        <extensions>
          <distance>50822</distance>
        </extensions>
      </trkpt>
      <trkpt lat="57.24919" lon="25.05028">
        <ele>37</ele>
        <extensions>
          <distance>50839</distance>
        </extensions>
      </trkpt>
      <trkpt lat="57.24905" lon="25.05042">
        <ele>37</ele>
        <extensions>
          <distance>50857</distance>
        </extensions>
      </trkpt>
      <trkpt lat="57.24903" lon="25.05063">
        <ele>37</ele>
        <extensions>
          <distance>50870</distance>
        </extensions>
      </trkpt>
      <trkpt lat="57.24894" lon="25.05087">
        <ele>38</ele>
        <extensions>
          <distance>50887</distance>
        </extensions>
      </trkpt>
      <trkpt lat="57.24877" lon="25.05089">
        <ele>38</ele>
        <extensions>
          <distance>50906</distance>
        </extensions>
      </trkpt>
      <trkpt lat="57.24862" lon="25.05098">
        <ele>38</ele>
        <extensions>
          <distance>50924</distance>
        </extensions>
      </trkpt>
      <trkpt lat="57.24849" lon="25.05087">
        <ele>38</ele>
        <extensions>
          <distance>50940</distance>
        </extensions>
      </trkpt>
      <trkpt lat="57.24836" lon="25.05098">
        <ele>38</ele>
        <extensions>
          <distance>50956</distance>
        </extensions>
      </trkpt>
      <trkpt lat="57.2483" lon="25.05113">
        <ele>38</ele>
        <extensions>
          <distance>50967</distance>
        </extensions>
      </trkpt>
      <trkpt lat="57.24814" lon="25.051265">
        <ele>40</ele>
        <extensions>
          <distance>50987</distance>
        </extensions>
      </trkpt>
      <trkpt lat="57.24798" lon="25.0514">
        <ele>40</ele>
        <extensions>
          <distance>51006</distance>
        </extensions>
      </trkpt>
      <trkpt lat="57.24796" lon="25.05179">
        <ele>41</ele>
        <extensions>
          <distance>51030</distance>
        </extensions>
      </trkpt>
      <trkpt lat="57.247895" lon="25.05211">
        <ele>43</ele>
        <extensions>
          <distance>51051</distance>
        </extensions>
      </trkpt>
      <trkpt lat="57.24783" lon="25.05243">
        <ele>45</ele>
        <extensions>
          <distance>51071</distance>
        </extensions>
      </trkpt>
      <trkpt lat="57.24764" lon="25.05261">
        <ele>45</ele>
        <extensions>
          <distance>51095</distance>
        </extensions>
      </trkpt>
      <trkpt lat="57.24759" lon="25.05278">
        <ele>45</ele>
        <extensions>
          <distance>51107</distance>
        </extensions>
      </trkpt>
      <trkpt lat="57.24744" lon="25.05267">
        <ele>45</ele>
        <extensions>
          <distance>51125</distance>
        </extensions>
      </trkpt>
      <trkpt lat="57.247325000000004" lon="25.052415">
        <ele>43</ele>
        <extensions>
          <distance>51145</distance>
        </extensions>
      </trkpt>
      <trkpt lat="57.24721" lon="25.05216">
        <ele>41</ele>
        <extensions>
          <distance>51165</distance>
        </extensions>
      </trkpt>
      <trkpt lat="57.24707" lon="25.052095">
        <ele>41</ele>
        <extensions>
          <distance>51181</distance>
        </extensions>
      </trkpt>
      <trkpt lat="57.24693" lon="25.05203">
        <ele>41</ele>
        <extensions>
          <distance>51197</distance>
        </extensions>
      </trkpt>
      <trkpt lat="57.24684" lon="25.05164">
        <ele>41</ele>
        <extensions>
          <distance>51223</distance>
        </extensions>
      </trkpt>
      <trkpt lat="57.2468" lon="25.05181">
        <ele>41</ele>
        <extensions>
          <distance>51234</distance>
        </extensions>
      </trkpt>
      <trkpt lat="57.24684" lon="25.05224">
        <ele>42</ele>
        <extensions>
          <distance>51260</distance>
        </extensions>
      </trkpt>
      <trkpt lat="57.24697" lon="25.05252">
        <ele>43</ele>
        <extensions>
          <distance>51283</distance>
        </extensions>
      </trkpt>
      <trkpt lat="57.24703" lon="25.0528">
        <ele>46</ele>
        <extensions>
          <distance>51301</distance>
        </extensions>
      </trkpt>
      <trkpt lat="57.24699" lon="25.05329">
        <ele>51</ele>
        <extensions>
          <distance>51331</distance>
        </extensions>
      </trkpt>
      <trkpt lat="57.2469" lon="25.05359">
        <ele>55</ele>
        <extensions>
          <distance>51352</distance>
        </extensions>
      </trkpt>
      <trkpt lat="57.246804999999995" lon="25.053795">
        <ele>58</ele>
        <extensions>
          <distance>51369</distance>
        </extensions>
      </trkpt>
      <trkpt lat="57.24671" lon="25.054">
        <ele>61</ele>
        <extensions>
          <distance>51386</distance>
        </extensions>
      </trkpt>
      <trkpt lat="57.24657" lon="25.054054999999998">
        <ele>61</ele>
        <extensions>
          <distance>51402</distance>
        </extensions>
      </trkpt>
      <trkpt lat="57.24643" lon="25.05411">
        <ele>61</ele>
        <extensions>
          <distance>51417</distance>
        </extensions>
      </trkpt>
      <trkpt lat="57.2463" lon="25.05441">
        <ele>66</ele>
        <extensions>
          <distance>51441</distance>
        </extensions>
      </trkpt>
      <trkpt lat="57.2462" lon="25.05452">
        <ele>68</ele>
        <extensions>
          <distance>51454</distance>
        </extensions>
      </trkpt>
      <trkpt lat="57.24613" lon="25.05465">
        <ele>70</ele>
        <extensions>
          <distance>51465</distance>
        </extensions>
      </trkpt>
      <trkpt lat="57.24603" lon="25.05469">
        <ele>71</ele>
        <extensions>
          <distance>51477</distance>
        </extensions>
      </trkpt>
      <trkpt lat="57.245909999999995" lon="25.05482">
        <ele>71</ele>
        <extensions>
          <distance>51492</distance>
        </extensions>
      </trkpt>
      <trkpt lat="57.24579" lon="25.05495">
        <ele>72</ele>
        <extensions>
          <distance>51508</distance>
        </extensions>
      </trkpt>
      <trkpt lat="57.24568" lon="25.05495">
        <ele>74</ele>
        <extensions>
          <distance>51520</distance>
        </extensions>
      </trkpt>
      <trkpt lat="57.24547" lon="25.05505">
        <ele>76</ele>
        <extensions>
          <distance>51544</distance>
        </extensions>
      </trkpt>
      <trkpt lat="57.24522" lon="25.054985000000002">
        <ele>80</ele>
        <extensions>
          <distance>51573</distance>
        </extensions>
      </trkpt>
      <trkpt lat="57.24497" lon="25.05492">
        <ele>80</ele>
        <extensions>
          <distance>51601</distance>
        </extensions>
      </trkpt>
      <trkpt lat="57.24491" lon="25.05482">
        <ele>80</ele>
        <extensions>
          <distance>51610</distance>
        </extensions>
      </trkpt>
      <trkpt lat="57.2447" lon="25.05475">
        <ele>80</ele>
        <extensions>
          <distance>51634</distance>
        </extensions>
      </trkpt>
      <trkpt lat="57.2447" lon="25.05434">
        <ele>80</ele>
        <extensions>
          <distance>51658</distance>
        </extensions>
      </trkpt>
      <trkpt lat="57.24463" lon="25.05404">
        <ele>79</ele>
        <extensions>
          <distance>51678</distance>
        </extensions>
      </trkpt>
      <trkpt lat="57.244524999999996" lon="25.053829999999998">
        <ele>79</ele>
        <extensions>
          <distance>51695</distance>
        </extensions>
      </trkpt>
      <trkpt lat="57.24442" lon="25.05362">
        <ele>79</ele>
        <extensions>
          <distance>51713</distance>
        </extensions>
      </trkpt>
      <trkpt lat="57.24439" lon="25.05344">
        <ele>79</ele>
        <extensions>
          <distance>51724</distance>
        </extensions>
      </trkpt>
      <trkpt lat="57.244275" lon="25.053075">
        <ele>79</ele>
        <extensions>
          <distance>51749</distance>
        </extensions>
      </trkpt>
      <trkpt lat="57.24416" lon="25.05271">
        <ele>79</ele>
        <extensions>
          <distance>51775</distance>
        </extensions>
      </trkpt>
      <trkpt lat="57.24409" lon="25.05233">
        <ele>79</ele>
        <extensions>
          <distance>51799</distance>
        </extensions>
      </trkpt>
      <trkpt lat="57.243965" lon="25.05206">
        <ele>77</ele>
        <extensions>
          <distance>51821</distance>
        </extensions>
      </trkpt>
      <trkpt lat="57.24384" lon="25.05179">
        <ele>74</ele>
        <extensions>
          <distance>51842</distance>
        </extensions>
      </trkpt>
      <trkpt lat="57.24381" lon="25.05162">
        <ele>72</ele>
        <extensions>
          <distance>51853</distance>
        </extensions>
      </trkpt>
      <trkpt lat="57.24364" lon="25.0513">
        <ele>68</ele>
        <extensions>
          <distance>51881</distance>
        </extensions>
      </trkpt>
      <trkpt lat="57.24364" lon="25.051005000000004">
        <ele>66</ele>
        <extensions>
          <distance>51898</distance>
        </extensions>
      </trkpt>
      <trkpt lat="57.24364" lon="25.050710000000002">
        <ele>64</ele>
        <extensions>
          <distance>51916</distance>
        </extensions>
      </trkpt>
      <trkpt lat="57.24364" lon="25.050415">
        <ele>62</ele>
        <extensions>
          <distance>51934</distance>
        </extensions>
      </trkpt>
      <trkpt lat="57.24364" lon="25.05012">
        <ele>60</ele>
        <extensions>
          <distance>51952</distance>
        </extensions>
      </trkpt>
      <trkpt lat="57.243790000000004" lon="25.049765">
        <ele>54</ele>
        <extensions>
          <distance>51980</distance>
        </extensions>
      </trkpt>
      <trkpt lat="57.24394" lon="25.04941">
        <ele>49</ele>
        <extensions>
          <distance>52008</distance>
        </extensions>
      </trkpt>
      <trkpt lat="57.24386" lon="25.04928">
        <ele>48</ele>
        <extensions>
          <distance>52020</distance>
        </extensions>
      </trkpt>
      <trkpt lat="57.24367" lon="25.04917">
        <ele>48</ele>
        <extensions>
          <distance>52042</distance>
        </extensions>
      </trkpt>
      <trkpt lat="57.2436" lon="25.04881">
        <ele>48</ele>
        <extensions>
          <distance>52065</distance>
        </extensions>
      </trkpt>
      <trkpt lat="57.24352" lon="25.0487">
        <ele>49</ele>
        <extensions>
          <distance>52076</distance>
        </extensions>
      </trkpt>
      <trkpt lat="57.24338" lon="25.048560000000002">
        <ele>49</ele>
        <extensions>
          <distance>52094</distance>
        </extensions>
      </trkpt>
      <trkpt lat="57.24324" lon="25.04842">
        <ele>49</ele>
        <extensions>
          <distance>52111</distance>
        </extensions>
      </trkpt>
      <trkpt lat="57.24313" lon="25.04842">
        <ele>49</ele>
        <extensions>
          <distance>52124</distance>
        </extensions>
      </trkpt>
      <trkpt lat="57.24298" lon="25.04829">
        <ele>49</ele>
        <extensions>
          <distance>52142</distance>
        </extensions>
      </trkpt>
      <trkpt lat="57.24284" lon="25.048045000000002">
        <ele>50</ele>
        <extensions>
          <distance>52164</distance>
        </extensions>
      </trkpt>
      <trkpt lat="57.2427" lon="25.0478">
        <ele>50</ele>
        <extensions>
          <distance>52185</distance>
        </extensions>
      </trkpt>
      <trkpt lat="57.24255" lon="25.04769">
        <ele>50</ele>
        <extensions>
          <distance>52203</distance>
        </extensions>
      </trkpt>
      <trkpt lat="57.2424" lon="25.04767">
        <ele>49</ele>
        <extensions>
          <distance>52220</distance>
        </extensions>
      </trkpt>
      <trkpt lat="57.24238" lon="25.04761">
        <ele>48</ele>
        <extensions>
          <distance>52224</distance>
        </extensions>
      </trkpt>
      <trkpt lat="57.24229" lon="25.04761">
        <ele>48</ele>
        <extensions>
          <distance>52234</distance>
        </extensions>
      </trkpt>
      <trkpt lat="57.24216" lon="25.04741">
        <ele>48</ele>
        <extensions>
          <distance>52253</distance>
        </extensions>
      </trkpt>
      <trkpt lat="57.24201" lon="25.047335">
        <ele>48</ele>
        <extensions>
          <distance>52270</distance>
        </extensions>
      </trkpt>
      <trkpt lat="57.24186" lon="25.04726">
        <ele>48</ele>
        <extensions>
          <distance>52288</distance>
        </extensions>
      </trkpt>
      <trkpt lat="57.241659999999996" lon="25.047445000000003">
        <ele>48</ele>
        <extensions>
          <distance>52313</distance>
        </extensions>
      </trkpt>
      <trkpt lat="57.24146" lon="25.04763">
        <ele>50</ele>
        <extensions>
          <distance>52338</distance>
        </extensions>
      </trkpt>
      <trkpt lat="57.24124" lon="25.04763">
        <ele>50</ele>
        <extensions>
          <distance>52362</distance>
        </extensions>
      </trkpt>
      <trkpt lat="57.24111" lon="25.04782">
        <ele>54</ele>
        <extensions>
          <distance>52381</distance>
        </extensions>
      </trkpt>
      <trkpt lat="57.24096" lon="25.04793">
        <ele>56</ele>
        <extensions>
          <distance>52399</distance>
        </extensions>
      </trkpt>
      <trkpt lat="57.24081" lon="25.04804">
        <ele>56</ele>
        <extensions>
          <distance>52417</distance>
        </extensions>
      </trkpt>
      <trkpt lat="57.24065" lon="25.04794">
        <ele>57</ele>
        <extensions>
          <distance>52436</distance>
        </extensions>
      </trkpt>
      <trkpt lat="57.24049" lon="25.04784">
        <ele>59</ele>
        <extensions>
          <distance>52455</distance>
        </extensions>
      </trkpt>
      <trkpt lat="57.240245" lon="25.047915">
        <ele>62</ele>
        <extensions>
          <distance>52482</distance>
        </extensions>
      </trkpt>
      <trkpt lat="57.24" lon="25.04799">
        <ele>67</ele>
        <extensions>
          <distance>52511</distance>
        </extensions>
      </trkpt>
      <trkpt lat="57.2398" lon="25.04797">
        <ele>67</ele>
        <extensions>
          <distance>52533</distance>
        </extensions>
      </trkpt>
      <trkpt lat="57.23974" lon="25.04778">
        <ele>69</ele>
        <extensions>
          <distance>52546</distance>
        </extensions>
      </trkpt>
      <trkpt lat="57.239554999999996" lon="25.047855">
        <ele>69</ele>
        <extensions>
          <distance>52567</distance>
        </extensions>
      </trkpt>
      <trkpt lat="57.23937" lon="25.04793">
        <ele>71</ele>
        <extensions>
          <distance>52588</distance>
        </extensions>
      </trkpt>
      <trkpt lat="57.23922" lon="25.04788">
        <ele>72</ele>
        <extensions>
          <distance>52605</distance>
        </extensions>
      </trkpt>
      <trkpt lat="57.23907" lon="25.04783">
        <ele>73</ele>
        <extensions>
          <distance>52622</distance>
        </extensions>
      </trkpt>
      <trkpt lat="57.23892" lon="25.047780000000003">
        <ele>73</ele>
        <extensions>
          <distance>52639</distance>
        </extensions>
      </trkpt>
      <trkpt lat="57.23877" lon="25.04773">
        <ele>73</ele>
        <extensions>
          <distance>52656</distance>
        </extensions>
      </trkpt>
      <trkpt lat="57.23862" lon="25.04741">
        <ele>73</ele>
        <extensions>
          <distance>52682</distance>
        </extensions>
      </trkpt>
      <trkpt lat="57.238515" lon="25.046985">
        <ele>73</ele>
        <extensions>
          <distance>52710</distance>
        </extensions>
      </trkpt>
      <trkpt lat="57.23841" lon="25.04656">
        <ele>69</ele>
        <extensions>
          <distance>52738</distance>
        </extensions>
      </trkpt>
      <trkpt lat="57.23832" lon="25.04645">
        <ele>69</ele>
        <extensions>
          <distance>52750</distance>
        </extensions>
      </trkpt>
      <trkpt lat="57.23826" lon="25.04643">
        <ele>69</ele>
        <extensions>
          <distance>52757</distance>
        </extensions>
      </trkpt>
      <trkpt lat="57.23817" lon="25.04625">
        <ele>66</ele>
        <extensions>
          <distance>52772</distance>
        </extensions>
      </trkpt>
      <trkpt lat="57.23811" lon="25.0461">
        <ele>65</ele>
        <extensions>
          <distance>52783</distance>
        </extensions>
      </trkpt>
      <trkpt lat="57.23809" lon="25.04578">
        <ele>65</ele>
        <extensions>
          <distance>52803</distance>
        </extensions>
      </trkpt>
      <trkpt lat="57.23802" lon="25.04572">
        <ele>65</ele>
        <extensions>
          <distance>52811</distance>
        </extensions>
      </trkpt>
      <trkpt lat="57.23789" lon="25.04595">
        <ele>65</ele>
        <extensions>
          <distance>52832</distance>
        </extensions>
      </trkpt>
      <trkpt lat="57.23785" lon="25.04638">
        <ele>68</ele>
        <extensions>
          <distance>52858</distance>
        </extensions>
      </trkpt>
      <trkpt lat="57.23776" lon="25.04645">
        <ele>68</ele>
        <extensions>
          <distance>52869</distance>
        </extensions>
      </trkpt>
      <trkpt lat="57.23757" lon="25.04645">
        <ele>68</ele>
        <extensions>
          <distance>52890</distance>
        </extensions>
      </trkpt>
      <trkpt lat="57.23751" lon="25.04636">
        <ele>68</ele>
        <extensions>
          <distance>52899</distance>
        </extensions>
      </trkpt>
      <trkpt lat="57.23748" lon="25.0461">
        <ele>68</ele>
        <extensions>
          <distance>52915</distance>
        </extensions>
      </trkpt>
      <trkpt lat="57.2374" lon="25.04578">
        <ele>67</ele>
        <extensions>
          <distance>52936</distance>
        </extensions>
      </trkpt>
      <trkpt lat="57.23718" lon="25.04578">
        <ele>67</ele>
        <extensions>
          <distance>52960</distance>
        </extensions>
      </trkpt>
      <trkpt lat="57.237055" lon="25.045665">
        <ele>67</ele>
        <extensions>
          <distance>52976</distance>
        </extensions>
      </trkpt>
      <trkpt lat="57.23693" lon="25.04555">
        <ele>67</ele>
        <extensions>
          <distance>52992</distance>
        </extensions>
      </trkpt>
      <trkpt lat="57.2368" lon="25.045645">
        <ele>67</ele>
        <extensions>
          <distance>53007</distance>
        </extensions>
      </trkpt>
      <trkpt lat="57.23667" lon="25.04574">
        <ele>68</ele>
        <extensions>
          <distance>53023</distance>
        </extensions>
      </trkpt>
      <trkpt lat="57.236585" lon="25.045955">
        <ele>70</ele>
        <extensions>
          <distance>53039</distance>
        </extensions>
      </trkpt>
      <trkpt lat="57.2365" lon="25.04617">
        <ele>70</ele>
        <extensions>
          <distance>53055</distance>
        </extensions>
      </trkpt>
      <trkpt lat="57.23637" lon="25.04628">
        <ele>70</ele>
        <extensions>
          <distance>53071</distance>
        </extensions>
      </trkpt>
      <trkpt lat="57.236135000000004" lon="25.046365">
        <ele>70</ele>
        <extensions>
          <distance>53098</distance>
        </extensions>
      </trkpt>
      <trkpt lat="57.2359" lon="25.04645">
        <ele>71</ele>
        <extensions>
          <distance>53124</distance>
        </extensions>
      </trkpt>
      <trkpt lat="57.23577" lon="25.04632">
        <ele>71</ele>
        <extensions>
          <distance>53141</distance>
        </extensions>
      </trkpt>
      <trkpt lat="57.23577" lon="25.046010000000003">
        <ele>71</ele>
        <extensions>
          <distance>53159</distance>
        </extensions>
      </trkpt>
      <trkpt lat="57.23577" lon="25.0457">
        <ele>71</ele>
        <extensions>
          <distance>53178</distance>
        </extensions>
      </trkpt>
      <trkpt lat="57.235535" lon="25.045614999999998">
        <ele>75</ele>
        <extensions>
          <distance>53205</distance>
        </extensions>
      </trkpt>
      <trkpt lat="57.2353" lon="25.04553">
        <ele>77</ele>
        <extensions>
          <distance>53232</distance>
        </extensions>
      </trkpt>
      <trkpt lat="57.23521" lon="25.0452">
        <ele>79</ele>
        <extensions>
          <distance>53254</distance>
        </extensions>
      </trkpt>
      <trkpt lat="57.235245000000006" lon="25.044785">
        <ele>80</ele>
        <extensions>
          <distance>53279</distance>
        </extensions>
      </trkpt>
      <trkpt lat="57.23528" lon="25.04437">
        <ele>80</ele>
        <extensions>
          <distance>53305</distance>
        </extensions>
      </trkpt>
      <trkpt lat="57.235115" lon="25.04408">
        <ele>81</ele>
        <extensions>
          <distance>53330</distance>
        </extensions>
      </trkpt>
      <trkpt lat="57.23495" lon="25.04379">
        <ele>82</ele>
        <extensions>
          <distance>53356</distance>
        </extensions>
      </trkpt>
      <trkpt lat="57.23487" lon="25.0434">
        <ele>82</ele>
        <extensions>
          <distance>53381</distance>
        </extensions>
      </trkpt>
      <trkpt lat="57.23474" lon="25.04312">
        <ele>82</ele>
        <extensions>
          <distance>53403</distance>
        </extensions>
      </trkpt>
      <trkpt lat="57.23458" lon="25.042865">
        <ele>82</ele>
        <extensions>
          <distance>53427</distance>
        </extensions>
      </trkpt>
      <trkpt lat="57.23442" lon="25.04261">
        <ele>82</ele>
        <extensions>
          <distance>53450</distance>
        </extensions>
      </trkpt>
      <trkpt lat="57.23422" lon="25.04244">
        <ele>82</ele>
        <extensions>
          <distance>53475</distance>
        </extensions>
      </trkpt>
      <trkpt lat="57.23408" lon="25.042215">
        <ele>80</ele>
        <extensions>
          <distance>53495</distance>
        </extensions>
      </trkpt>
      <trkpt lat="57.23394" lon="25.04199">
        <ele>75</ele>
        <extensions>
          <distance>53517</distance>
        </extensions>
      </trkpt>
      <trkpt lat="57.23373" lon="25.04186">
        <ele>67</ele>
        <extensions>
          <distance>53543</distance>
        </extensions>
      </trkpt>
      <trkpt lat="57.23356" lon="25.04164">
        <ele>59</ele>
        <extensions>
          <distance>53567</distance>
        </extensions>
      </trkpt>
      <trkpt lat="57.23345" lon="25.041815">
        <ele>59</ele>
        <extensions>
          <distance>53583</distance>
        </extensions>
      </trkpt>
      <trkpt lat="57.23334" lon="25.04199">
        <ele>59</ele>
        <extensions>
          <distance>53599</distance>
        </extensions>
      </trkpt>
      <trkpt lat="57.23328" lon="25.042234999999998">
        <ele>59</ele>
        <extensions>
          <distance>53616</distance>
        </extensions>
      </trkpt>
      <trkpt lat="57.23322" lon="25.04248">
        <ele>59</ele>
        <extensions>
          <distance>53632</distance>
        </extensions>
      </trkpt>
      <trkpt lat="57.23313" lon="25.04244">
        <ele>58</ele>
        <extensions>
          <distance>53642</distance>
        </extensions>
      </trkpt>
      <trkpt lat="57.23298" lon="25.0425">
        <ele>56</ele>
        <extensions>
          <distance>53659</distance>
        </extensions>
      </trkpt>
      <trkpt lat="57.23289" lon="25.04244">
        <ele>55</ele>
        <extensions>
          <distance>53670</distance>
        </extensions>
      </trkpt>
      <trkpt lat="57.2328425" lon="25.042745">
        <ele>55</ele>
        <extensions>
          <distance>53689</distance>
        </extensions>
      </trkpt>
      <trkpt lat="57.232794999999996" lon="25.04305">
        <ele>54</ele>
        <extensions>
          <distance>53708</distance>
        </extensions>
      </trkpt>
      <trkpt lat="57.2327475" lon="25.043355">
        <ele>53</ele>
        <extensions>
          <distance>53728</distance>
        </extensions>
      </trkpt>
      <trkpt lat="57.2327" lon="25.04366">
        <ele>53</ele>
        <extensions>
          <distance>53747</distance>
        </extensions>
      </trkpt>
      <trkpt lat="57.232495" lon="25.043529999999997">
        <ele>51</ele>
        <extensions>
          <distance>53771</distance>
        </extensions>
      </trkpt>
      <trkpt lat="57.23229" lon="25.0434">
        <ele>50</ele>
        <extensions>
          <distance>53795</distance>
        </extensions>
      </trkpt>
      <trkpt lat="57.23219" lon="25.04338">
        <ele>50</ele>
        <extensions>
          <distance>53806</distance>
        </extensions>
      </trkpt>
      <trkpt lat="57.232060000000004" lon="25.043210000000002">
        <ele>50</ele>
        <extensions>
          <distance>53824</distance>
        </extensions>
      </trkpt>
      <trkpt lat="57.23193" lon="25.04304">
        <ele>50</ele>
        <extensions>
          <distance>53842</distance>
        </extensions>
      </trkpt>
      <trkpt lat="57.231790000000004" lon="25.04336">
        <ele>50</ele>
        <extensions>
          <distance>53867</distance>
        </extensions>
      </trkpt>
      <trkpt lat="57.23165" lon="25.04368">
        <ele>50</ele>
        <extensions>
          <distance>53891</distance>
        </extensions>
      </trkpt>
      <trkpt lat="57.23159" lon="25.04402">
        <ele>50</ele>
        <extensions>
          <distance>53913</distance>
        </extensions>
      </trkpt>
      <trkpt lat="57.231575" lon="25.044515">
        <ele>50</ele>
        <extensions>
          <distance>53943</distance>
        </extensions>
      </trkpt>
      <trkpt lat="57.23156" lon="25.04501">
        <ele>50</ele>
        <extensions>
          <distance>53973</distance>
        </extensions>
      </trkpt>
      <trkpt lat="57.23152" lon="25.04514">
        <ele>50</ele>
        <extensions>
          <distance>53982</distance>
        </extensions>
      </trkpt>
      <trkpt lat="57.23138" lon="25.04532">
        <ele>50</ele>
        <extensions>
          <distance>54001</distance>
        </extensions>
      </trkpt>
      <trkpt lat="57.23124" lon="25.0455">
        <ele>53</ele>
        <extensions>
          <distance>54020</distance>
        </extensions>
      </trkpt>
      <trkpt lat="57.23116" lon="25.04578">
        <ele>54</ele>
        <extensions>
          <distance>54039</distance>
        </extensions>
      </trkpt>
      <trkpt lat="57.23096" lon="25.04589">
        <ele>64</ele>
        <extensions>
          <distance>54064</distance>
        </extensions>
      </trkpt>
      <trkpt lat="57.23094" lon="25.04563">
        <ele>66</ele>
        <extensions>
          <distance>54080</distance>
        </extensions>
      </trkpt>
      <trkpt lat="57.23085" lon="25.04557">
        <ele>71</ele>
        <extensions>
          <distance>54092</distance>
        </extensions>
      </trkpt>
      <trkpt lat="57.23079" lon="25.04531">
        <ele>72</ele>
        <extensions>
          <distance>54109</distance>
        </extensions>
      </trkpt>
      <trkpt lat="57.23071" lon="25.0452">
        <ele>74</ele>
        <extensions>
          <distance>54121</distance>
        </extensions>
      </trkpt>
      <trkpt lat="57.23073" lon="25.04482">
        <ele>75</ele>
        <extensions>
          <distance>54144</distance>
        </extensions>
      </trkpt>
      <trkpt lat="57.23085" lon="25.04458">
        <ele>76</ele>
        <extensions>
          <distance>54163</distance>
        </extensions>
      </trkpt>
      <trkpt lat="57.23079" lon="25.04447">
        <ele>76</ele>
        <extensions>
          <distance>54173</distance>
        </extensions>
      </trkpt>
      <trkpt lat="57.23077" lon="25.04417">
        <ele>76</ele>
        <extensions>
          <distance>54191</distance>
        </extensions>
      </trkpt>
      <trkpt lat="57.23075" lon="25.04387">
        <ele>76</ele>
        <extensions>
          <distance>54209</distance>
        </extensions>
      </trkpt>
      <trkpt lat="57.23071" lon="25.04379">
        <ele>78</ele>
        <extensions>
          <distance>54216</distance>
        </extensions>
      </trkpt>
      <trkpt lat="57.23068" lon="25.04355">
        <ele>79</ele>
        <extensions>
          <distance>54231</distance>
        </extensions>
      </trkpt>
      <trkpt lat="57.23053" lon="25.04327">
        <ele>83</ele>
        <extensions>
          <distance>54255</distance>
        </extensions>
      </trkpt>
      <trkpt lat="57.23053" lon="25.04306">
        <ele>83</ele>
        <extensions>
          <distance>54268</distance>
        </extensions>
      </trkpt>
      <trkpt lat="57.23047" lon="25.04286">
        <ele>84</ele>
        <extensions>
          <distance>54281</distance>
        </extensions>
      </trkpt>
      <trkpt lat="57.23047" lon="25.04256">
        <ele>84</ele>
        <extensions>
          <distance>54300</distance>
        </extensions>
      </trkpt>
      <trkpt lat="57.23053" lon="25.04222">
        <ele>83</ele>
        <extensions>
          <distance>54321</distance>
        </extensions>
      </trkpt>
      <trkpt lat="57.23052" lon="25.041964999999998">
        <ele>83</ele>
        <extensions>
          <distance>54337</distance>
        </extensions>
      </trkpt>
      <trkpt lat="57.23051" lon="25.04171">
        <ele>83</ele>
        <extensions>
          <distance>54352</distance>
        </extensions>
      </trkpt>
      <trkpt lat="57.2306" lon="25.04138">
        <ele>82</ele>
        <extensions>
          <distance>54374</distance>
        </extensions>
      </trkpt>
      <trkpt lat="57.2306" lon="25.04098">
        <ele>82</ele>
        <extensions>
          <distance>54399</distance>
        </extensions>
      </trkpt>
      <trkpt lat="57.23051" lon="25.04102">
        <ele>82</ele>
        <extensions>
          <distance>54409</distance>
        </extensions>
      </trkpt>
      <trkpt lat="57.23043" lon="25.04117">
        <ele>82</ele>
        <extensions>
          <distance>54422</distance>
        </extensions>
      </trkpt>
      <trkpt lat="57.2303" lon="25.04128">
        <ele>85</ele>
        <extensions>
          <distance>54438</distance>
        </extensions>
      </trkpt>
      <trkpt lat="57.230199999999996" lon="25.04148">
        <ele>87</ele>
        <extensions>
          <distance>54454</distance>
        </extensions>
      </trkpt>
      <trkpt lat="57.2301" lon="25.04168">
        <ele>88</ele>
        <extensions>
          <distance>54471</distance>
        </extensions>
      </trkpt>
      <trkpt lat="57.23006" lon="25.04213">
        <ele>90</ele>
        <extensions>
          <distance>54498</distance>
        </extensions>
      </trkpt>
      <trkpt lat="57.230095000000006" lon="25.04238">
        <ele>90</ele>
        <extensions>
          <distance>54514</distance>
        </extensions>
      </trkpt>
      <trkpt lat="57.23013" lon="25.04263">
        <ele>91</ele>
        <extensions>
          <distance>54529</distance>
        </extensions>
      </trkpt>
      <trkpt lat="57.2301" lon="25.04308">
        <ele>93</ele>
        <extensions>
          <distance>54557</distance>
        </extensions>
      </trkpt>
      <trkpt lat="57.2301375" lon="25.043365">
        <ele>93</ele>
        <extensions>
          <distance>54575</distance>
        </extensions>
      </trkpt>
      <trkpt lat="57.230175" lon="25.04365">
        <ele>93</ele>
        <extensions>
          <distance>54592</distance>
        </extensions>
      </trkpt>
      <trkpt lat="57.2302125" lon="25.043934999999998">
        <ele>93</ele>
        <extensions>
          <distance>54610</distance>
        </extensions>
      </trkpt>
      <trkpt lat="57.23025" lon="25.04422">
        <ele>93</ele>
        <extensions>
          <distance>54628</distance>
        </extensions>
      </trkpt>
      <trkpt lat="57.230239999999995" lon="25.044475">
        <ele>93</ele>
        <extensions>
          <distance>54643</distance>
        </extensions>
      </trkpt>
      <trkpt lat="57.23023" lon="25.04473">
        <ele>93</ele>
        <extensions>
          <distance>54659</distance>
        </extensions>
      </trkpt>
      <trkpt lat="57.23019" lon="25.04495">
        <ele>93</ele>
        <extensions>
          <distance>54673</distance>
        </extensions>
      </trkpt>
      <trkpt lat="57.23006" lon="25.045279999999998">
        <ele>93</ele>
        <extensions>
          <distance>54697</distance>
        </extensions>
      </trkpt>
      <trkpt lat="57.22993" lon="25.04561">
        <ele>95</ele>
        <extensions>
          <distance>54722</distance>
        </extensions>
      </trkpt>
      <trkpt lat="57.22975" lon="25.045835">
        <ele>97</ele>
        <extensions>
          <distance>54746</distance>
        </extensions>
      </trkpt>
      <trkpt lat="57.22957" lon="25.04606">
        <ele>99</ele>
        <extensions>
          <distance>54770</distance>
        </extensions>
      </trkpt>
      <trkpt lat="57.22941" lon="25.04618">
        <ele>102</ele>
        <extensions>
          <distance>54790</distance>
        </extensions>
      </trkpt>
      <trkpt lat="57.22925" lon="25.0463">
        <ele>104</ele>
        <extensions>
          <distance>54809</distance>
        </extensions>
      </trkpt>
      <trkpt lat="57.22922" lon="25.04641">
        <ele>104</ele>
        <extensions>
          <distance>54817</distance>
        </extensions>
      </trkpt>
      <trkpt lat="57.22925" lon="25.04649">
        <ele>104</ele>
        <extensions>
          <distance>54823</distance>
        </extensions>
      </trkpt>
      <trkpt lat="57.229465000000005" lon="25.046715">
        <ele>104</ele>
        <extensions>
          <distance>54850</distance>
        </extensions>
      </trkpt>
      <trkpt lat="57.22968" lon="25.04694">
        <ele>104</ele>
        <extensions>
          <distance>54878</distance>
        </extensions>
      </trkpt>
      <trkpt lat="57.229785" lon="25.04711">
        <ele>103</ele>
        <extensions>
          <distance>54893</distance>
        </extensions>
      </trkpt>
      <trkpt lat="57.22989" lon="25.04728">
        <ele>103</ele>
        <extensions>
          <distance>54909</distance>
        </extensions>
      </trkpt>
      <trkpt lat="57.22998" lon="25.04769">
        <ele>103</ele>
        <extensions>
          <distance>54936</distance>
        </extensions>
      </trkpt>
      <trkpt lat="57.22998" lon="25.04806">
        <ele>103</ele>
        <extensions>
          <distance>54958</distance>
        </extensions>
      </trkpt>
      <trkpt lat="57.230019999999996" lon="25.04835">
        <ele>103</ele>
        <extensions>
          <distance>54976</distance>
        </extensions>
      </trkpt>
      <trkpt lat="57.23006" lon="25.04864">
        <ele>103</ele>
        <extensions>
          <distance>54994</distance>
        </extensions>
      </trkpt>
      <trkpt lat="57.23004" lon="25.04894">
        <ele>103</ele>
        <extensions>
          <distance>55012</distance>
        </extensions>
      </trkpt>
      <trkpt lat="57.22985" lon="25.04919">
        <ele>106</ele>
        <extensions>
          <distance>55038</distance>
        </extensions>
      </trkpt>
      <trkpt lat="57.22961" lon="25.04932">
        <ele>108</ele>
        <extensions>
          <distance>55066</distance>
        </extensions>
      </trkpt>
      <trkpt lat="57.22948" lon="25.0495">
        <ele>108</ele>
        <extensions>
          <distance>55084</distance>
        </extensions>
      </trkpt>
      <trkpt lat="57.22935" lon="25.04947">
        <ele>108</ele>
        <extensions>
          <distance>55099</distance>
        </extensions>
      </trkpt>
      <trkpt lat="57.22933" lon="25.04958">
        <ele>108</ele>
        <extensions>
          <distance>55106</distance>
        </extensions>
      </trkpt>
      <trkpt lat="57.2294" lon="25.04967">
        <ele>108</ele>
        <extensions>
          <distance>55115</distance>
        </extensions>
      </trkpt>
      <trkpt lat="57.22945" lon="25.049925">
        <ele>107</ele>
        <extensions>
          <distance>55132</distance>
        </extensions>
      </trkpt>
      <trkpt lat="57.2295" lon="25.05018">
        <ele>104</ele>
        <extensions>
          <distance>55148</distance>
        </extensions>
      </trkpt>
      <trkpt lat="57.22963" lon="25.050385">
        <ele>100</ele>
        <extensions>
          <distance>55168</distance>
        </extensions>
      </trkpt>
      <trkpt lat="57.22976" lon="25.05059">
        <ele>94</ele>
        <extensions>
          <distance>55188</distance>
        </extensions>
      </trkpt>
      <trkpt lat="57.229945" lon="25.050825">
        <ele>83</ele>
        <extensions>
          <distance>55215</distance>
        </extensions>
      </trkpt>
      <trkpt lat="57.23013" lon="25.05106">
        <ele>76</ele>
        <extensions>
          <distance>55241</distance>
        </extensions>
      </trkpt>
      <trkpt lat="57.230215" lon="25.051285">
        <ele>73</ele>
        <extensions>
          <distance>55258</distance>
        </extensions>
      </trkpt>
      <trkpt lat="57.2303" lon="25.05151">
        <ele>69</ele>
        <extensions>
          <distance>55275</distance>
        </extensions>
      </trkpt>
      <trkpt lat="57.23043" lon="25.05156">
        <ele>66</ele>
        <extensions>
          <distance>55290</distance>
        </extensions>
      </trkpt>
      <trkpt lat="57.23053" lon="25.05138">
        <ele>66</ele>
        <extensions>
          <distance>55306</distance>
        </extensions>
      </trkpt>
      <trkpt lat="57.230689999999996" lon="25.051625">
        <ele>59</ele>
        <extensions>
          <distance>55329</distance>
        </extensions>
      </trkpt>
      <trkpt lat="57.23085" lon="25.05187">
        <ele>56</ele>
        <extensions>
          <distance>55353</distance>
        </extensions>
      </trkpt>
      <trkpt lat="57.23093" lon="25.051475">
        <ele>56</ele>
        <extensions>
          <distance>55378</distance>
        </extensions>
      </trkpt>
      <trkpt lat="57.23101" lon="25.05108">
        <ele>55</ele>
        <extensions>
          <distance>55404</distance>
        </extensions>
      </trkpt>
      <trkpt lat="57.2311325" lon="25.050752499999998">
        <ele>55</ele>
        <extensions>
          <distance>55428</distance>
        </extensions>
      </trkpt>
      <trkpt lat="57.231255" lon="25.050424999999997">
        <ele>55</ele>
        <extensions>
          <distance>55452</distance>
        </extensions>
      </trkpt>
      <trkpt lat="57.231377499999994" lon="25.0500975">
        <ele>55</ele>
        <extensions>
          <distance>55476</distance>
        </extensions>
      </trkpt>
      <trkpt lat="57.2315" lon="25.04977">
        <ele>55</ele>
        <extensions>
          <distance>55500</distance>
        </extensions>
      </trkpt>
      <trkpt lat="57.23161" lon="25.04957">
        <ele>55</ele>
        <extensions>
          <distance>55517</distance>
        </extensions>
      </trkpt>
      <trkpt lat="57.23172" lon="25.04937">
        <ele>55</ele>
        <extensions>
          <distance>55534</distance>
        </extensions>
      </trkpt>
      <trkpt lat="57.231877499999996" lon="25.049487499999998">
        <ele>59</ele>
        <extensions>
          <distance>55553</distance>
        </extensions>
      </trkpt>
      <trkpt lat="57.232034999999996" lon="25.049605">
        <ele>63</ele>
        <extensions>
          <distance>55573</distance>
        </extensions>
      </trkpt>
      <trkpt lat="57.2321925" lon="25.0497225">
        <ele>66</ele>
        <extensions>
          <distance>55592</distance>
        </extensions>
      </trkpt>
      <trkpt lat="57.23235" lon="25.04984">
        <ele>69</ele>
        <extensions>
          <distance>55611</distance>
        </extensions>
      </trkpt>
      <trkpt lat="57.2326" lon="25.04998">
        <ele>73</ele>
        <extensions>
          <distance>55640</distance>
        </extensions>
      </trkpt>
      <trkpt lat="57.23272" lon="25.049795000000003">
        <ele>75</ele>
        <extensions>
          <distance>55658</distance>
        </extensions>
      </trkpt>
      <trkpt lat="57.232839999999996" lon="25.04961">
        <ele>77</ele>
        <extensions>
          <distance>55675</distance>
        </extensions>
      </trkpt>
      <trkpt lat="57.23296" lon="25.049425">
        <ele>79</ele>
        <extensions>
          <distance>55693</distance>
        </extensions>
      </trkpt>
      <trkpt lat="57.23308" lon="25.04924">
        <ele>80</ele>
        <extensions>
          <distance>55710</distance>
        </extensions>
      </trkpt>
      <trkpt lat="57.233175" lon="25.04899">
        <ele>80</ele>
        <extensions>
          <distance>55729</distance>
        </extensions>
      </trkpt>
      <trkpt lat="57.23327" lon="25.04874">
        <ele>80</ele>
        <extensions>
          <distance>55747</distance>
        </extensions>
      </trkpt>
      <trkpt lat="57.2334" lon="25.04851">
        <ele>80</ele>
        <extensions>
          <distance>55767</distance>
        </extensions>
      </trkpt>
      <trkpt lat="57.233425" lon="25.048985000000002">
        <ele>79</ele>
        <extensions>
          <distance>55796</distance>
        </extensions>
      </trkpt>
      <trkpt lat="57.23345" lon="25.04946">
        <ele>79</ele>
        <extensions>
          <distance>55825</distance>
        </extensions>
      </trkpt>
      <trkpt lat="57.23353" lon="25.049825">
        <ele>79</ele>
        <extensions>
          <distance>55849</distance>
        </extensions>
      </trkpt>
      <trkpt lat="57.23361" lon="25.05019">
        <ele>79</ele>
        <extensions>
          <distance>55872</distance>
        </extensions>
      </trkpt>
      <trkpt lat="57.2337475" lon="25.050352500000002">
        <ele>80</ele>
        <extensions>
          <distance>55891</distance>
        </extensions>
      </trkpt>
      <trkpt lat="57.233885" lon="25.050515">
        <ele>81</ele>
        <extensions>
          <distance>55909</distance>
        </extensions>
      </trkpt>
      <trkpt lat="57.2340225" lon="25.0506775">
        <ele>81</ele>
        <extensions>
          <distance>55927</distance>
        </extensions>
      </trkpt>
      <trkpt lat="57.23416" lon="25.05084">
        <ele>81</ele>
        <extensions>
          <distance>55945</distance>
        </extensions>
      </trkpt>
      <trkpt lat="57.234252500000004" lon="25.051045000000002">
        <ele>81</ele>
        <extensions>
          <distance>55961</distance>
        </extensions>
      </trkpt>
      <trkpt lat="57.234345000000005" lon="25.05125">
        <ele>81</ele>
        <extensions>
          <distance>55977</distance>
        </extensions>
      </trkpt>
      <trkpt lat="57.2344375" lon="25.051454999999997">
        <ele>81</ele>
        <extensions>
          <distance>55994</distance>
        </extensions>
      </trkpt>
      <trkpt lat="57.23453" lon="25.05166">
        <ele>81</ele>
        <extensions>
          <distance>56010</distance>
        </extensions>
      </trkpt>
      <trkpt lat="57.234725" lon="25.05194">
        <ele>81</ele>
        <extensions>
          <distance>56037</distance>
        </extensions>
      </trkpt>
      <trkpt lat="57.23492" lon="25.05222">
        <ele>82</ele>
        <extensions>
          <distance>56065</distance>
        </extensions>
      </trkpt>
      <trkpt lat="57.23510625" lon="25.052341249999998">
        <ele>83</ele>
        <extensions>
          <distance>56087</distance>
        </extensions>
      </trkpt>
      <trkpt lat="57.2352925" lon="25.052462499999997">
        <ele>83</ele>
        <extensions>
          <distance>56109</distance>
        </extensions>
      </trkpt>
      <trkpt lat="57.23547875" lon="25.052583749999997">
        <ele>84</ele>
        <extensions>
          <distance>56131</distance>
        </extensions>
      </trkpt>
      <trkpt lat="57.235665" lon="25.052705">
        <ele>84</ele>
        <extensions>
          <distance>56153</distance>
        </extensions>
      </trkpt>
      <trkpt lat="57.235851249999996" lon="25.052826250000003">
        <ele>84</ele>
        <extensions>
          <distance>56175</distance>
        </extensions>
      </trkpt>
      <trkpt lat="57.236037499999995" lon="25.052947500000002">
        <ele>84</ele>
        <extensions>
          <distance>56197</distance>
        </extensions>
      </trkpt>
      <trkpt lat="57.23622374999999" lon="25.05306875">
        <ele>84</ele>
        <extensions>
          <distance>56219</distance>
        </extensions>
      </trkpt>
      <trkpt lat="57.23641" lon="25.05319">
        <ele>84</ele>
        <extensions>
          <distance>56241</distance>
        </extensions>
      </trkpt>
      <trkpt lat="57.236615" lon="25.053175">
        <ele>84</ele>
        <extensions>
          <distance>56264</distance>
        </extensions>
      </trkpt>
      <trkpt lat="57.23682" lon="25.05316">
        <ele>83</ele>
        <extensions>
          <distance>56286</distance>
        </extensions>
      </trkpt>
      <trkpt lat="57.237065" lon="25.053075">
        <ele>83</ele>
        <extensions>
          <distance>56314</distance>
        </extensions>
      </trkpt>
      <trkpt lat="57.23731" lon="25.05299">
        <ele>83</ele>
        <extensions>
          <distance>56342</distance>
        </extensions>
      </trkpt>
      <trkpt lat="57.237570000000005" lon="25.053065">
        <ele>83</ele>
        <extensions>
          <distance>56371</distance>
        </extensions>
      </trkpt>
      <trkpt lat="57.23783" lon="25.05314">
        <ele>85</ele>
        <extensions>
          <distance>56401</distance>
        </extensions>
      </trkpt>
      <trkpt lat="57.237965" lon="25.053145">
        <ele>86</ele>
        <extensions>
          <distance>56416</distance>
        </extensions>
      </trkpt>
      <trkpt lat="57.2381" lon="25.05315">
        <ele>87</ele>
        <extensions>
          <distance>56431</distance>
        </extensions>
      </trkpt>
      <trkpt lat="57.238235" lon="25.053154999999997">
        <ele>88</ele>
        <extensions>
          <distance>56446</distance>
        </extensions>
      </trkpt>
      <trkpt lat="57.23837" lon="25.05316">
        <ele>89</ele>
        <extensions>
          <distance>56461</distance>
        </extensions>
      </trkpt>
      <trkpt lat="57.238635" lon="25.05314">
        <ele>90</ele>
        <extensions>
          <distance>56490</distance>
        </extensions>
      </trkpt>
      <trkpt lat="57.2389" lon="25.05312">
        <ele>90</ele>
        <extensions>
          <distance>56520</distance>
        </extensions>
      </trkpt>
      <trkpt lat="57.23904" lon="25.05314">
        <ele>90</ele>
        <extensions>
          <distance>56536</distance>
        </extensions>
      </trkpt>
      <trkpt lat="57.23918" lon="25.05316">
        <ele>90</ele>
        <extensions>
          <distance>56551</distance>
        </extensions>
      </trkpt>
      <trkpt lat="57.23942" lon="25.05327">
        <ele>90</ele>
        <extensions>
          <distance>56579</distance>
        </extensions>
      </trkpt>
      <trkpt lat="57.23954" lon="25.05338">
        <ele>90</ele>
        <extensions>
          <distance>56594</distance>
        </extensions>
      </trkpt>
      <trkpt lat="57.239705" lon="25.053625">
        <ele>90</ele>
        <extensions>
          <distance>56617</distance>
        </extensions>
      </trkpt>
      <trkpt lat="57.23987" lon="25.05387">
        <ele>90</ele>
        <extensions>
          <distance>56641</distance>
        </extensions>
      </trkpt>
      <trkpt lat="57.239945000000006" lon="25.05416">
        <ele>90</ele>
        <extensions>
          <distance>56660</distance>
        </extensions>
      </trkpt>
      <trkpt lat="57.24002" lon="25.05445">
        <ele>90</ele>
        <extensions>
          <distance>56680</distance>
        </extensions>
      </trkpt>
      <trkpt lat="57.24015" lon="25.05471">
        <ele>90</ele>
        <extensions>
          <distance>56701</distance>
        </extensions>
      </trkpt>
      <trkpt lat="57.2402775" lon="25.054875">
        <ele>90</ele>
        <extensions>
          <distance>56718</distance>
        </extensions>
      </trkpt>
      <trkpt lat="57.240404999999996" lon="25.055039999999998">
        <ele>90</ele>
        <extensions>
          <distance>56736</distance>
        </extensions>
      </trkpt>
      <trkpt lat="57.2405325" lon="25.055205">
        <ele>90</ele>
        <extensions>
          <distance>56753</distance>
        </extensions>
      </trkpt>
      <trkpt lat="57.24066" lon="25.05537">
        <ele>91</ele>
        <extensions>
          <distance>56770</distance>
        </extensions>
      </trkpt>
      <trkpt lat="57.240809999999996" lon="25.055320000000002">
        <ele>92</ele>
        <extensions>
          <distance>56787</distance>
        </extensions>
      </trkpt>
      <trkpt lat="57.24096" lon="25.05527">
        <ele>94</ele>
        <extensions>
          <distance>56805</distance>
        </extensions>
      </trkpt>
      <trkpt lat="57.2411" lon="25.055320000000002">
        <ele>97</ele>
        <extensions>
          <distance>56821</distance>
        </extensions>
      </trkpt>
      <trkpt lat="57.24124" lon="25.05537">
        <ele>100</ele>
        <extensions>
          <distance>56837</distance>
        </extensions>
      </trkpt>
      <trkpt lat="57.241389999999996" lon="25.055305">
        <ele>102</ele>
        <extensions>
          <distance>56854</distance>
        </extensions>
      </trkpt>
      <trkpt lat="57.24154" lon="25.05524">
        <ele>104</ele>
        <extensions>
          <distance>56871</distance>
        </extensions>
      </trkpt>
      <trkpt lat="57.24165" lon="25.05527">
        <ele>106</ele>
        <extensions>
          <distance>56884</distance>
        </extensions>
      </trkpt>
      <trkpt lat="57.24176" lon="25.05546">
        <ele>109</ele>
        <extensions>
          <distance>56901</distance>
        </extensions>
      </trkpt>
      <trkpt lat="57.24193" lon="25.05552">
        <ele>112</ele>
        <extensions>
          <distance>56920</distance>
        </extensions>
      </trkpt>
      <trkpt lat="57.24212" lon="25.05587">
        <ele>114</ele>
        <extensions>
          <distance>56950</distance>
        </extensions>
      </trkpt>
      <trkpt lat="57.242325" lon="25.05607">
        <ele>114</ele>
        <extensions>
          <distance>56976</distance>
        </extensions>
      </trkpt>
      <trkpt lat="57.24253" lon="25.05627">
        <ele>114</ele>
        <extensions>
          <distance>57002</distance>
        </extensions>
      </trkpt>
      <trkpt lat="57.24268" lon="25.05662">
        <ele>114</ele>
        <extensions>
          <distance>57029</distance>
        </extensions>
      </trkpt>
      <trkpt lat="57.24281" lon="25.05664">
        <ele>114</ele>
        <extensions>
          <distance>57044</distance>
        </extensions>
      </trkpt>
      <trkpt lat="57.24294" lon="25.05675">
        <ele>114</ele>
        <extensions>
          <distance>57060</distance>
        </extensions>
      </trkpt>
      <trkpt lat="57.243075" lon="25.05674">
        <ele>114</ele>
        <extensions>
          <distance>57075</distance>
        </extensions>
      </trkpt>
      <trkpt lat="57.24321" lon="25.05673">
        <ele>113</ele>
        <extensions>
          <distance>57090</distance>
        </extensions>
      </trkpt>
      <trkpt lat="57.24332" lon="25.05655">
        <ele>110</ele>
        <extensions>
          <distance>57106</distance>
        </extensions>
      </trkpt>
      <trkpt lat="57.24341" lon="25.05653">
        <ele>109</ele>
        <extensions>
          <distance>57116</distance>
        </extensions>
      </trkpt>
      <trkpt lat="57.24347" lon="25.05645">
        <ele>107</ele>
        <extensions>
          <distance>57125</distance>
        </extensions>
      </trkpt>
      <trkpt lat="57.24356" lon="25.05604">
        <ele>102</ele>
        <extensions>
          <distance>57152</distance>
        </extensions>
      </trkpt>
      <trkpt lat="57.24364" lon="25.05598">
        <ele>101</ele>
        <extensions>
          <distance>57162</distance>
        </extensions>
      </trkpt>
      <trkpt lat="57.24386" lon="25.05606">
        <ele>99</ele>
        <extensions>
          <distance>57187</distance>
        </extensions>
      </trkpt>
      <trkpt lat="57.24401" lon="25.05617">
        <ele>98</ele>
        <extensions>
          <distance>57205</distance>
        </extensions>
      </trkpt>
      <trkpt lat="57.24424500000001" lon="25.056235">
        <ele>95</ele>
        <extensions>
          <distance>57231</distance>
        </extensions>
      </trkpt>
      <trkpt lat="57.24448" lon="25.0563">
        <ele>92</ele>
        <extensions>
          <distance>57258</distance>
        </extensions>
      </trkpt>
      <trkpt lat="57.24455" lon="25.05653">
        <ele>91</ele>
        <extensions>
          <distance>57274</distance>
        </extensions>
      </trkpt>
      <trkpt lat="57.244569999999996" lon="25.05681">
        <ele>91</ele>
        <extensions>
          <distance>57291</distance>
        </extensions>
      </trkpt>
      <trkpt lat="57.24459" lon="25.05709">
        <ele>91</ele>
        <extensions>
          <distance>57308</distance>
        </extensions>
      </trkpt>
      <trkpt lat="57.24461" lon="25.05737">
        <ele>90</ele>
        <extensions>
          <distance>57325</distance>
        </extensions>
      </trkpt>
      <trkpt lat="57.24463" lon="25.05765">
        <ele>89</ele>
        <extensions>
          <distance>57342</distance>
        </extensions>
      </trkpt>
      <trkpt lat="57.24472" lon="25.05791">
        <ele>89</ele>
        <extensions>
          <distance>57361</distance>
        </extensions>
      </trkpt>
      <trkpt lat="57.24484" lon="25.05821">
        <ele>87</ele>
        <extensions>
          <distance>57383</distance>
        </extensions>
      </trkpt>
      <trkpt lat="57.245035" lon="25.058315">
        <ele>87</ele>
        <extensions>
          <distance>57406</distance>
        </extensions>
      </trkpt>
      <trkpt lat="57.24523" lon="25.05842">
        <ele>87</ele>
        <extensions>
          <distance>57429</distance>
        </extensions>
      </trkpt>
      <trkpt lat="57.24537" lon="25.058455000000002">
        <ele>87</ele>
        <extensions>
          <distance>57444</distance>
        </extensions>
      </trkpt>
      <trkpt lat="57.24551" lon="25.05849">
        <ele>87</ele>
        <extensions>
          <distance>57460</distance>
        </extensions>
      </trkpt>
      <trkpt lat="57.245689999999996" lon="25.058475">
        <ele>88</ele>
        <extensions>
          <distance>57480</distance>
        </extensions>
      </trkpt>
      <trkpt lat="57.24587" lon="25.05846">
        <ele>89</ele>
        <extensions>
          <distance>57500</distance>
        </extensions>
      </trkpt>
      <trkpt lat="57.246075" lon="25.058590000000002">
        <ele>89</ele>
        <extensions>
          <distance>57524</distance>
        </extensions>
      </trkpt>
      <trkpt lat="57.24628" lon="25.05872">
        <ele>89</ele>
        <extensions>
          <distance>57549</distance>
        </extensions>
      </trkpt>
      <trkpt lat="57.246435" lon="25.05865">
        <ele>89</ele>
        <extensions>
          <distance>57566</distance>
        </extensions>
      </trkpt>
      <trkpt lat="57.24659" lon="25.05858">
        <ele>88</ele>
        <extensions>
          <distance>57584</distance>
        </extensions>
      </trkpt>
      <trkpt lat="57.246745" lon="25.05851">
        <ele>88</ele>
        <extensions>
          <distance>57602</distance>
        </extensions>
      </trkpt>
      <trkpt lat="57.2469" lon="25.05844">
        <ele>88</ele>
        <extensions>
          <distance>57620</distance>
        </extensions>
      </trkpt>
      <trkpt lat="57.247045" lon="25.058355">
        <ele>88</ele>
        <extensions>
          <distance>57637</distance>
        </extensions>
      </trkpt>
      <trkpt lat="57.24719" lon="25.05827">
        <ele>88</ele>
        <extensions>
          <distance>57654</distance>
        </extensions>
      </trkpt>
      <trkpt lat="57.24733500000001" lon="25.058185">
        <ele>88</ele>
        <extensions>
          <distance>57671</distance>
        </extensions>
      </trkpt>
      <trkpt lat="57.24748" lon="25.0581">
        <ele>88</ele>
        <extensions>
          <distance>57687</distance>
        </extensions>
      </trkpt>
      <trkpt lat="57.2476425" lon="25.0578425">
        <ele>88</ele>
        <extensions>
          <distance>57711</distance>
        </extensions>
      </trkpt>
      <trkpt lat="57.247805" lon="25.057585">
        <ele>88</ele>
        <extensions>
          <distance>57735</distance>
        </extensions>
      </trkpt>
      <trkpt lat="57.2479675" lon="25.0573275">
        <ele>87</ele>
        <extensions>
          <distance>57759</distance>
        </extensions>
      </trkpt>
      <trkpt lat="57.24813" lon="25.05707">
        <ele>85</ele>
        <extensions>
          <distance>57783</distance>
        </extensions>
      </trkpt>
      <trkpt lat="57.24828" lon="25.05711">
        <ele>85</ele>
        <extensions>
          <distance>57800</distance>
        </extensions>
      </trkpt>
      <trkpt lat="57.248495000000005" lon="25.0571">
        <ele>85</ele>
        <extensions>
          <distance>57824</distance>
        </extensions>
      </trkpt>
      <trkpt lat="57.24871" lon="25.05709">
        <ele>85</ele>
        <extensions>
          <distance>57848</distance>
        </extensions>
      </trkpt>
      <trkpt lat="57.248967500000006" lon="25.0571225">
        <ele>85</ele>
        <extensions>
          <distance>57876</distance>
        </extensions>
      </trkpt>
      <trkpt lat="57.249225" lon="25.057155">
        <ele>87</ele>
        <extensions>
          <distance>57905</distance>
        </extensions>
      </trkpt>
      <trkpt lat="57.2494825" lon="25.0571875">
        <ele>89</ele>
        <extensions>
          <distance>57934</distance>
        </extensions>
      </trkpt>
      <trkpt lat="57.24974" lon="25.05722">
        <ele>90</ele>
        <extensions>
          <distance>57963</distance>
        </extensions>
      </trkpt>
      <trkpt lat="57.24989" lon="25.057267500000002">
        <ele>92</ele>
        <extensions>
          <distance>57980</distance>
        </extensions>
      </trkpt>
      <trkpt lat="57.25004" lon="25.057315000000003">
        <ele>93</ele>
        <extensions>
          <distance>57997</distance>
        </extensions>
      </trkpt>
      <trkpt lat="57.25019" lon="25.057362500000004">
        <ele>94</ele>
        <extensions>
          <distance>58014</distance>
        </extensions>
      </trkpt>
      <trkpt lat="57.25034" lon="25.05741">
        <ele>94</ele>
        <extensions>
          <distance>58031</distance>
        </extensions>
      </trkpt>
      <trkpt lat="57.250425" lon="25.057785000000003">
        <ele>96</ele>
        <extensions>
          <distance>58055</distance>
        </extensions>
      </trkpt>
      <trkpt lat="57.25051" lon="25.05816">
        <ele>98</ele>
        <extensions>
          <distance>58080</distance>
        </extensions>
      </trkpt>
      <trkpt lat="57.250519999999995" lon="25.058475">
        <ele>100</ele>
        <extensions>
          <distance>58099</distance>
        </extensions>
      </trkpt>
      <trkpt lat="57.25053" lon="25.05879">
        <ele>102</ele>
        <extensions>
          <distance>58118</distance>
        </extensions>
      </trkpt>
      <trkpt lat="57.2506" lon="25.05907">
        <ele>104</ele>
        <extensions>
          <distance>58137</distance>
        </extensions>
      </trkpt>
      <trkpt lat="57.25049" lon="25.05945">
        <ele>107</ele>
        <extensions>
          <distance>58163</distance>
        </extensions>
      </trkpt>
      <trkpt lat="57.25034" lon="25.05971">
        <ele>107</ele>
        <extensions>
          <distance>58186</distance>
        </extensions>
      </trkpt>
      <trkpt lat="57.25023" lon="25.05977">
        <ele>107</ele>
        <extensions>
          <distance>58199</distance>
        </extensions>
      </trkpt>
      <trkpt lat="57.25004" lon="25.05962">
        <ele>107</ele>
        <extensions>
          <distance>58222</distance>
        </extensions>
      </trkpt>
      <trkpt lat="57.2498025" lon="25.0597875">
        <ele>104</ele>
        <extensions>
          <distance>58250</distance>
        </extensions>
      </trkpt>
      <trkpt lat="57.249565000000004" lon="25.059955">
        <ele>99</ele>
        <extensions>
          <distance>58279</distance>
        </extensions>
      </trkpt>
      <trkpt lat="57.24932750000001" lon="25.0601225">
        <ele>94</ele>
        <extensions>
          <distance>58308</distance>
        </extensions>
      </trkpt>
      <trkpt lat="57.24909" lon="25.06029">
        <ele>90</ele>
        <extensions>
          <distance>58336</distance>
        </extensions>
      </trkpt>
      <trkpt lat="57.249155" lon="25.06053">
        <ele>86</ele>
        <extensions>
          <distance>58353</distance>
        </extensions>
      </trkpt>
      <trkpt lat="57.24922" lon="25.060769999999998">
        <ele>84</ele>
        <extensions>
          <distance>58369</distance>
        </extensions>
      </trkpt>
      <trkpt lat="57.249285" lon="25.06101">
        <ele>82</ele>
        <extensions>
          <distance>58386</distance>
        </extensions>
      </trkpt>
      <trkpt lat="57.24935" lon="25.06125">
        <ele>80</ele>
        <extensions>
          <distance>58402</distance>
        </extensions>
      </trkpt>
      <trkpt lat="57.249480000000005" lon="25.061390000000003">
        <ele>79</ele>
        <extensions>
          <distance>58419</distance>
        </extensions>
      </trkpt>
      <trkpt lat="57.249610000000004" lon="25.06153">
        <ele>79</ele>
        <extensions>
          <distance>58436</distance>
        </extensions>
      </trkpt>
      <trkpt lat="57.24974" lon="25.06167">
        <ele>79</ele>
        <extensions>
          <distance>58452</distance>
        </extensions>
      </trkpt>
      <trkpt lat="57.24987" lon="25.06181">
        <ele>79</ele>
        <extensions>
          <distance>58469</distance>
        </extensions>
      </trkpt>
      <trkpt lat="57.25004" lon="25.061865">
        <ele>80</ele>
        <extensions>
          <distance>58488</distance>
        </extensions>
      </trkpt>
      <trkpt lat="57.25021" lon="25.06192">
        <ele>81</ele>
        <extensions>
          <distance>58508</distance>
        </extensions>
      </trkpt>
      <trkpt lat="57.250397500000005" lon="25.061855">
        <ele>83</ele>
        <extensions>
          <distance>58529</distance>
        </extensions>
      </trkpt>
      <trkpt lat="57.250585" lon="25.061790000000002">
        <ele>85</ele>
        <extensions>
          <distance>58550</distance>
        </extensions>
      </trkpt>
      <trkpt lat="57.2507725" lon="25.061725000000003">
        <ele>86</ele>
        <extensions>
          <distance>58572</distance>
        </extensions>
      </trkpt>
      <trkpt lat="57.25096" lon="25.06166">
        <ele>87</ele>
        <extensions>
          <distance>58593</distance>
        </extensions>
      </trkpt>
      <trkpt lat="57.25122" lon="25.06173">
        <ele>87</ele>
        <extensions>
          <distance>58622</distance>
        </extensions>
      </trkpt>
      <trkpt lat="57.25133" lon="25.06198">
        <ele>87</ele>
        <extensions>
          <distance>58641</distance>
        </extensions>
      </trkpt>
      <trkpt lat="57.251465" lon="25.062055">
        <ele>87</ele>
        <extensions>
          <distance>58657</distance>
        </extensions>
      </trkpt>
      <trkpt lat="57.2516" lon="25.06213">
        <ele>87</ele>
        <extensions>
          <distance>58673</distance>
        </extensions>
      </trkpt>
      <trkpt lat="57.25184" lon="25.06196">
        <ele>86</ele>
        <extensions>
          <distance>58702</distance>
        </extensions>
      </trkpt>
      <trkpt lat="57.25197" lon="25.06194">
        <ele>85</ele>
        <extensions>
          <distance>58716</distance>
        </extensions>
      </trkpt>
      <trkpt lat="57.252115" lon="25.062295">
        <ele>81</ele>
        <extensions>
          <distance>58743</distance>
        </extensions>
      </trkpt>
      <trkpt lat="57.25226" lon="25.062649999999998">
        <ele>78</ele>
        <extensions>
          <distance>58770</distance>
        </extensions>
      </trkpt>
      <trkpt lat="57.252404999999996" lon="25.063004999999997">
        <ele>74</ele>
        <extensions>
          <distance>58797</distance>
        </extensions>
      </trkpt>
      <trkpt lat="57.25255" lon="25.06336">
        <ele>70</ele>
        <extensions>
          <distance>58824</distance>
        </extensions>
      </trkpt>
      <trkpt lat="57.25257" lon="25.063615">
        <ele>68</ele>
        <extensions>
          <distance>58840</distance>
        </extensions>
      </trkpt>
      <trkpt lat="57.25259" lon="25.06387">
        <ele>66</ele>
        <extensions>
          <distance>58856</distance>
        </extensions>
      </trkpt>
      <trkpt lat="57.252665" lon="25.064085">
        <ele>64</ele>
        <extensions>
          <distance>58871</distance>
        </extensions>
      </trkpt>
      <trkpt lat="57.25274" lon="25.0643">
        <ele>62</ele>
        <extensions>
          <distance>58887</distance>
        </extensions>
      </trkpt>
      <trkpt lat="57.25291" lon="25.06429">
        <ele>60</ele>
        <extensions>
          <distance>58906</distance>
        </extensions>
      </trkpt>
      <trkpt lat="57.25308" lon="25.06428">
        <ele>58</ele>
        <extensions>
          <distance>58925</distance>
        </extensions>
      </trkpt>
      <trkpt lat="57.25328" lon="25.06415">
        <ele>55</ele>
        <extensions>
          <distance>58949</distance>
        </extensions>
      </trkpt>
      <trkpt lat="57.253429999999994" lon="25.06378">
        <ele>53</ele>
        <extensions>
          <distance>58977</distance>
        </extensions>
      </trkpt>
      <trkpt lat="57.25358" lon="25.06341">
        <ele>50</ele>
        <extensions>
          <distance>59005</distance>
        </extensions>
      </trkpt>
      <trkpt lat="57.253730000000004" lon="25.06304">
        <ele>45</ele>
        <extensions>
          <distance>59033</distance>
        </extensions>
      </trkpt>
      <trkpt lat="57.25388" lon="25.06267">
        <ele>34</ele>
        <extensions>
          <distance>59063</distance>
        </extensions>
      </trkpt>
      <trkpt lat="57.25386" lon="25.06237">
        <ele>32</ele>
        <extensions>
          <distance>59082</distance>
        </extensions>
      </trkpt>
      <trkpt lat="57.253655" lon="25.06208">
        <ele>31</ele>
        <extensions>
          <distance>59110</distance>
        </extensions>
      </trkpt>
      <trkpt lat="57.25345" lon="25.06179">
        <ele>30</ele>
        <extensions>
          <distance>59139</distance>
        </extensions>
      </trkpt>
      <trkpt lat="57.25345" lon="25.0616">
        <ele>30</ele>
        <extensions>
          <distance>59151</distance>
        </extensions>
      </trkpt>
      <trkpt lat="57.253695" lon="25.061414999999997">
        <ele>25</ele>
        <extensions>
          <distance>59180</distance>
        </extensions>
      </trkpt>
      <trkpt lat="57.25394" lon="25.06123">
        <ele>25</ele>
        <extensions>
          <distance>59210</distance>
        </extensions>
      </trkpt>
      <trkpt lat="57.25414" lon="25.06119">
        <ele>25</ele>
        <extensions>
          <distance>59232</distance>
        </extensions>
      </trkpt>
      <trkpt lat="57.25426" lon="25.06125">
        <ele>25</ele>
        <extensions>
          <distance>59246</distance>
        </extensions>
      </trkpt>
      <trkpt lat="57.25439" lon="25.06121">
        <ele>25</ele>
        <extensions>
          <distance>59261</distance>
        </extensions>
      </trkpt>
      <trkpt lat="57.25464" lon="25.061284999999998">
        <ele>25</ele>
        <extensions>
          <distance>59289</distance>
        </extensions>
      </trkpt>
      <trkpt lat="57.25489" lon="25.06136">
        <ele>24</ele>
        <extensions>
          <distance>59317</distance>
        </extensions>
      </trkpt>
      <trkpt lat="57.25495" lon="25.06145">
        <ele>24</ele>
        <extensions>
          <distance>59326</distance>
        </extensions>
      </trkpt>
      <trkpt lat="57.255" lon="25.0614">
        <ele>24</ele>
        <extensions>
          <distance>59332</distance>
        </extensions>
      </trkpt>
      <trkpt lat="57.25512" lon="25.06175">
        <ele>24</ele>
        <extensions>
          <distance>59357</distance>
        </extensions>
      </trkpt>
      <trkpt lat="57.25526" lon="25.061975">
        <ele>25</ele>
        <extensions>
          <distance>59378</distance>
        </extensions>
      </trkpt>
      <trkpt lat="57.2554" lon="25.0622">
        <ele>26</ele>
        <extensions>
          <distance>59398</distance>
        </extensions>
      </trkpt>
      <trkpt lat="57.255465" lon="25.06251">
        <ele>28</ele>
        <extensions>
          <distance>59419</distance>
        </extensions>
      </trkpt>
      <trkpt lat="57.25553" lon="25.06282">
        <ele>29</ele>
        <extensions>
          <distance>59439</distance>
        </extensions>
      </trkpt>
      <trkpt lat="57.25555" lon="25.06311">
        <ele>31</ele>
        <extensions>
          <distance>59457</distance>
        </extensions>
      </trkpt>
      <trkpt lat="57.25557" lon="25.0634">
        <ele>34</ele>
        <extensions>
          <distance>59474</distance>
        </extensions>
      </trkpt>
      <trkpt lat="57.255551249999996" lon="25.0636625">
        <ele>35</ele>
        <extensions>
          <distance>59490</distance>
        </extensions>
      </trkpt>
      <trkpt lat="57.2555325" lon="25.063925">
        <ele>36</ele>
        <extensions>
          <distance>59506</distance>
        </extensions>
      </trkpt>
      <trkpt lat="57.25551375" lon="25.064187500000003">
        <ele>38</ele>
        <extensions>
          <distance>59523</distance>
        </extensions>
      </trkpt>
      <trkpt lat="57.255494999999996" lon="25.06445">
        <ele>40</ele>
        <extensions>
          <distance>59539</distance>
        </extensions>
      </trkpt>
      <trkpt lat="57.25547625" lon="25.0647125">
        <ele>41</ele>
        <extensions>
          <distance>59555</distance>
        </extensions>
      </trkpt>
      <trkpt lat="57.2554575" lon="25.064975">
        <ele>43</ele>
        <extensions>
          <distance>59571</distance>
        </extensions>
      </trkpt>
      <trkpt lat="57.255438749999996" lon="25.065237500000002">
        <ele>43</ele>
        <extensions>
          <distance>59587</distance>
        </extensions>
      </trkpt>
      <trkpt lat="57.25542" lon="25.0655">
        <ele>43</ele>
        <extensions>
          <distance>59603</distance>
        </extensions>
      </trkpt>
      <trkpt lat="57.255555" lon="25.06576">
        <ele>44</ele>
        <extensions>
          <distance>59624</distance>
        </extensions>
      </trkpt>
      <trkpt lat="57.25569" lon="25.06602">
        <ele>44</ele>
        <extensions>
          <distance>59646</distance>
        </extensions>
      </trkpt>
      <trkpt lat="57.2558925" lon="25.06623">
        <ele>44</ele>
        <extensions>
          <distance>59672</distance>
        </extensions>
      </trkpt>
      <trkpt lat="57.256095" lon="25.06644">
        <ele>44</ele>
        <extensions>
          <distance>59698</distance>
        </extensions>
      </trkpt>
      <trkpt lat="57.2562975" lon="25.06665">
        <ele>44</ele>
        <extensions>
          <distance>59724</distance>
        </extensions>
      </trkpt>
      <trkpt lat="57.2565" lon="25.06686">
        <ele>43</ele>
        <extensions>
          <distance>59750</distance>
        </extensions>
      </trkpt>
      <trkpt lat="57.25658" lon="25.06712">
        <ele>43</ele>
        <extensions>
          <distance>59768</distance>
        </extensions>
      </trkpt>
      <trkpt lat="57.2567" lon="25.06726">
        <ele>42</ele>
        <extensions>
          <distance>59784</distance>
        </extensions>
      </trkpt>
      <trkpt lat="57.25681" lon="25.06762">
        <ele>39</ele>
        <extensions>
          <distance>59809</distance>
        </extensions>
      </trkpt>
      <trkpt lat="57.2569" lon="25.06778">
        <ele>38</ele>
        <extensions>
          <distance>59823</distance>
        </extensions>
      </trkpt>
      <trkpt lat="57.25685" lon="25.0681">
        <ele>37</ele>
        <extensions>
          <distance>59843</distance>
        </extensions>
      </trkpt>
      <trkpt lat="57.25672" lon="25.0682725">
        <ele>37</ele>
        <extensions>
          <distance>59861</distance>
        </extensions>
      </trkpt>
      <trkpt lat="57.25659" lon="25.068445">
        <ele>37</ele>
        <extensions>
          <distance>59878</distance>
        </extensions>
      </trkpt>
      <trkpt lat="57.256460000000004" lon="25.068617500000002">
        <ele>36</ele>
        <extensions>
          <distance>59896</distance>
        </extensions>
      </trkpt>
      <trkpt lat="57.25633" lon="25.06879">
        <ele>35</ele>
        <extensions>
          <distance>59914</distance>
        </extensions>
      </trkpt>
      <trkpt lat="57.256225" lon="25.06899">
        <ele>34</ele>
        <extensions>
          <distance>59931</distance>
        </extensions>
      </trkpt>
      <trkpt lat="57.25612" lon="25.06919">
        <ele>34</ele>
        <extensions>
          <distance>59948</distance>
        </extensions>
      </trkpt>
      <trkpt lat="57.25601" lon="25.06961">
        <ele>32</ele>
        <extensions>
          <distance>59976</distance>
        </extensions>
      </trkpt>
      <trkpt lat="57.255970000000005" lon="25.06986">
        <ele>32</ele>
        <extensions>
          <distance>59992</distance>
        </extensions>
      </trkpt>
      <trkpt lat="57.25593" lon="25.07011">
        <ele>32</ele>
        <extensions>
          <distance>60007</distance>
        </extensions>
      </trkpt>
      <trkpt lat="57.25596" lon="25.070355">
        <ele>32</ele>
        <extensions>
          <distance>60023</distance>
        </extensions>
      </trkpt>
      <trkpt lat="57.25599" lon="25.0706">
        <ele>32</ele>
        <extensions>
          <distance>60038</distance>
        </extensions>
      </trkpt>
      <trkpt lat="57.256114999999994" lon="25.0709">
        <ele>32</ele>
        <extensions>
          <distance>60061</distance>
        </extensions>
      </trkpt>
      <trkpt lat="57.25624" lon="25.0712">
        <ele>32</ele>
        <extensions>
          <distance>60083</distance>
        </extensions>
      </trkpt>
      <trkpt lat="57.25627" lon="25.0715">
        <ele>32</ele>
        <extensions>
          <distance>60102</distance>
        </extensions>
      </trkpt>
      <trkpt lat="57.256235000000004" lon="25.07188">
        <ele>32</ele>
        <extensions>
          <distance>60125</distance>
        </extensions>
      </trkpt>
      <trkpt lat="57.2562" lon="25.07226">
        <ele>33</ele>
        <extensions>
          <distance>60148</distance>
        </extensions>
      </trkpt>
      <trkpt lat="57.256092499999994" lon="25.07261">
        <ele>34</ele>
        <extensions>
          <distance>60173</distance>
        </extensions>
      </trkpt>
      <trkpt lat="57.255984999999995" lon="25.072960000000002">
        <ele>35</ele>
        <extensions>
          <distance>60197</distance>
        </extensions>
      </trkpt>
      <trkpt lat="57.2558775" lon="25.07331">
        <ele>37</ele>
        <extensions>
          <distance>60221</distance>
        </extensions>
      </trkpt>
      <trkpt lat="57.25577" lon="25.07366">
        <ele>42</ele>
        <extensions>
          <distance>60246</distance>
        </extensions>
      </trkpt>
      <trkpt lat="57.25578" lon="25.073999999999998">
        <ele>42</ele>
        <extensions>
          <distance>60267</distance>
        </extensions>
      </trkpt>
      <trkpt lat="57.25579" lon="25.07434">
        <ele>42</ele>
        <extensions>
          <distance>60287</distance>
        </extensions>
      </trkpt>
      <trkpt lat="57.255799999999994" lon="25.07468">
        <ele>42</ele>
        <extensions>
          <distance>60308</distance>
        </extensions>
      </trkpt>
      <trkpt lat="57.25581" lon="25.075020000000002">
        <ele>42</ele>
        <extensions>
          <distance>60328</distance>
        </extensions>
      </trkpt>
      <trkpt lat="57.25582" lon="25.075360000000003">
        <ele>42</ele>
        <extensions>
          <distance>60349</distance>
        </extensions>
      </trkpt>
      <trkpt lat="57.25583" lon="25.0757">
        <ele>42</ele>
        <extensions>
          <distance>60369</distance>
        </extensions>
      </trkpt>
      <trkpt lat="57.255840000000006" lon="25.07604">
        <ele>40</ele>
        <extensions>
          <distance>60390</distance>
        </extensions>
      </trkpt>
      <trkpt lat="57.25585" lon="25.07638">
        <ele>39</ele>
        <extensions>
          <distance>60411</distance>
        </extensions>
      </trkpt>
      <trkpt lat="57.255915" lon="25.0766375">
        <ele>37</ele>
        <extensions>
          <distance>60428</distance>
        </extensions>
      </trkpt>
      <trkpt lat="57.25598" lon="25.076895">
        <ele>35</ele>
        <extensions>
          <distance>60445</distance>
        </extensions>
      </trkpt>
      <trkpt lat="57.256045" lon="25.0771525">
        <ele>33</ele>
        <extensions>
          <distance>60462</distance>
        </extensions>
      </trkpt>
      <trkpt lat="57.25611" lon="25.07741">
        <ele>31</ele>
        <extensions>
          <distance>60480</distance>
        </extensions>
      </trkpt>
      <trkpt lat="57.2562" lon="25.0778275">
        <ele>30</ele>
        <extensions>
          <distance>60507</distance>
        </extensions>
      </trkpt>
      <trkpt lat="57.25629" lon="25.078245000000003">
        <ele>30</ele>
        <extensions>
          <distance>60534</distance>
        </extensions>
      </trkpt>
      <trkpt lat="57.25638" lon="25.0786625">
        <ele>30</ele>
        <extensions>
          <distance>60561</distance>
        </extensions>
      </trkpt>
      <trkpt lat="57.25647" lon="25.07908">
        <ele>30</ele>
        <extensions>
          <distance>60588</distance>
        </extensions>
      </trkpt>
      <trkpt lat="57.25656" lon="25.079497500000002">
        <ele>31</ele>
        <extensions>
          <distance>60615</distance>
        </extensions>
      </trkpt>
      <trkpt lat="57.25665" lon="25.079915">
        <ele>34</ele>
        <extensions>
          <distance>60642</distance>
        </extensions>
      </trkpt>
      <trkpt lat="57.25674" lon="25.0803325">
        <ele>37</ele>
        <extensions>
          <distance>60670</distance>
        </extensions>
      </trkpt>
      <trkpt lat="57.25683" lon="25.080750000000002">
        <ele>39</ele>
        <extensions>
          <distance>60697</distance>
        </extensions>
      </trkpt>
      <trkpt lat="57.25692" lon="25.0811675">
        <ele>39</ele>
        <extensions>
          <distance>60724</distance>
        </extensions>
      </trkpt>
      <trkpt lat="57.25701" lon="25.081585">
        <ele>39</ele>
        <extensions>
          <distance>60751</distance>
        </extensions>
      </trkpt>
      <trkpt lat="57.2571" lon="25.0820025">
        <ele>39</ele>
        <extensions>
          <distance>60778</distance>
        </extensions>
      </trkpt>
      <trkpt lat="57.25719" lon="25.08242">
        <ele>39</ele>
        <extensions>
          <distance>60805</distance>
        </extensions>
      </trkpt>
      <trkpt lat="57.25728" lon="25.0828375">
        <ele>39</ele>
        <extensions>
          <distance>60833</distance>
        </extensions>
      </trkpt>
      <trkpt lat="57.25737" lon="25.083255">
        <ele>39</ele>
        <extensions>
          <distance>60860</distance>
        </extensions>
      </trkpt>
      <trkpt lat="57.25746" lon="25.0836725">
        <ele>39</ele>
        <extensions>
          <distance>60887</distance>
        </extensions>
      </trkpt>
      <trkpt lat="57.25755" lon="25.08409">
        <ele>39</ele>
        <extensions>
          <distance>60914</distance>
        </extensions>
      </trkpt>
      <trkpt lat="57.25759000000001" lon="25.084413750000003">
        <ele>41</ele>
        <extensions>
          <distance>60934</distance>
        </extensions>
      </trkpt>
      <trkpt lat="57.257630000000006" lon="25.084737500000003">
        <ele>42</ele>
        <extensions>
          <distance>60954</distance>
        </extensions>
      </trkpt>
      <trkpt lat="57.257670000000005" lon="25.085061250000003">
        <ele>44</ele>
        <extensions>
          <distance>60974</distance>
        </extensions>
      </trkpt>
      <trkpt lat="57.25771" lon="25.085385000000002">
        <ele>45</ele>
        <extensions>
          <distance>60994</distance>
        </extensions>
      </trkpt>
      <trkpt lat="57.25775" lon="25.085708750000002">
        <ele>45</ele>
        <extensions>
          <distance>61014</distance>
        </extensions>
      </trkpt>
      <trkpt lat="57.25779" lon="25.0860325">
        <ele>45</ele>
        <extensions>
          <distance>61034</distance>
        </extensions>
      </trkpt>
      <trkpt lat="57.25783" lon="25.08635625">
        <ele>45</ele>
        <extensions>
          <distance>61054</distance>
        </extensions>
      </trkpt>
      <trkpt lat="57.25787" lon="25.08668">
        <ele>45</ele>
        <extensions>
          <distance>61074</distance>
        </extensions>
      </trkpt>
      <trkpt lat="57.257965" lon="25.086885000000002">
        <ele>44</ele>
        <extensions>
          <distance>61091</distance>
        </extensions>
      </trkpt>
      <trkpt lat="57.25806" lon="25.08709">
        <ele>44</ele>
        <extensions>
          <distance>61107</distance>
        </extensions>
      </trkpt>
      <trkpt lat="57.258275" lon="25.08732">
        <ele>44</ele>
        <extensions>
          <distance>61135</distance>
        </extensions>
      </trkpt>
      <trkpt lat="57.25849" lon="25.08755">
        <ele>44</ele>
        <extensions>
          <distance>61162</distance>
        </extensions>
      </trkpt>
      <trkpt lat="57.258705000000006" lon="25.087780000000002">
        <ele>43</ele>
        <extensions>
          <distance>61190</distance>
        </extensions>
      </trkpt>
      <trkpt lat="57.25892" lon="25.08801">
        <ele>43</ele>
        <extensions>
          <distance>61218</distance>
        </extensions>
      </trkpt>
      <trkpt lat="57.25905" lon="25.08827">
        <ele>43</ele>
        <extensions>
          <distance>61239</distance>
        </extensions>
      </trkpt>
      <trkpt lat="57.25918" lon="25.08853">
        <ele>43</ele>
        <extensions>
          <distance>61260</distance>
        </extensions>
      </trkpt>
      <trkpt lat="57.259280625" lon="25.088798124999997">
        <ele>43</ele>
        <extensions>
          <distance>61280</distance>
        </extensions>
      </trkpt>
      <trkpt lat="57.259381250000004" lon="25.08906625">
        <ele>43</ele>
        <extensions>
          <distance>61300</distance>
        </extensions>
      </trkpt>
      <trkpt lat="57.259481875000006" lon="25.089334375">
        <ele>43</ele>
        <extensions>
          <distance>61319</distance>
        </extensions>
      </trkpt>
      <trkpt lat="57.2595825" lon="25.089602499999998">
        <ele>44</ele>
        <extensions>
          <distance>61339</distance>
        </extensions>
      </trkpt>
      <trkpt lat="57.259683124999995" lon="25.089870624999996">
        <ele>44</ele>
        <extensions>
          <distance>61359</distance>
        </extensions>
      </trkpt>
      <trkpt lat="57.25978375" lon="25.090138749999998">
        <ele>44</ele>
        <extensions>
          <distance>61378</distance>
        </extensions>
      </trkpt>
      <trkpt lat="57.259884375" lon="25.090406875">
        <ele>44</ele>
        <extensions>
          <distance>61398</distance>
        </extensions>
      </trkpt>
      <trkpt lat="57.259985" lon="25.090674999999997">
        <ele>44</ele>
        <extensions>
          <distance>61418</distance>
        </extensions>
      </trkpt>
      <trkpt lat="57.260085625" lon="25.090943124999995">
        <ele>44</ele>
        <extensions>
          <distance>61437</distance>
        </extensions>
      </trkpt>
      <trkpt lat="57.260186250000004" lon="25.091211249999997">
        <ele>44</ele>
        <extensions>
          <distance>61457</distance>
        </extensions>
      </trkpt>
      <trkpt lat="57.260286875000006" lon="25.091479375">
        <ele>44</ele>
        <extensions>
          <distance>61477</distance>
        </extensions>
      </trkpt>
      <trkpt lat="57.2603875" lon="25.091747499999997">
        <ele>44</ele>
        <extensions>
          <distance>61497</distance>
        </extensions>
      </trkpt>
      <trkpt lat="57.260488124999995" lon="25.092015625">
        <ele>43</ele>
        <extensions>
          <distance>61516</distance>
        </extensions>
      </trkpt>
      <trkpt lat="57.26058875" lon="25.09228375">
        <ele>42</ele>
        <extensions>
          <distance>61536</distance>
        </extensions>
      </trkpt>
      <trkpt lat="57.260689375" lon="25.092551874999998">
        <ele>42</ele>
        <extensions>
          <distance>61556</distance>
        </extensions>
      </trkpt>
      <trkpt lat="57.26079" lon="25.09282">
        <ele>42</ele>
        <extensions>
          <distance>61575</distance>
        </extensions>
      </trkpt>
      <trkpt lat="57.26091875" lon="25.092999999999996">
        <ele>42</ele>
        <extensions>
          <distance>61593</distance>
        </extensions>
      </trkpt>
      <trkpt lat="57.261047500000004" lon="25.093179999999997">
        <ele>43</ele>
        <extensions>
          <distance>61611</distance>
        </extensions>
      </trkpt>
      <trkpt lat="57.261176250000005" lon="25.093359999999997">
        <ele>44</ele>
        <extensions>
          <distance>61629</distance>
        </extensions>
      </trkpt>
      <trkpt lat="57.261305" lon="25.093539999999997">
        <ele>45</ele>
        <extensions>
          <distance>61647</distance>
        </extensions>
      </trkpt>
      <trkpt lat="57.261433749999995" lon="25.093719999999998">
        <ele>46</ele>
        <extensions>
          <distance>61665</distance>
        </extensions>
      </trkpt>
      <trkpt lat="57.2615625" lon="25.093899999999998">
        <ele>47</ele>
        <extensions>
          <distance>61683</distance>
        </extensions>
      </trkpt>
      <trkpt lat="57.26169125" lon="25.094079999999998">
        <ele>47</ele>
        <extensions>
          <distance>61701</distance>
        </extensions>
      </trkpt>
      <trkpt lat="57.26182" lon="25.09426">
        <ele>47</ele>
        <extensions>
          <distance>61719</distance>
        </extensions>
      </trkpt>
      <trkpt lat="57.261961875" lon="25.094584374999997">
        <ele>47</ele>
        <extensions>
          <distance>61744</distance>
        </extensions>
      </trkpt>
      <trkpt lat="57.26210375" lon="25.09490875">
        <ele>47</ele>
        <extensions>
          <distance>61770</distance>
        </extensions>
      </trkpt>
      <trkpt lat="57.262245625000006" lon="25.095233125">
        <ele>47</ele>
        <extensions>
          <distance>61795</distance>
        </extensions>
      </trkpt>
      <trkpt lat="57.2623875" lon="25.095557499999998">
        <ele>47</ele>
        <extensions>
          <distance>61820</distance>
        </extensions>
      </trkpt>
      <trkpt lat="57.262529375" lon="25.095881874999996">
        <ele>47</ele>
        <extensions>
          <distance>61845</distance>
        </extensions>
      </trkpt>
      <trkpt lat="57.262671250000004" lon="25.096206249999998">
        <ele>47</ele>
        <extensions>
          <distance>61870</distance>
        </extensions>
      </trkpt>
      <trkpt lat="57.26281312500001" lon="25.096530625">
        <ele>47</ele>
        <extensions>
          <distance>61895</distance>
        </extensions>
      </trkpt>
      <trkpt lat="57.262955000000005" lon="25.096854999999998">
        <ele>48</ele>
        <extensions>
          <distance>61921</distance>
        </extensions>
      </trkpt>
      <trkpt lat="57.263096875" lon="25.097179374999996">
        <ele>50</ele>
        <extensions>
          <distance>61946</distance>
        </extensions>
      </trkpt>
      <trkpt lat="57.263238750000006" lon="25.097503749999998">
        <ele>50</ele>
        <extensions>
          <distance>61971</distance>
        </extensions>
      </trkpt>
      <trkpt lat="57.26338062500001" lon="25.097828125">
        <ele>50</ele>
        <extensions>
          <distance>61996</distance>
        </extensions>
      </trkpt>
      <trkpt lat="57.26352250000001" lon="25.098152499999998">
        <ele>50</ele>
        <extensions>
          <distance>62021</distance>
        </extensions>
      </trkpt>
      <trkpt lat="57.263664375000005" lon="25.098476875">
        <ele>47</ele>
        <extensions>
          <distance>62046</distance>
        </extensions>
      </trkpt>
      <trkpt lat="57.26380625" lon="25.09880125">
        <ele>44</ele>
        <extensions>
          <distance>62072</distance>
        </extensions>
      </trkpt>
      <trkpt lat="57.263948125" lon="25.099125625">
        <ele>44</ele>
        <extensions>
          <distance>62097</distance>
        </extensions>
      </trkpt>
      <trkpt lat="57.26409" lon="25.09945">
        <ele>44</ele>
        <extensions>
          <distance>62122</distance>
        </extensions>
      </trkpt>
      <trkpt lat="57.26424" lon="25.09934">
        <ele>44</ele>
        <extensions>
          <distance>62140</distance>
        </extensions>
      </trkpt>
      <trkpt lat="57.26441" lon="25.09904">
        <ele>45</ele>
        <extensions>
          <distance>62166</distance>
        </extensions>
      </trkpt>
      <trkpt lat="57.26451" lon="25.098795">
        <ele>45</ele>
        <extensions>
          <distance>62185</distance>
        </extensions>
      </trkpt>
      <trkpt lat="57.26461" lon="25.09855">
        <ele>45</ele>
        <extensions>
          <distance>62203</distance>
        </extensions>
      </trkpt>
      <trkpt lat="57.26470499999999" lon="25.09818">
        <ele>45</ele>
        <extensions>
          <distance>62228</distance>
        </extensions>
      </trkpt>
      <trkpt lat="57.264799999999994" lon="25.09781">
        <ele>44</ele>
        <extensions>
          <distance>62253</distance>
        </extensions>
      </trkpt>
      <trkpt lat="57.264894999999996" lon="25.09744">
        <ele>40</ele>
        <extensions>
          <distance>62278</distance>
        </extensions>
      </trkpt>
      <trkpt lat="57.26499" lon="25.09707">
        <ele>38</ele>
        <extensions>
          <distance>62303</distance>
        </extensions>
      </trkpt>
      <trkpt lat="57.26521" lon="25.09696">
        <ele>38</ele>
        <extensions>
          <distance>62328</distance>
        </extensions>
      </trkpt>
      <trkpt lat="57.265365" lon="25.097034999999998">
        <ele>38</ele>
        <extensions>
          <distance>62346</distance>
        </extensions>
      </trkpt>
      <trkpt lat="57.26552" lon="25.09711">
        <ele>38</ele>
        <extensions>
          <distance>62364</distance>
        </extensions>
      </trkpt>
      <trkpt lat="57.265675" lon="25.097185">
        <ele>40</ele>
        <extensions>
          <distance>62381</distance>
        </extensions>
      </trkpt>
      <trkpt lat="57.26583" lon="25.09726">
        <ele>42</ele>
        <extensions>
          <distance>62399</distance>
        </extensions>
      </trkpt>
      <trkpt lat="57.266025" lon="25.097279999999998">
        <ele>43</ele>
        <extensions>
          <distance>62421</distance>
        </extensions>
      </trkpt>
      <trkpt lat="57.26622" lon="25.0973">
        <ele>43</ele>
        <extensions>
          <distance>62443</distance>
        </extensions>
      </trkpt>
      <trkpt lat="57.266369999999995" lon="25.09722">
        <ele>43</ele>
        <extensions>
          <distance>62460</distance>
        </extensions>
      </trkpt>
      <trkpt lat="57.26652" lon="25.09714">
        <ele>43</ele>
        <extensions>
          <distance>62478</distance>
        </extensions>
      </trkpt>
      <trkpt lat="57.266670000000005" lon="25.09706">
        <ele>42</ele>
        <extensions>
          <distance>62495</distance>
        </extensions>
      </trkpt>
      <trkpt lat="57.26682" lon="25.09698">
        <ele>40</ele>
        <extensions>
          <distance>62513</distance>
        </extensions>
      </trkpt>
      <trkpt lat="57.26697" lon="25.0968">
        <ele>38</ele>
        <extensions>
          <distance>62533</distance>
        </extensions>
      </trkpt>
      <trkpt lat="57.26712" lon="25.09662">
        <ele>36</ele>
        <extensions>
          <distance>62553</distance>
        </extensions>
      </trkpt>
      <trkpt lat="57.26716" lon="25.09649">
        <ele>36</ele>
        <extensions>
          <distance>62562</distance>
        </extensions>
      </trkpt>
      <trkpt lat="57.26727" lon="25.09647">
        <ele>36</ele>
        <extensions>
          <distance>62574</distance>
        </extensions>
      </trkpt>
      <trkpt lat="57.2674" lon="25.09629">
        <ele>36</ele>
        <extensions>
          <distance>62592</distance>
        </extensions>
      </trkpt>
      <trkpt lat="57.2675" lon="25.09623">
        <ele>36</ele>
        <extensions>
          <distance>62604</distance>
        </extensions>
      </trkpt>
      <trkpt lat="57.26768" lon="25.09629">
        <ele>38</ele>
        <extensions>
          <distance>62624</distance>
        </extensions>
      </trkpt>
      <trkpt lat="57.26783" lon="25.09642">
        <ele>40</ele>
        <extensions>
          <distance>62643</distance>
        </extensions>
      </trkpt>
      <trkpt lat="57.26798" lon="25.09662">
        <ele>42</ele>
        <extensions>
          <distance>62663</distance>
        </extensions>
      </trkpt>
      <trkpt lat="57.26813" lon="25.097025000000002">
        <ele>43</ele>
        <extensions>
          <distance>62693</distance>
        </extensions>
      </trkpt>
      <trkpt lat="57.26828" lon="25.09743">
        <ele>43</ele>
        <extensions>
          <distance>62723</distance>
        </extensions>
      </trkpt>
      <trkpt lat="57.2683375" lon="25.0978275">
        <ele>43</ele>
        <extensions>
          <distance>62748</distance>
        </extensions>
      </trkpt>
      <trkpt lat="57.268395" lon="25.098225">
        <ele>43</ele>
        <extensions>
          <distance>62772</distance>
        </extensions>
      </trkpt>
      <trkpt lat="57.268452499999995" lon="25.098622499999998">
        <ele>43</ele>
        <extensions>
          <distance>62797</distance>
        </extensions>
      </trkpt>
      <trkpt lat="57.26851" lon="25.09902">
        <ele>43</ele>
        <extensions>
          <distance>62822</distance>
        </extensions>
      </trkpt>
      <trkpt lat="57.26849" lon="25.0993">
        <ele>43</ele>
        <extensions>
          <distance>62839</distance>
        </extensions>
      </trkpt>
      <trkpt lat="57.26856" lon="25.09936">
        <ele>42</ele>
        <extensions>
          <distance>62848</distance>
        </extensions>
      </trkpt>
      <trkpt lat="57.26856" lon="25.09962">
        <ele>43</ele>
        <extensions>
          <distance>62863</distance>
        </extensions>
      </trkpt>
      <trkpt lat="57.26862" lon="25.09971">
        <ele>43</ele>
        <extensions>
          <distance>62872</distance>
        </extensions>
      </trkpt>
      <trkpt lat="57.26868" lon="25.09999">
        <ele>43</ele>
        <extensions>
          <distance>62890</distance>
        </extensions>
      </trkpt>
      <trkpt lat="57.268705" lon="25.100265">
        <ele>43</ele>
        <extensions>
          <distance>62907</distance>
        </extensions>
      </trkpt>
      <trkpt lat="57.26873" lon="25.10054">
        <ele>43</ele>
        <extensions>
          <distance>62924</distance>
        </extensions>
      </trkpt>
      <trkpt lat="57.26879" lon="25.10071">
        <ele>43</ele>
        <extensions>
          <distance>62936</distance>
        </extensions>
      </trkpt>
      <trkpt lat="57.26884" lon="25.10106">
        <ele>44</ele>
        <extensions>
          <distance>62958</distance>
        </extensions>
      </trkpt>
      <trkpt lat="57.26884" lon="25.10144">
        <ele>44</ele>
        <extensions>
          <distance>62981</distance>
        </extensions>
      </trkpt>
      <trkpt lat="57.2688875" lon="25.101705000000003">
        <ele>44</ele>
        <extensions>
          <distance>62998</distance>
        </extensions>
      </trkpt>
      <trkpt lat="57.268935" lon="25.10197">
        <ele>44</ele>
        <extensions>
          <distance>63014</distance>
        </extensions>
      </trkpt>
      <trkpt lat="57.2689825" lon="25.102235">
        <ele>45</ele>
        <extensions>
          <distance>63031</distance>
        </extensions>
      </trkpt>
      <trkpt lat="57.26903" lon="25.1025">
        <ele>46</ele>
        <extensions>
          <distance>63048</distance>
        </extensions>
      </trkpt>
      <trkpt lat="57.2691325" lon="25.102762499999997">
        <ele>46</ele>
        <extensions>
          <distance>63068</distance>
        </extensions>
      </trkpt>
      <trkpt lat="57.269235" lon="25.103025">
        <ele>46</ele>
        <extensions>
          <distance>63087</distance>
        </extensions>
      </trkpt>
      <trkpt lat="57.269337500000006" lon="25.1032875">
        <ele>46</ele>
        <extensions>
          <distance>63107</distance>
        </extensions>
      </trkpt>
      <trkpt lat="57.26944" lon="25.10355">
        <ele>46</ele>
        <extensions>
          <distance>63126</distance>
        </extensions>
      </trkpt>
      <trkpt lat="57.269605" lon="25.1038025">
        <ele>45</ele>
        <extensions>
          <distance>63150</distance>
        </extensions>
      </trkpt>
      <trkpt lat="57.26977" lon="25.104055">
        <ele>45</ele>
        <extensions>
          <distance>63174</distance>
        </extensions>
      </trkpt>
      <trkpt lat="57.269935000000004" lon="25.104307499999997">
        <ele>45</ele>
        <extensions>
          <distance>63198</distance>
        </extensions>
      </trkpt>
      <trkpt lat="57.2701" lon="25.10456">
        <ele>45</ele>
        <extensions>
          <distance>63222</distance>
        </extensions>
      </trkpt>
      <trkpt lat="57.27021" lon="25.10481">
        <ele>46</ele>
        <extensions>
          <distance>63241</distance>
        </extensions>
      </trkpt>
      <trkpt lat="57.27036" lon="25.10493">
        <ele>46</ele>
        <extensions>
          <distance>63259</distance>
        </extensions>
      </trkpt>
      <trkpt lat="57.27051" lon="25.10505">
        <ele>46</ele>
        <extensions>
          <distance>63278</distance>
        </extensions>
      </trkpt>
      <trkpt lat="57.27066" lon="25.10533">
        <ele>46</ele>
        <extensions>
          <distance>63301</distance>
        </extensions>
      </trkpt>
      <trkpt lat="57.27079" lon="25.10549">
        <ele>46</ele>
        <extensions>
          <distance>63319</distance>
        </extensions>
      </trkpt>
      <trkpt lat="57.27092" lon="25.10565">
        <ele>46</ele>
        <extensions>
          <distance>63336</distance>
        </extensions>
      </trkpt>
      <trkpt lat="57.271055" lon="25.10577">
        <ele>45</ele>
        <extensions>
          <distance>63353</distance>
        </extensions>
      </trkpt>
      <trkpt lat="57.27119" lon="25.10589">
        <ele>44</ele>
        <extensions>
          <distance>63370</distance>
        </extensions>
      </trkpt>
      <trkpt lat="57.27122" lon="25.10582">
        <ele>43</ele>
        <extensions>
          <distance>63375</distance>
        </extensions>
      </trkpt>
      <trkpt lat="57.2713" lon="25.10582">
        <ele>42</ele>
        <extensions>
          <distance>63384</distance>
        </extensions>
      </trkpt>
      <trkpt lat="57.27143" lon="25.10573">
        <ele>39</ele>
        <extensions>
          <distance>63400</distance>
        </extensions>
      </trkpt>
      <trkpt lat="57.27157" lon="25.10582">
        <ele>38</ele>
        <extensions>
          <distance>63416</distance>
        </extensions>
      </trkpt>
      <trkpt lat="57.27171" lon="25.10591">
        <ele>37</ele>
        <extensions>
          <distance>63433</distance>
        </extensions>
      </trkpt>
      <trkpt lat="57.2718" lon="25.10604">
        <ele>36</ele>
        <extensions>
          <distance>63446</distance>
        </extensions>
      </trkpt>
      <trkpt lat="57.27193" lon="25.1061">
        <ele>36</ele>
        <extensions>
          <distance>63461</distance>
        </extensions>
      </trkpt>
      <trkpt lat="57.27203" lon="25.10608">
        <ele>35</ele>
        <extensions>
          <distance>63472</distance>
        </extensions>
      </trkpt>
      <trkpt lat="57.27212" lon="25.10597">
        <ele>34</ele>
        <extensions>
          <distance>63484</distance>
        </extensions>
      </trkpt>
      <trkpt lat="57.27218" lon="25.10601">
        <ele>34</ele>
        <extensions>
          <distance>63491</distance>
        </extensions>
      </trkpt>
      <trkpt lat="57.27229" lon="25.10601">
        <ele>34</ele>
        <extensions>
          <distance>63503</distance>
        </extensions>
      </trkpt>
      <trkpt lat="57.272395" lon="25.106175">
        <ele>33</ele>
        <extensions>
          <distance>63519</distance>
        </extensions>
      </trkpt>
      <trkpt lat="57.2725" lon="25.10634">
        <ele>33</ele>
        <extensions>
          <distance>63534</distance>
        </extensions>
      </trkpt>
      <trkpt lat="57.27274" lon="25.10649">
        <ele>32</ele>
        <extensions>
          <distance>63562</distance>
        </extensions>
      </trkpt>
      <trkpt lat="57.27296" lon="25.10631">
        <ele>31</ele>
        <extensions>
          <distance>63589</distance>
        </extensions>
      </trkpt>
      <trkpt lat="57.27304" lon="25.10629">
        <ele>30</ele>
        <extensions>
          <distance>63598</distance>
        </extensions>
      </trkpt>
      <trkpt lat="57.27321" lon="25.10638">
        <ele>29</ele>
        <extensions>
          <distance>63618</distance>
        </extensions>
      </trkpt>
      <trkpt lat="57.273340000000005" lon="25.106305">
        <ele>28</ele>
        <extensions>
          <distance>63633</distance>
        </extensions>
      </trkpt>
      <trkpt lat="57.27347" lon="25.10623">
        <ele>28</ele>
        <extensions>
          <distance>63648</distance>
        </extensions>
      </trkpt>
      <trkpt lat="57.27358" lon="25.10631">
        <ele>28</ele>
        <extensions>
          <distance>63661</distance>
        </extensions>
      </trkpt>
      <trkpt lat="57.27373" lon="25.10631">
        <ele>28</ele>
        <extensions>
          <distance>63678</distance>
        </extensions>
      </trkpt>
      <trkpt lat="57.27386" lon="25.10638">
        <ele>29</ele>
        <extensions>
          <distance>63693</distance>
        </extensions>
      </trkpt>
      <trkpt lat="57.27396" lon="25.10638">
        <ele>29</ele>
        <extensions>
          <distance>63704</distance>
        </extensions>
      </trkpt>
      <trkpt lat="57.27405" lon="25.10644">
        <ele>29</ele>
        <extensions>
          <distance>63715</distance>
        </extensions>
      </trkpt>
      <trkpt lat="57.27411" lon="25.10666">
        <ele>30</ele>
        <extensions>
          <distance>63730</distance>
        </extensions>
      </trkpt>
      <trkpt lat="57.2742" lon="25.10672">
        <ele>30</ele>
        <extensions>
          <distance>63740</distance>
        </extensions>
      </trkpt>
      <trkpt lat="57.27437" lon="25.1067">
        <ele>30</ele>
        <extensions>
          <distance>63759</distance>
        </extensions>
      </trkpt>
      <trkpt lat="57.27448" lon="25.10681">
        <ele>30</ele>
        <extensions>
          <distance>63773</distance>
        </extensions>
      </trkpt>
      <trkpt lat="57.27454" lon="25.10696">
        <ele>30</ele>
        <extensions>
          <distance>63784</distance>
        </extensions>
      </trkpt>
      <trkpt lat="57.27472" lon="25.10696">
        <ele>30</ele>
        <extensions>
          <distance>63805</distance>
        </extensions>
      </trkpt>
      <trkpt lat="57.27491" lon="25.10711">
        <ele>31</ele>
        <extensions>
          <distance>63828</distance>
        </extensions>
      </trkpt>
      <trkpt lat="57.27493" lon="25.10707">
        <ele>31</ele>
        <extensions>
          <distance>63831</distance>
        </extensions>
      </trkpt>
      <trkpt lat="57.2751" lon="25.10726">
        <ele>33</ele>
        <extensions>
          <distance>63853</distance>
        </extensions>
      </trkpt>
      <trkpt lat="57.275285" lon="25.10755">
        <ele>33</ele>
        <extensions>
          <distance>63880</distance>
        </extensions>
      </trkpt>
      <trkpt lat="57.27547" lon="25.10784">
        <ele>33</ele>
        <extensions>
          <distance>63907</distance>
        </extensions>
      </trkpt>
      <trkpt lat="57.27547" lon="25.10801">
        <ele>33</ele>
        <extensions>
          <distance>63917</distance>
        </extensions>
      </trkpt>
      <trkpt lat="57.27555" lon="25.10842">
        <ele>34</ele>
        <extensions>
          <distance>63944</distance>
        </extensions>
      </trkpt>
      <trkpt lat="57.275485" lon="25.108795">
        <ele>33</ele>
        <extensions>
          <distance>63967</distance>
        </extensions>
      </trkpt>
      <trkpt lat="57.27542" lon="25.10917">
        <ele>33</ele>
        <extensions>
          <distance>63991</distance>
        </extensions>
      </trkpt>
      <trkpt lat="57.27553" lon="25.109575">
        <ele>32</ele>
        <extensions>
          <distance>64019</distance>
        </extensions>
      </trkpt>
      <trkpt lat="57.27564" lon="25.10998">
        <ele>32</ele>
        <extensions>
          <distance>64046</distance>
        </extensions>
      </trkpt>
      <trkpt lat="57.27575" lon="25.11022">
        <ele>31</ele>
        <extensions>
          <distance>64065</distance>
        </extensions>
      </trkpt>
      <trkpt lat="57.27579" lon="25.11056">
        <ele>31</ele>
        <extensions>
          <distance>64086</distance>
        </extensions>
      </trkpt>
      <trkpt lat="57.27589" lon="25.11088">
        <ele>31</ele>
        <extensions>
          <distance>64108</distance>
        </extensions>
      </trkpt>
      <trkpt lat="57.27596" lon="25.11123">
        <ele>31</ele>
        <extensions>
          <distance>64131</distance>
        </extensions>
      </trkpt>
      <trkpt lat="57.27603" lon="25.11158">
        <ele>31</ele>
        <extensions>
          <distance>64153</distance>
        </extensions>
      </trkpt>
      <trkpt lat="57.2761" lon="25.11193">
        <ele>31</ele>
        <extensions>
          <distance>64176</distance>
        </extensions>
      </trkpt>
      <trkpt lat="57.27617" lon="25.11228">
        <ele>35</ele>
        <extensions>
          <distance>64198</distance>
        </extensions>
      </trkpt>
      <trkpt lat="57.276205000000004" lon="25.11255">
        <ele>36</ele>
        <extensions>
          <distance>64215</distance>
        </extensions>
      </trkpt>
      <trkpt lat="57.27624" lon="25.11282">
        <ele>37</ele>
        <extensions>
          <distance>64232</distance>
        </extensions>
      </trkpt>
      <trkpt lat="57.27632" lon="25.11305">
        <ele>38</ele>
        <extensions>
          <distance>64248</distance>
        </extensions>
      </trkpt>
      <trkpt lat="57.276385" lon="25.113325">
        <ele>40</ele>
        <extensions>
          <distance>64266</distance>
        </extensions>
      </trkpt>
      <trkpt lat="57.27645" lon="25.113599999999998">
        <ele>40</ele>
        <extensions>
          <distance>64285</distance>
        </extensions>
      </trkpt>
      <trkpt lat="57.276515" lon="25.113875">
        <ele>40</ele>
        <extensions>
          <distance>64303</distance>
        </extensions>
      </trkpt>
      <trkpt lat="57.27658" lon="25.11415">
        <ele>40</ele>
        <extensions>
          <distance>64321</distance>
        </extensions>
      </trkpt>
      <trkpt lat="57.27673" lon="25.114535">
        <ele>40</ele>
        <extensions>
          <distance>64349</distance>
        </extensions>
      </trkpt>
      <trkpt lat="57.27688" lon="25.11492">
        <ele>40</ele>
        <extensions>
          <distance>64378</distance>
        </extensions>
      </trkpt>
      <trkpt lat="57.2769" lon="25.1152">
        <ele>40</ele>
        <extensions>
          <distance>64395</distance>
        </extensions>
      </trkpt>
      <trkpt lat="57.27692" lon="25.11548">
        <ele>40</ele>
        <extensions>
          <distance>64412</distance>
        </extensions>
      </trkpt>
      <trkpt lat="57.27701999999999" lon="25.115845">
        <ele>40</ele>
        <extensions>
          <distance>64437</distance>
        </extensions>
      </trkpt>
      <trkpt lat="57.27712" lon="25.11621">
        <ele>40</ele>
        <extensions>
          <distance>64461</distance>
        </extensions>
      </trkpt>
      <trkpt lat="57.27714" lon="25.11651">
        <ele>40</ele>
        <extensions>
          <distance>64480</distance>
        </extensions>
      </trkpt>
      <trkpt lat="57.27723" lon="25.11677">
        <ele>40</ele>
        <extensions>
          <distance>64498</distance>
        </extensions>
      </trkpt>
      <trkpt lat="57.27723" lon="25.11709">
        <ele>40</ele>
        <extensions>
          <distance>64518</distance>
        </extensions>
      </trkpt>
      <trkpt lat="57.277345" lon="25.117530000000002">
        <ele>39</ele>
        <extensions>
          <distance>64547</distance>
        </extensions>
      </trkpt>
      <trkpt lat="57.27746" lon="25.11797">
        <ele>39</ele>
        <extensions>
          <distance>64576</distance>
        </extensions>
      </trkpt>
      <trkpt lat="57.277469999999994" lon="25.1184">
        <ele>39</ele>
        <extensions>
          <distance>64602</distance>
        </extensions>
      </trkpt>
      <trkpt lat="57.27748" lon="25.11883">
        <ele>39</ele>
        <extensions>
          <distance>64628</distance>
        </extensions>
      </trkpt>
      <trkpt lat="57.277535" lon="25.11931">
        <ele>40</ele>
        <extensions>
          <distance>64658</distance>
        </extensions>
      </trkpt>
      <trkpt lat="57.27759" lon="25.11979">
        <ele>42</ele>
        <extensions>
          <distance>64688</distance>
        </extensions>
      </trkpt>
      <trkpt lat="57.27741" lon="25.119855">
        <ele>42</ele>
        <extensions>
          <distance>64708</distance>
        </extensions>
      </trkpt>
      <trkpt lat="57.27723" lon="25.11992">
        <ele>42</ele>
        <extensions>
          <distance>64728</distance>
        </extensions>
      </trkpt>
      <trkpt lat="57.27725" lon="25.12038">
        <ele>42</ele>
        <extensions>
          <distance>64756</distance>
        </extensions>
      </trkpt>
      <trkpt lat="57.27727" lon="25.12084">
        <ele>42</ele>
        <extensions>
          <distance>64784</distance>
        </extensions>
      </trkpt>
      <trkpt lat="57.277265" lon="25.1210925">
        <ele>41</ele>
        <extensions>
          <distance>64799</distance>
        </extensions>
      </trkpt>
      <trkpt lat="57.27726" lon="25.121344999999998">
        <ele>41</ele>
        <extensions>
          <distance>64815</distance>
        </extensions>
      </trkpt>
      <trkpt lat="57.277255" lon="25.1215975">
        <ele>40</ele>
        <extensions>
          <distance>64830</distance>
        </extensions>
      </trkpt>
      <trkpt lat="57.27725" lon="25.12185">
        <ele>39</ele>
        <extensions>
          <distance>64845</distance>
        </extensions>
      </trkpt>
      <trkpt lat="57.27716" lon="25.12198">
        <ele>39</ele>
        <extensions>
          <distance>64858</distance>
        </extensions>
      </trkpt>
      <trkpt lat="57.27703" lon="25.12204">
        <ele>38</ele>
        <extensions>
          <distance>64873</distance>
        </extensions>
      </trkpt>
      <trkpt lat="57.276925000000006" lon="25.122275">
        <ele>38</ele>
        <extensions>
          <distance>64891</distance>
        </extensions>
      </trkpt>
      <trkpt lat="57.27682" lon="25.12251">
        <ele>38</ele>
        <extensions>
          <distance>64910</distance>
        </extensions>
      </trkpt>
      <trkpt lat="57.27669" lon="25.1226">
        <ele>38</ele>
        <extensions>
          <distance>64925</distance>
        </extensions>
      </trkpt>
      <trkpt lat="57.27658" lon="25.122844999999998">
        <ele>37</ele>
        <extensions>
          <distance>64944</distance>
        </extensions>
      </trkpt>
      <trkpt lat="57.27647" lon="25.12309">
        <ele>37</ele>
        <extensions>
          <distance>64963</distance>
        </extensions>
      </trkpt>
      <trkpt lat="57.276385000000005" lon="25.12338">
        <ele>37</ele>
        <extensions>
          <distance>64983</distance>
        </extensions>
      </trkpt>
      <trkpt lat="57.2763" lon="25.12367">
        <ele>36</ele>
        <extensions>
          <distance>65003</distance>
        </extensions>
      </trkpt>
      <trkpt lat="57.276195" lon="25.123895">
        <ele>36</ele>
        <extensions>
          <distance>65021</distance>
        </extensions>
      </trkpt>
      <trkpt lat="57.27609" lon="25.12412">
        <ele>36</ele>
        <extensions>
          <distance>65039</distance>
        </extensions>
      </trkpt>
      <trkpt lat="57.27589" lon="25.1243">
        <ele>36</ele>
        <extensions>
          <distance>65064</distance>
        </extensions>
      </trkpt>
      <trkpt lat="57.27585" lon="25.12451">
        <ele>35</ele>
        <extensions>
          <distance>65077</distance>
        </extensions>
      </trkpt>
      <trkpt lat="57.275735" lon="25.124705">
        <ele>35</ele>
        <extensions>
          <distance>65095</distance>
        </extensions>
      </trkpt>
      <trkpt lat="57.27562" lon="25.1249">
        <ele>35</ele>
        <extensions>
          <distance>65112</distance>
        </extensions>
      </trkpt>
      <trkpt lat="57.27544" lon="25.12505">
        <ele>35</ele>
        <extensions>
          <distance>65134</distance>
        </extensions>
      </trkpt>
      <trkpt lat="57.27534" lon="25.12507">
        <ele>35</ele>
        <extensions>
          <distance>65145</distance>
        </extensions>
      </trkpt>
      <trkpt lat="57.27527" lon="25.12533">
        <ele>35</ele>
        <extensions>
          <distance>65163</distance>
        </extensions>
      </trkpt>
      <trkpt lat="57.275130000000004" lon="25.125545000000002">
        <ele>34</ele>
        <extensions>
          <distance>65183</distance>
        </extensions>
      </trkpt>
      <trkpt lat="57.27499" lon="25.12576">
        <ele>33</ele>
        <extensions>
          <distance>65203</distance>
        </extensions>
      </trkpt>
      <trkpt lat="57.27491" lon="25.12608">
        <ele>32</ele>
        <extensions>
          <distance>65225</distance>
        </extensions>
      </trkpt>
      <trkpt lat="57.27469" lon="25.12625">
        <ele>30</ele>
        <extensions>
          <distance>65251</distance>
        </extensions>
      </trkpt>
      <trkpt lat="57.27465" lon="25.12659">
        <ele>29</ele>
        <extensions>
          <distance>65272</distance>
        </extensions>
      </trkpt>
      <trkpt lat="57.27469" lon="25.12676">
        <ele>29</ele>
        <extensions>
          <distance>65283</distance>
        </extensions>
      </trkpt>
      <trkpt lat="57.27456" lon="25.12713">
        <ele>29</ele>
        <extensions>
          <distance>65310</distance>
        </extensions>
      </trkpt>
      <trkpt lat="57.27439" lon="25.12726">
        <ele>29</ele>
        <extensions>
          <distance>65331</distance>
        </extensions>
      </trkpt>
      <trkpt lat="57.27437" lon="25.12741">
        <ele>29</ele>
        <extensions>
          <distance>65340</distance>
        </extensions>
      </trkpt>
      <trkpt lat="57.27422" lon="25.12767">
        <ele>29</ele>
        <extensions>
          <distance>65363</distance>
        </extensions>
      </trkpt>
      <trkpt lat="57.27403" lon="25.12771">
        <ele>29</ele>
        <extensions>
          <distance>65384</distance>
        </extensions>
      </trkpt>
      <trkpt lat="57.27396" lon="25.12784">
        <ele>29</ele>
        <extensions>
          <distance>65395</distance>
        </extensions>
      </trkpt>
      <trkpt lat="57.27381" lon="25.12788">
        <ele>29</ele>
        <extensions>
          <distance>65412</distance>
        </extensions>
      </trkpt>
      <trkpt lat="57.27377" lon="25.12779">
        <ele>29</ele>
        <extensions>
          <distance>65419</distance>
        </extensions>
      </trkpt>
      <trkpt lat="57.27363" lon="25.127855">
        <ele>29</ele>
        <extensions>
          <distance>65435</distance>
        </extensions>
      </trkpt>
      <trkpt lat="57.27349" lon="25.12792">
        <ele>29</ele>
        <extensions>
          <distance>65451</distance>
        </extensions>
      </trkpt>
      <trkpt lat="57.27328" lon="25.12818">
        <ele>29</ele>
        <extensions>
          <distance>65479</distance>
        </extensions>
      </trkpt>
      <trkpt lat="57.273084999999995" lon="25.127995">
        <ele>31</ele>
        <extensions>
          <distance>65504</distance>
        </extensions>
      </trkpt>
      <trkpt lat="57.27289" lon="25.12781">
        <ele>37</ele>
        <extensions>
          <distance>65529</distance>
        </extensions>
      </trkpt>
      <trkpt lat="57.2727" lon="25.12779">
        <ele>45</ele>
        <extensions>
          <distance>65552</distance>
        </extensions>
      </trkpt>
      <trkpt lat="57.27257" lon="25.12792">
        <ele>53</ele>
        <extensions>
          <distance>65570</distance>
        </extensions>
      </trkpt>
      <trkpt lat="57.27248" lon="25.12809">
        <ele>59</ele>
        <extensions>
          <distance>65585</distance>
        </extensions>
      </trkpt>
      <trkpt lat="57.27235" lon="25.12812">
        <ele>61</ele>
        <extensions>
          <distance>65600</distance>
        </extensions>
      </trkpt>
      <trkpt lat="57.27232" lon="25.128385">
        <ele>65</ele>
        <extensions>
          <distance>65617</distance>
        </extensions>
      </trkpt>
      <trkpt lat="57.27229" lon="25.12865">
        <ele>68</ele>
        <extensions>
          <distance>65634</distance>
        </extensions>
      </trkpt>
      <trkpt lat="57.2722" lon="25.12887">
        <ele>73</ele>
        <extensions>
          <distance>65651</distance>
        </extensions>
      </trkpt>
      <trkpt lat="57.272040000000004" lon="25.128974999999997">
        <ele>76</ele>
        <extensions>
          <distance>65670</distance>
        </extensions>
      </trkpt>
      <trkpt lat="57.27188" lon="25.12908">
        <ele>78</ele>
        <extensions>
          <distance>65689</distance>
        </extensions>
      </trkpt>
      <trkpt lat="57.271755" lon="25.129264999999997">
        <ele>80</ele>
        <extensions>
          <distance>65707</distance>
        </extensions>
      </trkpt>
      <trkpt lat="57.27163" lon="25.12945">
        <ele>82</ele>
        <extensions>
          <distance>65725</distance>
        </extensions>
      </trkpt>
      <trkpt lat="57.27145" lon="25.12949">
        <ele>82</ele>
        <extensions>
          <distance>65745</distance>
        </extensions>
      </trkpt>
      <trkpt lat="57.271345" lon="25.129694999999998">
        <ele>84</ele>
        <extensions>
          <distance>65762</distance>
        </extensions>
      </trkpt>
      <trkpt lat="57.27124" lon="25.1299">
        <ele>85</ele>
        <extensions>
          <distance>65779</distance>
        </extensions>
      </trkpt>
      <trkpt lat="57.27117" lon="25.1302">
        <ele>87</ele>
        <extensions>
          <distance>65799</distance>
        </extensions>
      </trkpt>
      <trkpt lat="57.27108" lon="25.1304025">
        <ele>87</ele>
        <extensions>
          <distance>65815</distance>
        </extensions>
      </trkpt>
      <trkpt lat="57.27099" lon="25.130605">
        <ele>88</ele>
        <extensions>
          <distance>65831</distance>
        </extensions>
      </trkpt>
      <trkpt lat="57.2709" lon="25.1308075">
        <ele>88</ele>
        <extensions>
          <distance>65847</distance>
        </extensions>
      </trkpt>
      <trkpt lat="57.27081" lon="25.13101">
        <ele>88</ele>
        <extensions>
          <distance>65862</distance>
        </extensions>
      </trkpt>
      <trkpt lat="57.27074" lon="25.13144">
        <ele>89</ele>
        <extensions>
          <distance>65889</distance>
        </extensions>
      </trkpt>
      <trkpt lat="57.2706025" lon="25.1316175">
        <ele>89</ele>
        <extensions>
          <distance>65908</distance>
        </extensions>
      </trkpt>
      <trkpt lat="57.270465" lon="25.131795">
        <ele>89</ele>
        <extensions>
          <distance>65927</distance>
        </extensions>
      </trkpt>
      <trkpt lat="57.2703275" lon="25.1319725">
        <ele>88</ele>
        <extensions>
          <distance>65946</distance>
        </extensions>
      </trkpt>
      <trkpt lat="57.27019" lon="25.13215">
        <ele>88</ele>
        <extensions>
          <distance>65964</distance>
        </extensions>
      </trkpt>
      <trkpt lat="57.27002" lon="25.13249">
        <ele>87</ele>
        <extensions>
          <distance>65992</distance>
        </extensions>
      </trkpt>
      <trkpt lat="57.26991" lon="25.1329">
        <ele>85</ele>
        <extensions>
          <distance>66020</distance>
        </extensions>
      </trkpt>
      <trkpt lat="57.26974" lon="25.133225">
        <ele>80</ele>
        <extensions>
          <distance>66048</distance>
        </extensions>
      </trkpt>
      <trkpt lat="57.26957" lon="25.13355">
        <ele>76</ele>
        <extensions>
          <distance>66075</distance>
        </extensions>
      </trkpt>
      <trkpt lat="57.26935" lon="25.13367">
        <ele>74</ele>
        <extensions>
          <distance>66101</distance>
        </extensions>
      </trkpt>
      <trkpt lat="57.269186250000004" lon="25.133589999999998">
        <ele>73</ele>
        <extensions>
          <distance>66120</distance>
        </extensions>
      </trkpt>
      <trkpt lat="57.269022500000005" lon="25.13351">
        <ele>73</ele>
        <extensions>
          <distance>66138</distance>
        </extensions>
      </trkpt>
      <trkpt lat="57.26885875000001" lon="25.13343">
        <ele>73</ele>
        <extensions>
          <distance>66157</distance>
        </extensions>
      </trkpt>
      <trkpt lat="57.268695" lon="25.13335">
        <ele>73</ele>
        <extensions>
          <distance>66176</distance>
        </extensions>
      </trkpt>
      <trkpt lat="57.268531249999995" lon="25.13327">
        <ele>73</ele>
        <extensions>
          <distance>66195</distance>
        </extensions>
      </trkpt>
      <trkpt lat="57.2683675" lon="25.13319">
        <ele>73</ele>
        <extensions>
          <distance>66214</distance>
        </extensions>
      </trkpt>
      <trkpt lat="57.26820375" lon="25.133110000000002">
        <ele>72</ele>
        <extensions>
          <distance>66233</distance>
        </extensions>
      </trkpt>
      <trkpt lat="57.26804" lon="25.13303">
        <ele>70</ele>
        <extensions>
          <distance>66252</distance>
        </extensions>
      </trkpt>
      <trkpt lat="57.2679" lon="25.1330725">
        <ele>68</ele>
        <extensions>
          <distance>66268</distance>
        </extensions>
      </trkpt>
      <trkpt lat="57.267759999999996" lon="25.133115">
        <ele>67</ele>
        <extensions>
          <distance>66284</distance>
        </extensions>
      </trkpt>
      <trkpt lat="57.267619999999994" lon="25.1331575">
        <ele>67</ele>
        <extensions>
          <distance>66299</distance>
        </extensions>
      </trkpt>
      <trkpt lat="57.26748" lon="25.1332">
        <ele>67</ele>
        <extensions>
          <distance>66315</distance>
        </extensions>
      </trkpt>
      <trkpt lat="57.26738" lon="25.13309">
        <ele>67</ele>
        <extensions>
          <distance>66328</distance>
        </extensions>
      </trkpt>
      <trkpt lat="57.2672075" lon="25.133182499999997">
        <ele>69</ele>
        <extensions>
          <distance>66348</distance>
        </extensions>
      </trkpt>
      <trkpt lat="57.267035" lon="25.133274999999998">
        <ele>72</ele>
        <extensions>
          <distance>66368</distance>
        </extensions>
      </trkpt>
      <trkpt lat="57.2668625" lon="25.1333675">
        <ele>75</ele>
        <extensions>
          <distance>66389</distance>
        </extensions>
      </trkpt>
      <trkpt lat="57.26669" lon="25.13346">
        <ele>77</ele>
        <extensions>
          <distance>66409</distance>
        </extensions>
      </trkpt>
      <trkpt lat="57.26654" lon="25.13369">
        <ele>78</ele>
        <extensions>
          <distance>66430</distance>
        </extensions>
      </trkpt>
      <trkpt lat="57.266455" lon="25.13395">
        <ele>78</ele>
        <extensions>
          <distance>66449</distance>
        </extensions>
      </trkpt>
      <trkpt lat="57.26637" lon="25.13421">
        <ele>78</ele>
        <extensions>
          <distance>66467</distance>
        </extensions>
      </trkpt>
      <trkpt lat="57.26623" lon="25.13424">
        <ele>78</ele>
        <extensions>
          <distance>66483</distance>
        </extensions>
      </trkpt>
      <trkpt lat="57.26609" lon="25.13427">
        <ele>77</ele>
        <extensions>
          <distance>66498</distance>
        </extensions>
      </trkpt>
      <trkpt lat="57.26596" lon="25.134445">
        <ele>75</ele>
        <extensions>
          <distance>66516</distance>
        </extensions>
      </trkpt>
      <trkpt lat="57.26583" lon="25.13462">
        <ele>74</ele>
        <extensions>
          <distance>66534</distance>
        </extensions>
      </trkpt>
      <trkpt lat="57.26568" lon="25.13475">
        <ele>72</ele>
        <extensions>
          <distance>66553</distance>
        </extensions>
      </trkpt>
      <trkpt lat="57.2655" lon="25.1348">
        <ele>70</ele>
        <extensions>
          <distance>66573</distance>
        </extensions>
      </trkpt>
      <trkpt lat="57.26532" lon="25.13485">
        <ele>67</ele>
        <extensions>
          <distance>66594</distance>
        </extensions>
      </trkpt>
      <trkpt lat="57.26521" lon="25.13479">
        <ele>64</ele>
        <extensions>
          <distance>66607</distance>
        </extensions>
      </trkpt>
      <trkpt lat="57.26504" lon="25.13453">
        <ele>59</ele>
        <extensions>
          <distance>66632</distance>
        </extensions>
      </trkpt>
      <trkpt lat="57.26497" lon="25.13423">
        <ele>54</ele>
        <extensions>
          <distance>66652</distance>
        </extensions>
      </trkpt>
      <trkpt lat="57.26474" lon="25.13397">
        <ele>51</ele>
        <extensions>
          <distance>66683</distance>
        </extensions>
      </trkpt>
      <trkpt lat="57.26458875" lon="25.13416375">
        <ele>51</ele>
        <extensions>
          <distance>66703</distance>
        </extensions>
      </trkpt>
      <trkpt lat="57.2644375" lon="25.1343575">
        <ele>50</ele>
        <extensions>
          <distance>66724</distance>
        </extensions>
      </trkpt>
      <trkpt lat="57.26428625" lon="25.13455125">
        <ele>49</ele>
        <extensions>
          <distance>66744</distance>
        </extensions>
      </trkpt>
      <trkpt lat="57.264135" lon="25.134745000000002">
        <ele>48</ele>
        <extensions>
          <distance>66765</distance>
        </extensions>
      </trkpt>
      <trkpt lat="57.26398375000001" lon="25.134938750000003">
        <ele>46</ele>
        <extensions>
          <distance>66785</distance>
        </extensions>
      </trkpt>
      <trkpt lat="57.26383250000001" lon="25.1351325">
        <ele>44</ele>
        <extensions>
          <distance>66806</distance>
        </extensions>
      </trkpt>
      <trkpt lat="57.263681250000005" lon="25.13532625">
        <ele>43</ele>
        <extensions>
          <distance>66826</distance>
        </extensions>
      </trkpt>
      <trkpt lat="57.26353" lon="25.13552">
        <ele>42</ele>
        <extensions>
          <distance>66847</distance>
        </extensions>
      </trkpt>
      <trkpt lat="57.26334" lon="25.13566">
        <ele>42</ele>
        <extensions>
          <distance>66870</distance>
        </extensions>
      </trkpt>
      <trkpt lat="57.26315" lon="25.1358">
        <ele>42</ele>
        <extensions>
          <distance>66893</distance>
        </extensions>
      </trkpt>
      <trkpt lat="57.26291500000001" lon="25.135915">
        <ele>42</ele>
        <extensions>
          <distance>66920</distance>
        </extensions>
      </trkpt>
      <trkpt lat="57.26268" lon="25.13603">
        <ele>42</ele>
        <extensions>
          <distance>66947</distance>
        </extensions>
      </trkpt>
      <trkpt lat="57.26254" lon="25.13619">
        <ele>42</ele>
        <extensions>
          <distance>66965</distance>
        </extensions>
      </trkpt>
      <trkpt lat="57.2624" lon="25.13635">
        <ele>41</ele>
        <extensions>
          <distance>66983</distance>
        </extensions>
      </trkpt>
      <trkpt lat="57.26229" lon="25.13653">
        <ele>41</ele>
        <extensions>
          <distance>67000</distance>
        </extensions>
      </trkpt>
      <trkpt lat="57.262195" lon="25.136775">
        <ele>40</ele>
        <extensions>
          <distance>67018</distance>
        </extensions>
      </trkpt>
      <trkpt lat="57.2621" lon="25.13702">
        <ele>39</ele>
        <extensions>
          <distance>67036</distance>
        </extensions>
      </trkpt>
      <trkpt lat="57.262024999999994" lon="25.1373">
        <ele>38</ele>
        <extensions>
          <distance>67055</distance>
        </extensions>
      </trkpt>
      <trkpt lat="57.26195" lon="25.13758">
        <ele>37</ele>
        <extensions>
          <distance>67074</distance>
        </extensions>
      </trkpt>
      <trkpt lat="57.26175" lon="25.13747">
        <ele>36</ele>
        <extensions>
          <distance>67097</distance>
        </extensions>
      </trkpt>
      <trkpt lat="57.26158" lon="25.13758">
        <ele>36</ele>
        <extensions>
          <distance>67117</distance>
        </extensions>
      </trkpt>
      <trkpt lat="57.26156" lon="25.13803">
        <ele>36</ele>
        <extensions>
          <distance>67144</distance>
        </extensions>
      </trkpt>
      <trkpt lat="57.26154" lon="25.13848">
        <ele>36</ele>
        <extensions>
          <distance>67172</distance>
        </extensions>
      </trkpt>
      <trkpt lat="57.261605" lon="25.13878">
        <ele>37</ele>
        <extensions>
          <distance>67191</distance>
        </extensions>
      </trkpt>
      <trkpt lat="57.26167" lon="25.13908">
        <ele>37</ele>
        <extensions>
          <distance>67211</distance>
        </extensions>
      </trkpt>
      <trkpt lat="57.26152" lon="25.13944">
        <ele>37</ele>
        <extensions>
          <distance>67238</distance>
        </extensions>
      </trkpt>
      <trkpt lat="57.26137" lon="25.13966">
        <ele>37</ele>
        <extensions>
          <distance>67259</distance>
        </extensions>
      </trkpt>
      <trkpt lat="57.26113" lon="25.13987">
        <ele>38</ele>
        <extensions>
          <distance>67289</distance>
        </extensions>
      </trkpt>
      <trkpt lat="57.26096" lon="25.13996">
        <ele>38</ele>
        <extensions>
          <distance>67309</distance>
        </extensions>
      </trkpt>
      <trkpt lat="57.260895" lon="25.140214999999998">
        <ele>38</ele>
        <extensions>
          <distance>67326</distance>
        </extensions>
      </trkpt>
      <trkpt lat="57.26083" lon="25.14047">
        <ele>38</ele>
        <extensions>
          <distance>67343</distance>
        </extensions>
      </trkpt>
      <trkpt lat="57.26068" lon="25.1406">
        <ele>39</ele>
        <extensions>
          <distance>67361</distance>
        </extensions>
      </trkpt>
      <trkpt lat="57.2606" lon="25.14078">
        <ele>39</ele>
        <extensions>
          <distance>67375</distance>
        </extensions>
      </trkpt>
      <trkpt lat="57.26051" lon="25.14084">
        <ele>39</ele>
        <extensions>
          <distance>67386</distance>
        </extensions>
      </trkpt>
      <trkpt lat="57.26034" lon="25.141185">
        <ele>41</ele>
        <extensions>
          <distance>67414</distance>
        </extensions>
      </trkpt>
      <trkpt lat="57.26017" lon="25.14153">
        <ele>42</ele>
        <extensions>
          <distance>67442</distance>
        </extensions>
      </trkpt>
      <trkpt lat="57.260045000000005" lon="25.1416375">
        <ele>42</ele>
        <extensions>
          <distance>67458</distance>
        </extensions>
      </trkpt>
      <trkpt lat="57.25992" lon="25.141745">
        <ele>43</ele>
        <extensions>
          <distance>67473</distance>
        </extensions>
      </trkpt>
      <trkpt lat="57.259795" lon="25.1418525">
        <ele>45</ele>
        <extensions>
          <distance>67488</distance>
        </extensions>
      </trkpt>
      <trkpt lat="57.25967" lon="25.14196">
        <ele>46</ele>
        <extensions>
          <distance>67504</distance>
        </extensions>
      </trkpt>
      <trkpt lat="57.25944" lon="25.14202">
        <ele>47</ele>
        <extensions>
          <distance>67530</distance>
        </extensions>
      </trkpt>
      <trkpt lat="57.25931" lon="25.14198">
        <ele>47</ele>
        <extensions>
          <distance>67544</distance>
        </extensions>
      </trkpt>
      <trkpt lat="57.259095" lon="25.142">
        <ele>47</ele>
        <extensions>
          <distance>67568</distance>
        </extensions>
      </trkpt>
      <trkpt lat="57.25888" lon="25.14202">
        <ele>48</ele>
        <extensions>
          <distance>67592</distance>
        </extensions>
      </trkpt>
      <trkpt lat="57.25877" lon="25.14206">
        <ele>47</ele>
        <extensions>
          <distance>67605</distance>
        </extensions>
      </trkpt>
      <trkpt lat="57.25866" lon="25.14217">
        <ele>47</ele>
        <extensions>
          <distance>67619</distance>
        </extensions>
      </trkpt>
      <trkpt lat="57.25856" lon="25.14215">
        <ele>47</ele>
        <extensions>
          <distance>67630</distance>
        </extensions>
      </trkpt>
      <trkpt lat="57.258449999999996" lon="25.141730000000003">
        <ele>46</ele>
        <extensions>
          <distance>67658</distance>
        </extensions>
      </trkpt>
      <trkpt lat="57.25834" lon="25.14131">
        <ele>45</ele>
        <extensions>
          <distance>67686</distance>
        </extensions>
      </trkpt>
      <trkpt lat="57.25814" lon="25.14112">
        <ele>45</ele>
        <extensions>
          <distance>67711</distance>
        </extensions>
      </trkpt>
      <trkpt lat="57.25794" lon="25.14093">
        <ele>45</ele>
        <extensions>
          <distance>67736</distance>
        </extensions>
      </trkpt>
      <trkpt lat="57.25781" lon="25.1409">
        <ele>45</ele>
        <extensions>
          <distance>67751</distance>
        </extensions>
      </trkpt>
      <trkpt lat="57.25778" lon="25.14084">
        <ele>45</ele>
        <extensions>
          <distance>67756</distance>
        </extensions>
      </trkpt>
      <trkpt lat="57.2577" lon="25.14082">
        <ele>45</ele>
        <extensions>
          <distance>67765</distance>
        </extensions>
      </trkpt>
      <trkpt lat="57.25756" lon="25.140585">
        <ele>46</ele>
        <extensions>
          <distance>67786</distance>
        </extensions>
      </trkpt>
      <trkpt lat="57.25742" lon="25.14035">
        <ele>46</ele>
        <extensions>
          <distance>67807</distance>
        </extensions>
      </trkpt>
      <trkpt lat="57.25735" lon="25.13994">
        <ele>46</ele>
        <extensions>
          <distance>67833</distance>
        </extensions>
      </trkpt>
      <trkpt lat="57.25742" lon="25.13949">
        <ele>46</ele>
        <extensions>
          <distance>67861</distance>
        </extensions>
      </trkpt>
      <trkpt lat="57.25744" lon="25.13951">
        <ele>46</ele>
        <extensions>
          <distance>67864</distance>
        </extensions>
      </trkpt>
      <trkpt lat="57.25755" lon="25.13914">
        <ele>47</ele>
        <extensions>
          <distance>67889</distance>
        </extensions>
      </trkpt>
      <trkpt lat="57.25751" lon="25.139">
        <ele>48</ele>
        <extensions>
          <distance>67899</distance>
        </extensions>
      </trkpt>
      <trkpt lat="57.25752" lon="25.138645">
        <ele>48</ele>
        <extensions>
          <distance>67920</distance>
        </extensions>
      </trkpt>
      <trkpt lat="57.25753" lon="25.13829">
        <ele>49</ele>
        <extensions>
          <distance>67942</distance>
        </extensions>
      </trkpt>
      <trkpt lat="57.25751" lon="25.13792">
        <ele>52</ele>
        <extensions>
          <distance>67964</distance>
        </extensions>
      </trkpt>
      <trkpt lat="57.25742" lon="25.1376">
        <ele>52</ele>
        <extensions>
          <distance>67986</distance>
        </extensions>
      </trkpt>
      <trkpt lat="57.25726" lon="25.137385000000002">
        <ele>52</ele>
        <extensions>
          <distance>68008</distance>
        </extensions>
      </trkpt>
      <trkpt lat="57.2571" lon="25.13717">
        <ele>52</ele>
        <extensions>
          <distance>68030</distance>
        </extensions>
      </trkpt>
      <trkpt lat="57.25699" lon="25.13687">
        <ele>52</ele>
        <extensions>
          <distance>68052</distance>
        </extensions>
      </trkpt>
      <trkpt lat="57.25678" lon="25.13676">
        <ele>52</ele>
        <extensions>
          <distance>68076</distance>
        </extensions>
      </trkpt>
      <trkpt lat="57.25669" lon="25.13678">
        <ele>50</ele>
        <extensions>
          <distance>68087</distance>
        </extensions>
      </trkpt>
      <trkpt lat="57.25658" lon="25.13698">
        <ele>48</ele>
        <extensions>
          <distance>68104</distance>
        </extensions>
      </trkpt>
      <trkpt lat="57.25656" lon="25.13724">
        <ele>47</ele>
        <extensions>
          <distance>68120</distance>
        </extensions>
      </trkpt>
      <trkpt lat="57.256625" lon="25.137484999999998">
        <ele>47</ele>
        <extensions>
          <distance>68136</distance>
        </extensions>
      </trkpt>
      <trkpt lat="57.25669" lon="25.13773">
        <ele>46</ele>
        <extensions>
          <distance>68153</distance>
        </extensions>
      </trkpt>
      <trkpt lat="57.25684" lon="25.13799">
        <ele>45</ele>
        <extensions>
          <distance>68176</distance>
        </extensions>
      </trkpt>
      <trkpt lat="57.25688" lon="25.13822">
        <ele>44</ele>
        <extensions>
          <distance>68190</distance>
        </extensions>
      </trkpt>
      <trkpt lat="57.25699" lon="25.13835">
        <ele>44</ele>
        <extensions>
          <distance>68205</distance>
        </extensions>
      </trkpt>
      <trkpt lat="57.25699" lon="25.13859">
        <ele>44</ele>
        <extensions>
          <distance>68219</distance>
        </extensions>
      </trkpt>
      <trkpt lat="57.25691" lon="25.13887">
        <ele>44</ele>
        <extensions>
          <distance>68238</distance>
        </extensions>
      </trkpt>
      <trkpt lat="57.25678" lon="25.13906">
        <ele>44</ele>
        <extensions>
          <distance>68257</distance>
        </extensions>
      </trkpt>
      <trkpt lat="57.25665" lon="25.13925">
        <ele>44</ele>
        <extensions>
          <distance>68275</distance>
        </extensions>
      </trkpt>
      <trkpt lat="57.25667" lon="25.13932">
        <ele>44</ele>
        <extensions>
          <distance>68280</distance>
        </extensions>
      </trkpt>
      <trkpt lat="57.25665" lon="25.13944">
        <ele>44</ele>
        <extensions>
          <distance>68288</distance>
        </extensions>
      </trkpt>
      <trkpt lat="57.25651" lon="25.139485">
        <ele>44</ele>
        <extensions>
          <distance>68304</distance>
        </extensions>
      </trkpt>
      <trkpt lat="57.25637" lon="25.13953">
        <ele>44</ele>
        <extensions>
          <distance>68319</distance>
        </extensions>
      </trkpt>
      <trkpt lat="57.256155" lon="25.139475">
        <ele>44</ele>
        <extensions>
          <distance>68344</distance>
        </extensions>
      </trkpt>
      <trkpt lat="57.25594" lon="25.13942">
        <ele>44</ele>
        <extensions>
          <distance>68368</distance>
        </extensions>
      </trkpt>
      <trkpt lat="57.25578" lon="25.139175">
        <ele>44</ele>
        <extensions>
          <distance>68391</distance>
        </extensions>
      </trkpt>
      <trkpt lat="57.25562" lon="25.13893">
        <ele>44</ele>
        <extensions>
          <distance>68414</distance>
        </extensions>
      </trkpt>
      <trkpt lat="57.25557" lon="25.13869">
        <ele>44</ele>
        <extensions>
          <distance>68430</distance>
        </extensions>
      </trkpt>
      <trkpt lat="57.2556" lon="25.1382">
        <ele>43</ele>
        <extensions>
          <distance>68459</distance>
        </extensions>
      </trkpt>
      <trkpt lat="57.255565000000004" lon="25.13793">
        <ele>43</ele>
        <extensions>
          <distance>68476</distance>
        </extensions>
      </trkpt>
      <trkpt lat="57.25553" lon="25.13766">
        <ele>43</ele>
        <extensions>
          <distance>68493</distance>
        </extensions>
      </trkpt>
      <trkpt lat="57.255475000000004" lon="25.137385000000002">
        <ele>43</ele>
        <extensions>
          <distance>68511</distance>
        </extensions>
      </trkpt>
      <trkpt lat="57.25542" lon="25.13711">
        <ele>44</ele>
        <extensions>
          <distance>68528</distance>
        </extensions>
      </trkpt>
      <trkpt lat="57.25536" lon="25.13702">
        <ele>44</ele>
        <extensions>
          <distance>68537</distance>
        </extensions>
      </trkpt>
      <trkpt lat="57.25517" lon="25.13691">
        <ele>45</ele>
        <extensions>
          <distance>68559</distance>
        </extensions>
      </trkpt>
      <trkpt lat="57.254985000000005" lon="25.13691">
        <ele>45</ele>
        <extensions>
          <distance>68580</distance>
        </extensions>
      </trkpt>
      <trkpt lat="57.2548" lon="25.13691">
        <ele>46</ele>
        <extensions>
          <distance>68600</distance>
        </extensions>
      </trkpt>
      <trkpt lat="57.25465" lon="25.136845">
        <ele>46</ele>
        <extensions>
          <distance>68617</distance>
        </extensions>
      </trkpt>
      <trkpt lat="57.2545" lon="25.13678">
        <ele>47</ele>
        <extensions>
          <distance>68635</distance>
        </extensions>
      </trkpt>
      <trkpt lat="57.25429" lon="25.13681">
        <ele>47</ele>
        <extensions>
          <distance>68658</distance>
        </extensions>
      </trkpt>
      <trkpt lat="57.25414" lon="25.136735">
        <ele>47</ele>
        <extensions>
          <distance>68675</distance>
        </extensions>
      </trkpt>
      <trkpt lat="57.25399" lon="25.13666">
        <ele>47</ele>
        <extensions>
          <distance>68693</distance>
        </extensions>
      </trkpt>
      <trkpt lat="57.25377" lon="25.13663">
        <ele>47</ele>
        <extensions>
          <distance>68717</distance>
        </extensions>
      </trkpt>
      <trkpt lat="57.2536" lon="25.13685">
        <ele>47</ele>
        <extensions>
          <distance>68740</distance>
        </extensions>
      </trkpt>
      <trkpt lat="57.253460000000004" lon="25.136905">
        <ele>47</ele>
        <extensions>
          <distance>68756</distance>
        </extensions>
      </trkpt>
      <trkpt lat="57.25332" lon="25.13696">
        <ele>47</ele>
        <extensions>
          <distance>68772</distance>
        </extensions>
      </trkpt>
      <trkpt lat="57.25328" lon="25.13711">
        <ele>47</ele>
        <extensions>
          <distance>68782</distance>
        </extensions>
      </trkpt>
      <trkpt lat="57.25326" lon="25.13708">
        <ele>47</ele>
        <extensions>
          <distance>68785</distance>
        </extensions>
      </trkpt>
      <trkpt lat="57.25304" lon="25.13724">
        <ele>47</ele>
        <extensions>
          <distance>68811</distance>
        </extensions>
      </trkpt>
      <trkpt lat="57.25289" lon="25.137465">
        <ele>48</ele>
        <extensions>
          <distance>68833</distance>
        </extensions>
      </trkpt>
      <trkpt lat="57.25274" lon="25.13769">
        <ele>48</ele>
        <extensions>
          <distance>68855</distance>
        </extensions>
      </trkpt>
      <trkpt lat="57.25266" lon="25.13775">
        <ele>48</ele>
        <extensions>
          <distance>68864</distance>
        </extensions>
      </trkpt>
      <trkpt lat="57.252485" lon="25.137985">
        <ele>49</ele>
        <extensions>
          <distance>68888</distance>
        </extensions>
      </trkpt>
      <trkpt lat="57.25231" lon="25.13822">
        <ele>50</ele>
        <extensions>
          <distance>68912</distance>
        </extensions>
      </trkpt>
      <trkpt lat="57.2521" lon="25.13846">
        <ele>50</ele>
        <extensions>
          <distance>68940</distance>
        </extensions>
      </trkpt>
      <trkpt lat="57.25212" lon="25.1385">
        <ele>50</ele>
        <extensions>
          <distance>68943</distance>
        </extensions>
      </trkpt>
      <trkpt lat="57.25205" lon="25.13863">
        <ele>50</ele>
        <extensions>
          <distance>68954</distance>
        </extensions>
      </trkpt>
      <trkpt lat="57.25188" lon="25.13875">
        <ele>49</ele>
        <extensions>
          <distance>68975</distance>
        </extensions>
      </trkpt>
      <trkpt lat="57.25171" lon="25.13887">
        <ele>48</ele>
        <extensions>
          <distance>68995</distance>
        </extensions>
      </trkpt>
      <trkpt lat="57.251580000000004" lon="25.138995">
        <ele>48</ele>
        <extensions>
          <distance>69011</distance>
        </extensions>
      </trkpt>
      <trkpt lat="57.25145" lon="25.13912">
        <ele>48</ele>
        <extensions>
          <distance>69027</distance>
        </extensions>
      </trkpt>
      <trkpt lat="57.25133" lon="25.13919">
        <ele>48</ele>
        <extensions>
          <distance>69042</distance>
        </extensions>
      </trkpt>
      <trkpt lat="57.25128" lon="25.13914">
        <ele>48</ele>
        <extensions>
          <distance>69048</distance>
        </extensions>
      </trkpt>
      <trkpt lat="57.25111" lon="25.13934">
        <ele>48</ele>
        <extensions>
          <distance>69070</distance>
        </extensions>
      </trkpt>
      <trkpt lat="57.25095" lon="25.139435">
        <ele>48</ele>
        <extensions>
          <distance>69089</distance>
        </extensions>
      </trkpt>
      <trkpt lat="57.25079" lon="25.13953">
        <ele>48</ele>
        <extensions>
          <distance>69108</distance>
        </extensions>
      </trkpt>
      <trkpt lat="57.2506" lon="25.13972">
        <ele>48</ele>
        <extensions>
          <distance>69132</distance>
        </extensions>
      </trkpt>
      <trkpt lat="57.2504" lon="25.13981">
        <ele>48</ele>
        <extensions>
          <distance>69155</distance>
        </extensions>
      </trkpt>
      <trkpt lat="57.250285" lon="25.14007">
        <ele>48</ele>
        <extensions>
          <distance>69175</distance>
        </extensions>
      </trkpt>
      <trkpt lat="57.25017" lon="25.14033">
        <ele>48</ele>
        <extensions>
          <distance>69195</distance>
        </extensions>
      </trkpt>
      <trkpt lat="57.25012" lon="25.1406">
        <ele>48</ele>
        <extensions>
          <distance>69212</distance>
        </extensions>
      </trkpt>
      <trkpt lat="57.24997" lon="25.14082">
        <ele>48</ele>
        <extensions>
          <distance>69234</distance>
        </extensions>
      </trkpt>
      <trkpt lat="57.24987" lon="25.14116">
        <ele>49</ele>
        <extensions>
          <distance>69257</distance>
        </extensions>
      </trkpt>
      <trkpt lat="57.24976" lon="25.14125">
        <ele>49</ele>
        <extensions>
          <distance>69271</distance>
        </extensions>
      </trkpt>
      <trkpt lat="57.24974" lon="25.14136">
        <ele>49</ele>
        <extensions>
          <distance>69278</distance>
        </extensions>
      </trkpt>
      <trkpt lat="57.24959" lon="25.14148">
        <ele>49</ele>
        <extensions>
          <distance>69296</distance>
        </extensions>
      </trkpt>
      <trkpt lat="57.24948" lon="25.14163">
        <ele>49</ele>
        <extensions>
          <distance>69311</distance>
        </extensions>
      </trkpt>
      <trkpt lat="57.24937" lon="25.14178">
        <ele>49</ele>
        <extensions>
          <distance>69326</distance>
        </extensions>
      </trkpt>
      <trkpt lat="57.249255" lon="25.14204">
        <ele>49</ele>
        <extensions>
          <distance>69346</distance>
        </extensions>
      </trkpt>
      <trkpt lat="57.24914" lon="25.1423">
        <ele>49</ele>
        <extensions>
          <distance>69367</distance>
        </extensions>
      </trkpt>
      <trkpt lat="57.24905" lon="25.14232">
        <ele>49</ele>
        <extensions>
          <distance>69377</distance>
        </extensions>
      </trkpt>
      <trkpt lat="57.24899" lon="25.14239">
        <ele>49</ele>
        <extensions>
          <distance>69385</distance>
        </extensions>
      </trkpt>
      <trkpt lat="57.248909999999995" lon="25.142677499999998">
        <ele>49</ele>
        <extensions>
          <distance>69404</distance>
        </extensions>
      </trkpt>
      <trkpt lat="57.24883" lon="25.142965">
        <ele>49</ele>
        <extensions>
          <distance>69424</distance>
        </extensions>
      </trkpt>
      <trkpt lat="57.24875" lon="25.143252500000003">
        <ele>49</ele>
        <extensions>
          <distance>69443</distance>
        </extensions>
      </trkpt>
      <trkpt lat="57.24867" lon="25.14354">
        <ele>49</ele>
        <extensions>
          <distance>69463</distance>
        </extensions>
      </trkpt>
      <trkpt lat="57.24864" lon="25.14376">
        <ele>49</ele>
        <extensions>
          <distance>69476</distance>
        </extensions>
      </trkpt>
      <trkpt lat="57.24856" lon="25.14391">
        <ele>49</ele>
        <extensions>
          <distance>69489</distance>
        </extensions>
      </trkpt>
      <trkpt lat="57.248535000000004" lon="25.144165">
        <ele>49</ele>
        <extensions>
          <distance>69505</distance>
        </extensions>
      </trkpt>
      <trkpt lat="57.24851" lon="25.14442">
        <ele>49</ele>
        <extensions>
          <distance>69520</distance>
        </extensions>
      </trkpt>
      <trkpt lat="57.24835" lon="25.144775000000003">
        <ele>50</ele>
        <extensions>
          <distance>69548</distance>
        </extensions>
      </trkpt>
      <trkpt lat="57.24819" lon="25.14513">
        <ele>55</ele>
        <extensions>
          <distance>69577</distance>
        </extensions>
      </trkpt>
      <trkpt lat="57.24802" lon="25.14524">
        <ele>56</ele>
        <extensions>
          <distance>69597</distance>
        </extensions>
      </trkpt>
      <trkpt lat="57.24791" lon="25.14522">
        <ele>56</ele>
        <extensions>
          <distance>69609</distance>
        </extensions>
      </trkpt>
      <trkpt lat="57.24783" lon="25.14528">
        <ele>56</ele>
        <extensions>
          <distance>69619</distance>
        </extensions>
      </trkpt>
      <trkpt lat="57.24764" lon="25.14535">
        <ele>56</ele>
        <extensions>
          <distance>69640</distance>
        </extensions>
      </trkpt>
      <trkpt lat="57.24753" lon="25.145145">
        <ele>55</ele>
        <extensions>
          <distance>69658</distance>
        </extensions>
      </trkpt>
      <trkpt lat="57.24742" lon="25.14494">
        <ele>51</ele>
        <extensions>
          <distance>69676</distance>
        </extensions>
      </trkpt>
      <trkpt lat="57.247344999999996" lon="25.1446975">
        <ele>47</ele>
        <extensions>
          <distance>69693</distance>
        </extensions>
      </trkpt>
      <trkpt lat="57.24727" lon="25.144455">
        <ele>46</ele>
        <extensions>
          <distance>69710</distance>
        </extensions>
      </trkpt>
      <trkpt lat="57.247195000000005" lon="25.144212500000002">
        <ele>45</ele>
        <extensions>
          <distance>69727</distance>
        </extensions>
      </trkpt>
      <trkpt lat="57.24712" lon="25.14397">
        <ele>45</ele>
        <extensions>
          <distance>69743</distance>
        </extensions>
      </trkpt>
      <trkpt lat="57.24699" lon="25.143745">
        <ele>45</ele>
        <extensions>
          <distance>69763</distance>
        </extensions>
      </trkpt>
      <trkpt lat="57.24686" lon="25.14352">
        <ele>45</ele>
        <extensions>
          <distance>69783</distance>
        </extensions>
      </trkpt>
      <trkpt lat="57.24668" lon="25.143349999999998">
        <ele>45</ele>
        <extensions>
          <distance>69806</distance>
        </extensions>
      </trkpt>
      <trkpt lat="57.2465" lon="25.14318">
        <ele>45</ele>
        <extensions>
          <distance>69828</distance>
        </extensions>
      </trkpt>
      <trkpt lat="57.246359999999996" lon="25.14317">
        <ele>45</ele>
        <extensions>
          <distance>69844</distance>
        </extensions>
      </trkpt>
      <trkpt lat="57.246219999999994" lon="25.14316">
        <ele>45</ele>
        <extensions>
          <distance>69859</distance>
        </extensions>
      </trkpt>
      <trkpt lat="57.24607999999999" lon="25.14315">
        <ele>45</ele>
        <extensions>
          <distance>69875</distance>
        </extensions>
      </trkpt>
      <trkpt lat="57.24594" lon="25.14314">
        <ele>44</ele>
        <extensions>
          <distance>69891</distance>
        </extensions>
      </trkpt>
      <trkpt lat="57.2459" lon="25.14329">
        <ele>44</ele>
        <extensions>
          <distance>69901</distance>
        </extensions>
      </trkpt>
      <trkpt lat="57.24590499999999" lon="25.143615">
        <ele>44</ele>
        <extensions>
          <distance>69920</distance>
        </extensions>
      </trkpt>
      <trkpt lat="57.245909999999995" lon="25.14394">
        <ele>44</ele>
        <extensions>
          <distance>69940</distance>
        </extensions>
      </trkpt>
      <trkpt lat="57.245915" lon="25.144265">
        <ele>44</ele>
        <extensions>
          <distance>69960</distance>
        </extensions>
      </trkpt>
      <trkpt lat="57.24592" lon="25.14459">
        <ele>45</ele>
        <extensions>
          <distance>69979</distance>
        </extensions>
      </trkpt>
      <trkpt lat="57.2458925" lon="25.145030000000002">
        <ele>45</ele>
        <extensions>
          <distance>70006</distance>
        </extensions>
      </trkpt>
      <trkpt lat="57.245864999999995" lon="25.145470000000003">
        <ele>45</ele>
        <extensions>
          <distance>70033</distance>
        </extensions>
      </trkpt>
      <trkpt lat="57.24583749999999" lon="25.14591">
        <ele>46</ele>
        <extensions>
          <distance>70059</distance>
        </extensions>
      </trkpt>
      <trkpt lat="57.24581" lon="25.14635">
        <ele>48</ele>
        <extensions>
          <distance>70086</distance>
        </extensions>
      </trkpt>
      <trkpt lat="57.2458575" lon="25.146630000000002">
        <ele>49</ele>
        <extensions>
          <distance>70104</distance>
        </extensions>
      </trkpt>
      <trkpt lat="57.245905" lon="25.14691">
        <ele>52</ele>
        <extensions>
          <distance>70122</distance>
        </extensions>
      </trkpt>
      <trkpt lat="57.2459525" lon="25.14719">
        <ele>54</ele>
        <extensions>
          <distance>70140</distance>
        </extensions>
      </trkpt>
      <trkpt lat="57.246" lon="25.14747">
        <ele>55</ele>
        <extensions>
          <distance>70158</distance>
        </extensions>
      </trkpt>
      <trkpt lat="57.246" lon="25.1477325">
        <ele>55</ele>
        <extensions>
          <distance>70173</distance>
        </extensions>
      </trkpt>
      <trkpt lat="57.246" lon="25.147995">
        <ele>55</ele>
        <extensions>
          <distance>70189</distance>
        </extensions>
      </trkpt>
      <trkpt lat="57.246" lon="25.1482575">
        <ele>55</ele>
        <extensions>
          <distance>70205</distance>
        </extensions>
      </trkpt>
      <trkpt lat="57.246" lon="25.14852">
        <ele>55</ele>
        <extensions>
          <distance>70221</distance>
        </extensions>
      </trkpt>
      <trkpt lat="57.24607" lon="25.14869">
        <ele>56</ele>
        <extensions>
          <distance>70234</distance>
        </extensions>
      </trkpt>
      <trkpt lat="57.246230000000004" lon="25.148852499999997">
        <ele>59</ele>
        <extensions>
          <distance>70254</distance>
        </extensions>
      </trkpt>
      <trkpt lat="57.246390000000005" lon="25.149015">
        <ele>62</ele>
        <extensions>
          <distance>70275</distance>
        </extensions>
      </trkpt>
      <trkpt lat="57.24655" lon="25.1491775">
        <ele>64</ele>
        <extensions>
          <distance>70295</distance>
        </extensions>
      </trkpt>
      <trkpt lat="57.24671" lon="25.14934">
        <ele>67</ele>
        <extensions>
          <distance>70316</distance>
        </extensions>
      </trkpt>
      <trkpt lat="57.24686" lon="25.14947">
        <ele>70</ele>
        <extensions>
          <distance>70335</distance>
        </extensions>
      </trkpt>
      <trkpt lat="57.247005" lon="25.14956">
        <ele>72</ele>
        <extensions>
          <distance>70352</distance>
        </extensions>
      </trkpt>
      <trkpt lat="57.24715" lon="25.14965">
        <ele>73</ele>
        <extensions>
          <distance>70369</distance>
        </extensions>
      </trkpt>
      <trkpt lat="57.247294999999994" lon="25.14974">
        <ele>74</ele>
        <extensions>
          <distance>70386</distance>
        </extensions>
      </trkpt>
      <trkpt lat="57.24744" lon="25.14983">
        <ele>75</ele>
        <extensions>
          <distance>70403</distance>
        </extensions>
      </trkpt>
      <trkpt lat="57.24757" lon="25.15">
        <ele>76</ele>
        <extensions>
          <distance>70421</distance>
        </extensions>
      </trkpt>
      <trkpt lat="57.247655" lon="25.15024">
        <ele>79</ele>
        <extensions>
          <distance>70438</distance>
        </extensions>
      </trkpt>
      <trkpt lat="57.24774" lon="25.15048">
        <ele>80</ele>
        <extensions>
          <distance>70456</distance>
        </extensions>
      </trkpt>
      <trkpt lat="57.2477875" lon="25.150875">
        <ele>82</ele>
        <extensions>
          <distance>70480</distance>
        </extensions>
      </trkpt>
      <trkpt lat="57.247834999999995" lon="25.15127">
        <ele>82</ele>
        <extensions>
          <distance>70505</distance>
        </extensions>
      </trkpt>
      <trkpt lat="57.247882499999996" lon="25.151665">
        <ele>83</ele>
        <extensions>
          <distance>70529</distance>
        </extensions>
      </trkpt>
      <trkpt lat="57.24793" lon="25.15206">
        <ele>83</ele>
        <extensions>
          <distance>70553</distance>
        </extensions>
      </trkpt>
      <trkpt lat="57.247995" lon="25.15236">
        <ele>84</ele>
        <extensions>
          <distance>70573</distance>
        </extensions>
      </trkpt>
      <trkpt lat="57.24806" lon="25.15266">
        <ele>85</ele>
        <extensions>
          <distance>70593</distance>
        </extensions>
      </trkpt>
      <trkpt lat="57.24816" lon="25.15294">
        <ele>87</ele>
        <extensions>
          <distance>70613</distance>
        </extensions>
      </trkpt>
      <trkpt lat="57.24826" lon="25.15322">
        <ele>89</ele>
        <extensions>
          <distance>70633</distance>
        </extensions>
      </trkpt>
      <trkpt lat="57.2483725" lon="25.153392500000002">
        <ele>91</ele>
        <extensions>
          <distance>70650</distance>
        </extensions>
      </trkpt>
      <trkpt lat="57.248485" lon="25.153565">
        <ele>92</ele>
        <extensions>
          <distance>70666</distance>
        </extensions>
      </trkpt>
      <trkpt lat="57.2485975" lon="25.1537375">
        <ele>92</ele>
        <extensions>
          <distance>70682</distance>
        </extensions>
      </trkpt>
      <trkpt lat="57.24871" lon="25.15391">
        <ele>92</ele>
        <extensions>
          <distance>70699</distance>
        </extensions>
      </trkpt>
      <trkpt lat="57.248945000000006" lon="25.154135">
        <ele>92</ele>
        <extensions>
          <distance>70728</distance>
        </extensions>
      </trkpt>
      <trkpt lat="57.24918" lon="25.15436">
        <ele>92</ele>
        <extensions>
          <distance>70757</distance>
        </extensions>
      </trkpt>
      <trkpt lat="57.24942" lon="25.15447">
        <ele>94</ele>
        <extensions>
          <distance>70785</distance>
        </extensions>
      </trkpt>
      <trkpt lat="57.24959" lon="25.154512500000003">
        <ele>96</ele>
        <extensions>
          <distance>70804</distance>
        </extensions>
      </trkpt>
      <trkpt lat="57.24976" lon="25.154555000000002">
        <ele>98</ele>
        <extensions>
          <distance>70823</distance>
        </extensions>
      </trkpt>
      <trkpt lat="57.249930000000006" lon="25.1545975">
        <ele>98</ele>
        <extensions>
          <distance>70843</distance>
        </extensions>
      </trkpt>
      <trkpt lat="57.2501" lon="25.15464">
        <ele>98</ele>
        <extensions>
          <distance>70862</distance>
        </extensions>
      </trkpt>
      <trkpt lat="57.25025" lon="25.154780000000002">
        <ele>98</ele>
        <extensions>
          <distance>70880</distance>
        </extensions>
      </trkpt>
      <trkpt lat="57.2504" lon="25.15492">
        <ele>98</ele>
        <extensions>
          <distance>70899</distance>
        </extensions>
      </trkpt>
      <trkpt lat="57.25052625" lon="25.155079999999998">
        <ele>97</ele>
        <extensions>
          <distance>70916</distance>
        </extensions>
      </trkpt>
      <trkpt lat="57.2506525" lon="25.15524">
        <ele>97</ele>
        <extensions>
          <distance>70933</distance>
        </extensions>
      </trkpt>
      <trkpt lat="57.25077875" lon="25.1554">
        <ele>97</ele>
        <extensions>
          <distance>70950</distance>
        </extensions>
      </trkpt>
      <trkpt lat="57.250905" lon="25.15556">
        <ele>97</ele>
        <extensions>
          <distance>70967</distance>
        </extensions>
      </trkpt>
      <trkpt lat="57.251031250000004" lon="25.155720000000002">
        <ele>98</ele>
        <extensions>
          <distance>70984</distance>
        </extensions>
      </trkpt>
      <trkpt lat="57.251157500000005" lon="25.15588">
        <ele>98</ele>
        <extensions>
          <distance>71001</distance>
        </extensions>
      </trkpt>
      <trkpt lat="57.25128375" lon="25.156039999999997">
        <ele>98</ele>
        <extensions>
          <distance>71019</distance>
        </extensions>
      </trkpt>
      <trkpt lat="57.25141" lon="25.1562">
        <ele>98</ele>
        <extensions>
          <distance>71036</distance>
        </extensions>
      </trkpt>
      <trkpt lat="57.25157125" lon="25.156428749999996">
        <ele>98</ele>
        <extensions>
          <distance>71058</distance>
        </extensions>
      </trkpt>
      <trkpt lat="57.2517325" lon="25.156657499999998">
        <ele>96</ele>
        <extensions>
          <distance>71081</distance>
        </extensions>
      </trkpt>
      <trkpt lat="57.25189375" lon="25.15688625">
        <ele>94</ele>
        <extensions>
          <distance>71104</distance>
        </extensions>
      </trkpt>
      <trkpt lat="57.252055" lon="25.157114999999997">
        <ele>92</ele>
        <extensions>
          <distance>71126</distance>
        </extensions>
      </trkpt>
      <trkpt lat="57.25221625" lon="25.15734375">
        <ele>89</ele>
        <extensions>
          <distance>71149</distance>
        </extensions>
      </trkpt>
      <trkpt lat="57.252377499999994" lon="25.1575725">
        <ele>87</ele>
        <extensions>
          <distance>71172</distance>
        </extensions>
      </trkpt>
      <trkpt lat="57.25253875" lon="25.15780125">
        <ele>84</ele>
        <extensions>
          <distance>71195</distance>
        </extensions>
      </trkpt>
      <trkpt lat="57.2527" lon="25.15803">
        <ele>82</ele>
        <extensions>
          <distance>71218</distance>
        </extensions>
      </trkpt>
      <trkpt lat="57.25284" lon="25.158275">
        <ele>82</ele>
        <extensions>
          <distance>71239</distance>
        </extensions>
      </trkpt>
      <trkpt lat="57.25298" lon="25.15852">
        <ele>82</ele>
        <extensions>
          <distance>71261</distance>
        </extensions>
      </trkpt>
      <trkpt lat="57.253045" lon="25.158855">
        <ele>82</ele>
        <extensions>
          <distance>71282</distance>
        </extensions>
      </trkpt>
      <trkpt lat="57.25311" lon="25.15919">
        <ele>83</ele>
        <extensions>
          <distance>71304</distance>
        </extensions>
      </trkpt>
      <trkpt lat="57.25315" lon="25.15954">
        <ele>85</ele>
        <extensions>
          <distance>71325</distance>
        </extensions>
      </trkpt>
      <trkpt lat="57.25319" lon="25.15989">
        <ele>87</ele>
        <extensions>
          <distance>71347</distance>
        </extensions>
      </trkpt>
      <trkpt lat="57.253299999999996" lon="25.160215">
        <ele>90</ele>
        <extensions>
          <distance>71370</distance>
        </extensions>
      </trkpt>
      <trkpt lat="57.25341" lon="25.16054">
        <ele>91</ele>
        <extensions>
          <distance>71393</distance>
        </extensions>
      </trkpt>
      <trkpt lat="57.25354" lon="25.16082">
        <ele>92</ele>
        <extensions>
          <distance>71416</distance>
        </extensions>
      </trkpt>
      <trkpt lat="57.25367125" lon="25.161023750000002">
        <ele>93</ele>
        <extensions>
          <distance>71435</distance>
        </extensions>
      </trkpt>
      <trkpt lat="57.2538025" lon="25.161227500000003">
        <ele>93</ele>
        <extensions>
          <distance>71454</distance>
        </extensions>
      </trkpt>
      <trkpt lat="57.25393375" lon="25.16143125">
        <ele>93</ele>
        <extensions>
          <distance>71473</distance>
        </extensions>
      </trkpt>
      <trkpt lat="57.254065" lon="25.161635">
        <ele>93</ele>
        <extensions>
          <distance>71492</distance>
        </extensions>
      </trkpt>
      <trkpt lat="57.25419625" lon="25.16183875">
        <ele>92</ele>
        <extensions>
          <distance>71511</distance>
        </extensions>
      </trkpt>
      <trkpt lat="57.2543275" lon="25.1620425">
        <ele>90</ele>
        <extensions>
          <distance>71530</distance>
        </extensions>
      </trkpt>
      <trkpt lat="57.25445875" lon="25.16224625">
        <ele>89</ele>
        <extensions>
          <distance>71549</distance>
        </extensions>
      </trkpt>
      <trkpt lat="57.25459" lon="25.16245">
        <ele>88</ele>
        <extensions>
          <distance>71569</distance>
        </extensions>
      </trkpt>
      <trkpt lat="57.25472125" lon="25.16265375">
        <ele>88</ele>
        <extensions>
          <distance>71588</distance>
        </extensions>
      </trkpt>
      <trkpt lat="57.2548525" lon="25.1628575">
        <ele>87</ele>
        <extensions>
          <distance>71607</distance>
        </extensions>
      </trkpt>
      <trkpt lat="57.25498375" lon="25.16306125">
        <ele>87</ele>
        <extensions>
          <distance>71626</distance>
        </extensions>
      </trkpt>
      <trkpt lat="57.255115" lon="25.163265">
        <ele>87</ele>
        <extensions>
          <distance>71645</distance>
        </extensions>
      </trkpt>
      <trkpt lat="57.25524625" lon="25.16346875">
        <ele>87</ele>
        <extensions>
          <distance>71664</distance>
        </extensions>
      </trkpt>
      <trkpt lat="57.2553775" lon="25.163672499999997">
        <ele>87</ele>
        <extensions>
          <distance>71683</distance>
        </extensions>
      </trkpt>
      <trkpt lat="57.255508750000004" lon="25.163876249999998">
        <ele>89</ele>
        <extensions>
          <distance>71702</distance>
        </extensions>
      </trkpt>
      <trkpt lat="57.25564" lon="25.16408">
        <ele>89</ele>
        <extensions>
          <distance>71721</distance>
        </extensions>
      </trkpt>
      <trkpt lat="57.25582" lon="25.1644">
        <ele>89</ele>
        <extensions>
          <distance>71749</distance>
        </extensions>
      </trkpt>
      <trkpt lat="57.256" lon="25.16472">
        <ele>89</ele>
        <extensions>
          <distance>71777</distance>
        </extensions>
      </trkpt>
      <trkpt lat="57.256065" lon="25.1649575">
        <ele>89</ele>
        <extensions>
          <distance>71793</distance>
        </extensions>
      </trkpt>
      <trkpt lat="57.25613" lon="25.165194999999997">
        <ele>90</ele>
        <extensions>
          <distance>71809</distance>
        </extensions>
      </trkpt>
      <trkpt lat="57.256195" lon="25.165432499999998">
        <ele>91</ele>
        <extensions>
          <distance>71825</distance>
        </extensions>
      </trkpt>
      <trkpt lat="57.25626" lon="25.16567">
        <ele>92</ele>
        <extensions>
          <distance>71841</distance>
        </extensions>
      </trkpt>
      <trkpt lat="57.25628" lon="25.1659">
        <ele>93</ele>
        <extensions>
          <distance>71856</distance>
        </extensions>
      </trkpt>
      <trkpt lat="57.25613" lon="25.16627">
        <ele>93</ele>
        <extensions>
          <distance>71883</distance>
        </extensions>
      </trkpt>
      <trkpt lat="57.25613" lon="25.16642">
        <ele>93</ele>
        <extensions>
          <distance>71892</distance>
        </extensions>
      </trkpt>
      <trkpt lat="57.256335" lon="25.166739999999997">
        <ele>93</ele>
        <extensions>
          <distance>71922</distance>
        </extensions>
      </trkpt>
      <trkpt lat="57.25654" lon="25.16706">
        <ele>93</ele>
        <extensions>
          <distance>71952</distance>
        </extensions>
      </trkpt>
      <trkpt lat="57.25671" lon="25.1674">
        <ele>94</ele>
        <extensions>
          <distance>71980</distance>
        </extensions>
      </trkpt>
      <trkpt lat="57.256775" lon="25.167755">
        <ele>96</ele>
        <extensions>
          <distance>72003</distance>
        </extensions>
      </trkpt>
      <trkpt lat="57.25684" lon="25.16811">
        <ele>96</ele>
        <extensions>
          <distance>72026</distance>
        </extensions>
      </trkpt>
      <trkpt lat="57.256905" lon="25.168464999999998">
        <ele>96</ele>
        <extensions>
          <distance>72048</distance>
        </extensions>
      </trkpt>
      <trkpt lat="57.25697" lon="25.16882">
        <ele>96</ele>
        <extensions>
          <distance>72071</distance>
        </extensions>
      </trkpt>
      <trkpt lat="57.25697" lon="25.16909">
        <ele>95</ele>
        <extensions>
          <distance>72087</distance>
        </extensions>
      </trkpt>
      <trkpt lat="57.25697" lon="25.16936">
        <ele>93</ele>
        <extensions>
          <distance>72103</distance>
        </extensions>
      </trkpt>
      <trkpt lat="57.2569225" lon="25.169674999999998">
        <ele>90</ele>
        <extensions>
          <distance>72123</distance>
        </extensions>
      </trkpt>
      <trkpt lat="57.256875" lon="25.16999">
        <ele>89</ele>
        <extensions>
          <distance>72143</distance>
        </extensions>
      </trkpt>
      <trkpt lat="57.2568275" lon="25.170305">
        <ele>88</ele>
        <extensions>
          <distance>72163</distance>
        </extensions>
      </trkpt>
      <trkpt lat="57.25678" lon="25.17062">
        <ele>87</ele>
        <extensions>
          <distance>72183</distance>
        </extensions>
      </trkpt>
      <trkpt lat="57.25678" lon="25.170975">
        <ele>87</ele>
        <extensions>
          <distance>72204</distance>
        </extensions>
      </trkpt>
      <trkpt lat="57.25678" lon="25.17133">
        <ele>87</ele>
        <extensions>
          <distance>72226</distance>
        </extensions>
      </trkpt>
      <trkpt lat="57.25684" lon="25.17161">
        <ele>86</ele>
        <extensions>
          <distance>72244</distance>
        </extensions>
      </trkpt>
      <trkpt lat="57.256998749999994" lon="25.1719425">
        <ele>86</ele>
        <extensions>
          <distance>72270</distance>
        </extensions>
      </trkpt>
      <trkpt lat="57.2571575" lon="25.172275">
        <ele>86</ele>
        <extensions>
          <distance>72297</distance>
        </extensions>
      </trkpt>
      <trkpt lat="57.25731625" lon="25.172607499999998">
        <ele>84</ele>
        <extensions>
          <distance>72324</distance>
        </extensions>
      </trkpt>
      <trkpt lat="57.257475" lon="25.17294">
        <ele>84</ele>
        <extensions>
          <distance>72351</distance>
        </extensions>
      </trkpt>
      <trkpt lat="57.25763375" lon="25.173272500000003">
        <ele>82</ele>
        <extensions>
          <distance>72378</distance>
        </extensions>
      </trkpt>
      <trkpt lat="57.2577925" lon="25.173605000000002">
        <ele>81</ele>
        <extensions>
          <distance>72404</distance>
        </extensions>
      </trkpt>
      <trkpt lat="57.257951250000005" lon="25.1739375">
        <ele>81</ele>
        <extensions>
          <distance>72431</distance>
        </extensions>
      </trkpt>
      <trkpt lat="57.25811" lon="25.17427">
        <ele>79</ele>
        <extensions>
          <distance>72458</distance>
        </extensions>
      </trkpt>
      <trkpt lat="57.2582425" lon="25.17447">
        <ele>78</ele>
        <extensions>
          <distance>72477</distance>
        </extensions>
      </trkpt>
      <trkpt lat="57.258375" lon="25.17467">
        <ele>78</ele>
        <extensions>
          <distance>72496</distance>
        </extensions>
      </trkpt>
      <trkpt lat="57.2585075" lon="25.17487">
        <ele>77</ele>
        <extensions>
          <distance>72515</distance>
        </extensions>
      </trkpt>
      <trkpt lat="57.25864" lon="25.17507">
        <ele>77</ele>
        <extensions>
          <distance>72534</distance>
        </extensions>
      </trkpt>
      <trkpt lat="57.258790000000005" lon="25.175185">
        <ele>77</ele>
        <extensions>
          <distance>72552</distance>
        </extensions>
      </trkpt>
      <trkpt lat="57.25894" lon="25.1753">
        <ele>76</ele>
        <extensions>
          <distance>72570</distance>
        </extensions>
      </trkpt>
      <trkpt lat="57.25905" lon="25.175449999999998">
        <ele>76</ele>
        <extensions>
          <distance>72586</distance>
        </extensions>
      </trkpt>
      <trkpt lat="57.25916" lon="25.1756">
        <ele>76</ele>
        <extensions>
          <distance>72601</distance>
        </extensions>
      </trkpt>
      <trkpt lat="57.259299999999996" lon="25.175739999999998">
        <ele>75</ele>
        <extensions>
          <distance>72618</distance>
        </extensions>
      </trkpt>
      <trkpt lat="57.25944" lon="25.17588">
        <ele>74</ele>
        <extensions>
          <distance>72636</distance>
        </extensions>
      </trkpt>
      <trkpt lat="57.2595" lon="25.17605">
        <ele>74</ele>
        <extensions>
          <distance>72649</distance>
        </extensions>
      </trkpt>
      <trkpt lat="57.25959" lon="25.17614">
        <ele>74</ele>
        <extensions>
          <distance>72660</distance>
        </extensions>
      </trkpt>
      <trkpt lat="57.25965" lon="25.17635">
        <ele>74</ele>
        <extensions>
          <distance>72674</distance>
        </extensions>
      </trkpt>
      <trkpt lat="57.25982" lon="25.17661">
        <ele>74</ele>
        <extensions>
          <distance>72699</distance>
        </extensions>
      </trkpt>
      <trkpt lat="57.25986999999999" lon="25.177077500000003">
        <ele>74</ele>
        <extensions>
          <distance>72728</distance>
        </extensions>
      </trkpt>
      <trkpt lat="57.259919999999994" lon="25.177545000000002">
        <ele>74</ele>
        <extensions>
          <distance>72756</distance>
        </extensions>
      </trkpt>
      <trkpt lat="57.259969999999996" lon="25.1780125">
        <ele>73</ele>
        <extensions>
          <distance>72785</distance>
        </extensions>
      </trkpt>
      <trkpt lat="57.26002" lon="25.17848">
        <ele>73</ele>
        <extensions>
          <distance>72814</distance>
        </extensions>
      </trkpt>
      <trkpt lat="57.26015" lon="25.17884">
        <ele>73</ele>
        <extensions>
          <distance>72840</distance>
        </extensions>
      </trkpt>
      <trkpt lat="57.26032" lon="25.17914">
        <ele>72</ele>
        <extensions>
          <distance>72866</distance>
        </extensions>
      </trkpt>
      <trkpt lat="57.26049" lon="25.17944">
        <ele>71</ele>
        <extensions>
          <distance>72892</distance>
        </extensions>
      </trkpt>
      <trkpt lat="57.260585" lon="25.17972">
        <ele>71</ele>
        <extensions>
          <distance>72912</distance>
        </extensions>
      </trkpt>
      <trkpt lat="57.26068" lon="25.18">
        <ele>70</ele>
        <extensions>
          <distance>72932</distance>
        </extensions>
      </trkpt>
      <trkpt lat="57.260725" lon="25.1803">
        <ele>69</ele>
        <extensions>
          <distance>72951</distance>
        </extensions>
      </trkpt>
      <trkpt lat="57.26077" lon="25.1806">
        <ele>67</ele>
        <extensions>
          <distance>72970</distance>
        </extensions>
      </trkpt>
      <trkpt lat="57.26087" lon="25.18097">
        <ele>63</ele>
        <extensions>
          <distance>72995</distance>
        </extensions>
      </trkpt>
      <trkpt lat="57.26111" lon="25.18118">
        <ele>60</ele>
        <extensions>
          <distance>73025</distance>
        </extensions>
      </trkpt>
      <trkpt lat="57.261325" lon="25.181185">
        <ele>59</ele>
        <extensions>
          <distance>73049</distance>
        </extensions>
      </trkpt>
      <trkpt lat="57.26154" lon="25.18119">
        <ele>57</ele>
        <extensions>
          <distance>73073</distance>
        </extensions>
      </trkpt>
      <trkpt lat="57.261754999999994" lon="25.181195000000002">
        <ele>56</ele>
        <extensions>
          <distance>73097</distance>
        </extensions>
      </trkpt>
      <trkpt lat="57.26197" lon="25.1812">
        <ele>55</ele>
        <extensions>
          <distance>73121</distance>
        </extensions>
      </trkpt>
      <trkpt lat="57.26216" lon="25.18131">
        <ele>55</ele>
        <extensions>
          <distance>73143</distance>
        </extensions>
      </trkpt>
      <trkpt lat="57.26235" lon="25.18152">
        <ele>55</ele>
        <extensions>
          <distance>73168</distance>
        </extensions>
      </trkpt>
      <trkpt lat="57.26247" lon="25.18177">
        <ele>55</ele>
        <extensions>
          <distance>73188</distance>
        </extensions>
      </trkpt>
      <trkpt lat="57.26259" lon="25.18202">
        <ele>56</ele>
        <extensions>
          <distance>73208</distance>
        </extensions>
      </trkpt>
      <trkpt lat="57.262665" lon="25.182292500000003">
        <ele>57</ele>
        <extensions>
          <distance>73227</distance>
        </extensions>
      </trkpt>
      <trkpt lat="57.26274" lon="25.182565">
        <ele>57</ele>
        <extensions>
          <distance>73245</distance>
        </extensions>
      </trkpt>
      <trkpt lat="57.262815" lon="25.182837499999998">
        <ele>58</ele>
        <extensions>
          <distance>73263</distance>
        </extensions>
      </trkpt>
      <trkpt lat="57.26289" lon="25.18311">
        <ele>58</ele>
        <extensions>
          <distance>73282</distance>
        </extensions>
      </trkpt>
      <trkpt lat="57.263009999999994" lon="25.18336">
        <ele>58</ele>
        <extensions>
          <distance>73302</distance>
        </extensions>
      </trkpt>
      <trkpt lat="57.26313" lon="25.18361">
        <ele>58</ele>
        <extensions>
          <distance>73322</distance>
        </extensions>
      </trkpt>
      <trkpt lat="57.263279999999995" lon="25.18382">
        <ele>57</ele>
        <extensions>
          <distance>73343</distance>
        </extensions>
      </trkpt>
      <trkpt lat="57.26343" lon="25.18403">
        <ele>55</ele>
        <extensions>
          <distance>73364</distance>
        </extensions>
      </trkpt>
      <trkpt lat="57.263665" lon="25.184195000000003">
        <ele>54</ele>
        <extensions>
          <distance>73392</distance>
        </extensions>
      </trkpt>
      <trkpt lat="57.2639" lon="25.18436">
        <ele>54</ele>
        <extensions>
          <distance>73420</distance>
        </extensions>
      </trkpt>
      <trkpt lat="57.26411" lon="25.18461">
        <ele>54</ele>
        <extensions>
          <distance>73448</distance>
        </extensions>
      </trkpt>
      <trkpt lat="57.26419" lon="25.18486">
        <ele>54</ele>
        <extensions>
          <distance>73466</distance>
        </extensions>
      </trkpt>
      <trkpt lat="57.26427" lon="25.18511">
        <ele>55</ele>
        <extensions>
          <distance>73483</distance>
        </extensions>
      </trkpt>
      <trkpt lat="57.264337499999996" lon="25.1855">
        <ele>56</ele>
        <extensions>
          <distance>73508</distance>
        </extensions>
      </trkpt>
      <trkpt lat="57.264405" lon="25.18589">
        <ele>57</ele>
        <extensions>
          <distance>73533</distance>
        </extensions>
      </trkpt>
      <trkpt lat="57.2644725" lon="25.18628">
        <ele>57</ele>
        <extensions>
          <distance>73557</distance>
        </extensions>
      </trkpt>
      <trkpt lat="57.26454" lon="25.18667">
        <ele>58</ele>
        <extensions>
          <distance>73582</distance>
        </extensions>
      </trkpt>
      <trkpt lat="57.26463" lon="25.18685">
        <ele>58</ele>
        <extensions>
          <distance>73597</distance>
        </extensions>
      </trkpt>
      <trkpt lat="57.264855" lon="25.18701">
        <ele>59</ele>
        <extensions>
          <distance>73624</distance>
        </extensions>
      </trkpt>
      <trkpt lat="57.26508" lon="25.18717">
        <ele>61</ele>
        <extensions>
          <distance>73651</distance>
        </extensions>
      </trkpt>
      <trkpt lat="57.2651975" lon="25.187345">
        <ele>62</ele>
        <extensions>
          <distance>73667</distance>
        </extensions>
      </trkpt>
      <trkpt lat="57.265315" lon="25.18752">
        <ele>63</ele>
        <extensions>
          <distance>73684</distance>
        </extensions>
      </trkpt>
      <trkpt lat="57.2654325" lon="25.187694999999998">
        <ele>64</ele>
        <extensions>
          <distance>73701</distance>
        </extensions>
      </trkpt>
      <trkpt lat="57.26555" lon="25.18787">
        <ele>64</ele>
        <extensions>
          <distance>73718</distance>
        </extensions>
      </trkpt>
      <trkpt lat="57.26563625" lon="25.18811">
        <ele>65</ele>
        <extensions>
          <distance>73735</distance>
        </extensions>
      </trkpt>
      <trkpt lat="57.265722499999995" lon="25.18835">
        <ele>65</ele>
        <extensions>
          <distance>73753</distance>
        </extensions>
      </trkpt>
      <trkpt lat="57.26580875" lon="25.188589999999998">
        <ele>65</ele>
        <extensions>
          <distance>73770</distance>
        </extensions>
      </trkpt>
      <trkpt lat="57.265895" lon="25.18883">
        <ele>66</ele>
        <extensions>
          <distance>73787</distance>
        </extensions>
      </trkpt>
      <trkpt lat="57.26598125" lon="25.18907">
        <ele>68</ele>
        <extensions>
          <distance>73805</distance>
        </extensions>
      </trkpt>
      <trkpt lat="57.266067500000005" lon="25.18931">
        <ele>69</ele>
        <extensions>
          <distance>73822</distance>
        </extensions>
      </trkpt>
      <trkpt lat="57.26615375" lon="25.189549999999997">
        <ele>69</ele>
        <extensions>
          <distance>73840</distance>
        </extensions>
      </trkpt>
      <trkpt lat="57.26624" lon="25.18979">
        <ele>70</ele>
        <extensions>
          <distance>73857</distance>
        </extensions>
      </trkpt>
      <trkpt lat="57.26639" lon="25.19008">
        <ele>72</ele>
        <extensions>
          <distance>73881</distance>
        </extensions>
      </trkpt>
      <trkpt lat="57.266535000000005" lon="25.190172499999996">
        <ele>73</ele>
        <extensions>
          <distance>73898</distance>
        </extensions>
      </trkpt>
      <trkpt lat="57.26668" lon="25.190264999999997">
        <ele>74</ele>
        <extensions>
          <distance>73916</distance>
        </extensions>
      </trkpt>
      <trkpt lat="57.266825" lon="25.190357499999998">
        <ele>75</ele>
        <extensions>
          <distance>73933</distance>
        </extensions>
      </trkpt>
      <trkpt lat="57.26697" lon="25.19045">
        <ele>75</ele>
        <extensions>
          <distance>73950</distance>
        </extensions>
      </trkpt>
      <trkpt lat="57.26701" lon="25.19041">
        <ele>75</ele>
        <extensions>
          <distance>73955</distance>
        </extensions>
      </trkpt>
      <trkpt lat="57.267084999999994" lon="25.19011">
        <ele>76</ele>
        <extensions>
          <distance>73975</distance>
        </extensions>
      </trkpt>
      <trkpt lat="57.26716" lon="25.18981">
        <ele>78</ele>
        <extensions>
          <distance>73995</distance>
        </extensions>
      </trkpt>
      <trkpt lat="57.267129999999995" lon="25.189410000000002">
        <ele>78</ele>
        <extensions>
          <distance>74019</distance>
        </extensions>
      </trkpt>
      <trkpt lat="57.2671" lon="25.18901">
        <ele>79</ele>
        <extensions>
          <distance>74044</distance>
        </extensions>
      </trkpt>
      <trkpt lat="57.26714" lon="25.188755">
        <ele>79</ele>
        <extensions>
          <distance>74060</distance>
        </extensions>
      </trkpt>
      <trkpt lat="57.26718" lon="25.1885">
        <ele>79</ele>
        <extensions>
          <distance>74076</distance>
        </extensions>
      </trkpt>
      <trkpt lat="57.2674" lon="25.18848">
        <ele>79</ele>
        <extensions>
          <distance>74100</distance>
        </extensions>
      </trkpt>
      <trkpt lat="57.2675" lon="25.1882">
        <ele>79</ele>
        <extensions>
          <distance>74120</distance>
        </extensions>
      </trkpt>
      <trkpt lat="57.267655" lon="25.18791">
        <ele>78</ele>
        <extensions>
          <distance>74145</distance>
        </extensions>
      </trkpt>
      <trkpt lat="57.26781" lon="25.18762">
        <ele>78</ele>
        <extensions>
          <distance>74170</distance>
        </extensions>
      </trkpt>
      <trkpt lat="57.26797" lon="25.18761">
        <ele>78</ele>
        <extensions>
          <distance>74187</distance>
        </extensions>
      </trkpt>
      <trkpt lat="57.26813" lon="25.1876">
        <ele>78</ele>
        <extensions>
          <distance>74205</distance>
        </extensions>
      </trkpt>
      <trkpt lat="57.26828" lon="25.18764">
        <ele>77</ele>
        <extensions>
          <distance>74222</distance>
        </extensions>
      </trkpt>
      <trkpt lat="57.26853" lon="25.18753">
        <ele>73</ele>
        <extensions>
          <distance>74251</distance>
        </extensions>
      </trkpt>
      <trkpt lat="57.26871" lon="25.18738">
        <ele>70</ele>
        <extensions>
          <distance>74273</distance>
        </extensions>
      </trkpt>
      <trkpt lat="57.26881" lon="25.18721">
        <ele>68</ele>
        <extensions>
          <distance>74288</distance>
        </extensions>
      </trkpt>
      <trkpt lat="57.26888" lon="25.18717">
        <ele>67</ele>
        <extensions>
          <distance>74297</distance>
        </extensions>
      </trkpt>
      <trkpt lat="57.26905" lon="25.18719">
        <ele>65</ele>
        <extensions>
          <distance>74316</distance>
        </extensions>
      </trkpt>
      <trkpt lat="57.26916" lon="25.18702">
        <ele>63</ele>
        <extensions>
          <distance>74332</distance>
        </extensions>
      </trkpt>
      <trkpt lat="57.269265000000004" lon="25.18657">
        <ele>61</ele>
        <extensions>
          <distance>74361</distance>
        </extensions>
      </trkpt>
      <trkpt lat="57.26937" lon="25.18612">
        <ele>60</ele>
        <extensions>
          <distance>74391</distance>
        </extensions>
      </trkpt>
      <trkpt lat="57.26924" lon="25.18605">
        <ele>59</ele>
        <extensions>
          <distance>74406</distance>
        </extensions>
      </trkpt>
      <trkpt lat="57.26918" lon="25.18594">
        <ele>59</ele>
        <extensions>
          <distance>74416</distance>
        </extensions>
      </trkpt>
      <trkpt lat="57.26914" lon="25.18564">
        <ele>59</ele>
        <extensions>
          <distance>74434</distance>
        </extensions>
      </trkpt>
      <trkpt lat="57.2692" lon="25.18547">
        <ele>59</ele>
        <extensions>
          <distance>74446</distance>
        </extensions>
      </trkpt>
      <trkpt lat="57.26911" lon="25.18543">
        <ele>59</ele>
        <extensions>
          <distance>74457</distance>
        </extensions>
      </trkpt>
      <trkpt lat="57.268895" lon="25.18545">
        <ele>61</ele>
        <extensions>
          <distance>74481</distance>
        </extensions>
      </trkpt>
      <trkpt lat="57.26868" lon="25.18547">
        <ele>64</ele>
        <extensions>
          <distance>74505</distance>
        </extensions>
      </trkpt>
      <trkpt lat="57.26856" lon="25.18543">
        <ele>65</ele>
        <extensions>
          <distance>74519</distance>
        </extensions>
      </trkpt>
      <trkpt lat="57.26834" lon="25.18526">
        <ele>70</ele>
        <extensions>
          <distance>74546</distance>
        </extensions>
      </trkpt>
      <trkpt lat="57.26819" lon="25.18502">
        <ele>72</ele>
        <extensions>
          <distance>74568</distance>
        </extensions>
      </trkpt>
      <trkpt lat="57.26813" lon="25.18483">
        <ele>73</ele>
        <extensions>
          <distance>74581</distance>
        </extensions>
      </trkpt>
      <trkpt lat="57.26806" lon="25.18436">
        <ele>74</ele>
        <extensions>
          <distance>74610</distance>
        </extensions>
      </trkpt>
      <trkpt lat="57.26781" lon="25.18429">
        <ele>77</ele>
        <extensions>
          <distance>74639</distance>
        </extensions>
      </trkpt>
      <trkpt lat="57.26761" lon="25.18438">
        <ele>78</ele>
        <extensions>
          <distance>74662</distance>
        </extensions>
      </trkpt>
      <trkpt lat="57.26738" lon="25.18434">
        <ele>79</ele>
        <extensions>
          <distance>74688</distance>
        </extensions>
      </trkpt>
      <trkpt lat="57.26724" lon="25.18437">
        <ele>79</ele>
        <extensions>
          <distance>74703</distance>
        </extensions>
      </trkpt>
      <trkpt lat="57.2671" lon="25.1844">
        <ele>79</ele>
        <extensions>
          <distance>74719</distance>
        </extensions>
      </trkpt>
      <trkpt lat="57.26712" lon="25.18412">
        <ele>79</ele>
        <extensions>
          <distance>74736</distance>
        </extensions>
      </trkpt>
      <trkpt lat="57.267065" lon="25.183754999999998">
        <ele>79</ele>
        <extensions>
          <distance>74759</distance>
        </extensions>
      </trkpt>
      <trkpt lat="57.26701" lon="25.18339">
        <ele>79</ele>
        <extensions>
          <distance>74782</distance>
        </extensions>
      </trkpt>
      <trkpt lat="57.26703" lon="25.18326">
        <ele>79</ele>
        <extensions>
          <distance>74790</distance>
        </extensions>
      </trkpt>
      <trkpt lat="57.2671" lon="25.1832">
        <ele>78</ele>
        <extensions>
          <distance>74798</distance>
        </extensions>
      </trkpt>
      <trkpt lat="57.26718" lon="25.1832">
        <ele>78</ele>
        <extensions>
          <distance>74807</distance>
        </extensions>
      </trkpt>
      <trkpt lat="57.26733" lon="25.18298">
        <ele>78</ele>
        <extensions>
          <distance>74829</distance>
        </extensions>
      </trkpt>
      <trkpt lat="57.26746" lon="25.18257">
        <ele>78</ele>
        <extensions>
          <distance>74857</distance>
        </extensions>
      </trkpt>
      <trkpt lat="57.26761" lon="25.18232">
        <ele>78</ele>
        <extensions>
          <distance>74880</distance>
        </extensions>
      </trkpt>
      <trkpt lat="57.2677" lon="25.1823">
        <ele>77</ele>
        <extensions>
          <distance>74890</distance>
        </extensions>
      </trkpt>
      <trkpt lat="57.26778" lon="25.18236">
        <ele>77</ele>
        <extensions>
          <distance>74900</distance>
        </extensions>
      </trkpt>
      <trkpt lat="57.26798" lon="25.18234">
        <ele>76</ele>
        <extensions>
          <distance>74922</distance>
        </extensions>
      </trkpt>
      <trkpt lat="57.268150000000006" lon="25.18223">
        <ele>73</ele>
        <extensions>
          <distance>74942</distance>
        </extensions>
      </trkpt>
      <trkpt lat="57.26832" lon="25.18212">
        <ele>70</ele>
        <extensions>
          <distance>74962</distance>
        </extensions>
      </trkpt>
      <trkpt lat="57.26841" lon="25.18215">
        <ele>69</ele>
        <extensions>
          <distance>74973</distance>
        </extensions>
      </trkpt>
      <trkpt lat="57.26847" lon="25.18232">
        <ele>68</ele>
        <extensions>
          <distance>74985</distance>
        </extensions>
      </trkpt>
      <trkpt lat="57.2686" lon="25.1823">
        <ele>66</ele>
        <extensions>
          <distance>75000</distance>
        </extensions>
      </trkpt>
      <trkpt lat="57.26879" lon="25.18234">
        <ele>64</ele>
        <extensions>
          <distance>75021</distance>
        </extensions>
      </trkpt>
      <trkpt lat="57.26891500000001" lon="25.1824375">
        <ele>62</ele>
        <extensions>
          <distance>75036</distance>
        </extensions>
      </trkpt>
      <trkpt lat="57.269040000000004" lon="25.182535">
        <ele>60</ele>
        <extensions>
          <distance>75051</distance>
        </extensions>
      </trkpt>
      <trkpt lat="57.269165" lon="25.1826325">
        <ele>58</ele>
        <extensions>
          <distance>75067</distance>
        </extensions>
      </trkpt>
      <trkpt lat="57.26929" lon="25.18273">
        <ele>57</ele>
        <extensions>
          <distance>75082</distance>
        </extensions>
      </trkpt>
      <trkpt lat="57.26937" lon="25.18283">
        <ele>57</ele>
        <extensions>
          <distance>75093</distance>
        </extensions>
      </trkpt>
      <trkpt lat="57.269337500000006" lon="25.182499999999997">
        <ele>57</ele>
        <extensions>
          <distance>75113</distance>
        </extensions>
      </trkpt>
      <trkpt lat="57.269305" lon="25.18217">
        <ele>57</ele>
        <extensions>
          <distance>75133</distance>
        </extensions>
      </trkpt>
      <trkpt lat="57.2692725" lon="25.18184">
        <ele>57</ele>
        <extensions>
          <distance>75153</distance>
        </extensions>
      </trkpt>
      <trkpt lat="57.269239999999996" lon="25.18151">
        <ele>57</ele>
        <extensions>
          <distance>75174</distance>
        </extensions>
      </trkpt>
      <trkpt lat="57.26920749999999" lon="25.181179999999998">
        <ele>57</ele>
        <extensions>
          <distance>75194</distance>
        </extensions>
      </trkpt>
      <trkpt lat="57.269175" lon="25.18085">
        <ele>57</ele>
        <extensions>
          <distance>75214</distance>
        </extensions>
      </trkpt>
      <trkpt lat="57.2691425" lon="25.18052">
        <ele>57</ele>
        <extensions>
          <distance>75234</distance>
        </extensions>
      </trkpt>
      <trkpt lat="57.26911" lon="25.18019">
        <ele>57</ele>
        <extensions>
          <distance>75255</distance>
        </extensions>
      </trkpt>
      <trkpt lat="57.26914" lon="25.18015">
        <ele>56</ele>
        <extensions>
          <distance>75259</distance>
        </extensions>
      </trkpt>
      <trkpt lat="57.26918" lon="25.18015">
        <ele>56</ele>
        <extensions>
          <distance>75263</distance>
        </extensions>
      </trkpt>
      <trkpt lat="57.26933" lon="25.18054">
        <ele>56</ele>
        <extensions>
          <distance>75292</distance>
        </extensions>
      </trkpt>
      <trkpt lat="57.26939" lon="25.1807975">
        <ele>55</ele>
        <extensions>
          <distance>75309</distance>
        </extensions>
      </trkpt>
      <trkpt lat="57.26945" lon="25.181055">
        <ele>54</ele>
        <extensions>
          <distance>75326</distance>
        </extensions>
      </trkpt>
      <trkpt lat="57.26951" lon="25.1813125">
        <ele>53</ele>
        <extensions>
          <distance>75343</distance>
        </extensions>
      </trkpt>
      <trkpt lat="57.26957" lon="25.18157">
        <ele>53</ele>
        <extensions>
          <distance>75360</distance>
        </extensions>
      </trkpt>
      <trkpt lat="57.26959" lon="25.18206">
        <ele>53</ele>
        <extensions>
          <distance>75389</distance>
        </extensions>
      </trkpt>
      <trkpt lat="57.26963" lon="25.18223">
        <ele>53</ele>
        <extensions>
          <distance>75401</distance>
        </extensions>
      </trkpt>
      <trkpt lat="57.26984" lon="25.18253">
        <ele>51</ele>
        <extensions>
          <distance>75430</distance>
        </extensions>
      </trkpt>
      <trkpt lat="57.26995" lon="25.18283">
        <ele>51</ele>
        <extensions>
          <distance>75452</distance>
        </extensions>
      </trkpt>
      <trkpt lat="57.27006" lon="25.18313">
        <ele>50</ele>
        <extensions>
          <distance>75474</distance>
        </extensions>
      </trkpt>
      <trkpt lat="57.27017" lon="25.18315">
        <ele>49</ele>
        <extensions>
          <distance>75486</distance>
        </extensions>
      </trkpt>
      <trkpt lat="57.27021" lon="25.18305">
        <ele>49</ele>
        <extensions>
          <distance>75494</distance>
        </extensions>
      </trkpt>
      <trkpt lat="57.27027" lon="25.183">
        <ele>48</ele>
        <extensions>
          <distance>75501</distance>
        </extensions>
      </trkpt>
      <trkpt lat="57.2704" lon="25.18298">
        <ele>48</ele>
        <extensions>
          <distance>75516</distance>
        </extensions>
      </trkpt>
      <trkpt lat="57.27044" lon="25.18303">
        <ele>47</ele>
        <extensions>
          <distance>75521</distance>
        </extensions>
      </trkpt>
      <trkpt lat="57.27047" lon="25.18311">
        <ele>47</ele>
        <extensions>
          <distance>75527</distance>
        </extensions>
      </trkpt>
      <trkpt lat="57.270445" lon="25.183455000000002">
        <ele>47</ele>
        <extensions>
          <distance>75548</distance>
        </extensions>
      </trkpt>
      <trkpt lat="57.27042" lon="25.1838">
        <ele>47</ele>
        <extensions>
          <distance>75569</distance>
        </extensions>
      </trkpt>
      <trkpt lat="57.27057" lon="25.18421">
        <ele>46</ele>
        <extensions>
          <distance>75599</distance>
        </extensions>
      </trkpt>
      <trkpt lat="57.27066" lon="25.18423">
        <ele>45</ele>
        <extensions>
          <distance>75609</distance>
        </extensions>
      </trkpt>
      <trkpt lat="57.27083" lon="25.18406">
        <ele>44</ele>
        <extensions>
          <distance>75630</distance>
        </extensions>
      </trkpt>
      <trkpt lat="57.27094" lon="25.18403">
        <ele>43</ele>
        <extensions>
          <distance>75643</distance>
        </extensions>
      </trkpt>
      <trkpt lat="57.27113" lon="25.18403">
        <ele>43</ele>
        <extensions>
          <distance>75664</distance>
        </extensions>
      </trkpt>
      <trkpt lat="57.2713" lon="25.18418">
        <ele>43</ele>
        <extensions>
          <distance>75685</distance>
        </extensions>
      </trkpt>
      <trkpt lat="57.27143" lon="25.18412">
        <ele>43</ele>
        <extensions>
          <distance>75700</distance>
        </extensions>
      </trkpt>
      <trkpt lat="57.2716" lon="25.18414">
        <ele>45</ele>
        <extensions>
          <distance>75719</distance>
        </extensions>
      </trkpt>
      <trkpt lat="57.27171" lon="25.18412">
        <ele>45</ele>
        <extensions>
          <distance>75731</distance>
        </extensions>
      </trkpt>
      <trkpt lat="57.27186" lon="25.18395">
        <ele>45</ele>
        <extensions>
          <distance>75751</distance>
        </extensions>
      </trkpt>
      <trkpt lat="57.27201" lon="25.18401">
        <ele>45</ele>
        <extensions>
          <distance>75768</distance>
        </extensions>
      </trkpt>
      <trkpt lat="57.272180000000006" lon="25.184195000000003">
        <ele>44</ele>
        <extensions>
          <distance>75790</distance>
        </extensions>
      </trkpt>
      <trkpt lat="57.27235" lon="25.18438">
        <ele>42</ele>
        <extensions>
          <distance>75812</distance>
        </extensions>
      </trkpt>
      <trkpt lat="57.2725" lon="25.18425">
        <ele>39</ele>
        <extensions>
          <distance>75831</distance>
        </extensions>
      </trkpt>
      <trkpt lat="57.2727" lon="25.18421">
        <ele>37</ele>
        <extensions>
          <distance>75853</distance>
        </extensions>
      </trkpt>
      <trkpt lat="57.27278" lon="25.18423">
        <ele>37</ele>
        <extensions>
          <distance>75862</distance>
        </extensions>
      </trkpt>
      <trkpt lat="57.27291" lon="25.18446">
        <ele>37</ele>
        <extensions>
          <distance>75882</distance>
        </extensions>
      </trkpt>
      <trkpt lat="57.2729" lon="25.184710000000003">
        <ele>37</ele>
        <extensions>
          <distance>75897</distance>
        </extensions>
      </trkpt>
      <trkpt lat="57.27289" lon="25.18496">
        <ele>38</ele>
        <extensions>
          <distance>75912</distance>
        </extensions>
      </trkpt>
      <trkpt lat="57.27293" lon="25.18504">
        <ele>38</ele>
        <extensions>
          <distance>75919</distance>
        </extensions>
      </trkpt>
      <trkpt lat="57.27302" lon="25.18506">
        <ele>38</ele>
        <extensions>
          <distance>75929</distance>
        </extensions>
      </trkpt>
      <trkpt lat="57.27304" lon="25.18496">
        <ele>38</ele>
        <extensions>
          <distance>75936</distance>
        </extensions>
      </trkpt>
      <trkpt lat="57.27315" lon="25.18489">
        <ele>38</ele>
        <extensions>
          <distance>75948</distance>
        </extensions>
      </trkpt>
      <trkpt lat="57.27328" lon="25.18494">
        <ele>38</ele>
        <extensions>
          <distance>75963</distance>
        </extensions>
      </trkpt>
      <trkpt lat="57.27336" lon="25.18502">
        <ele>38</ele>
        <extensions>
          <distance>75973</distance>
        </extensions>
      </trkpt>
      <trkpt lat="57.27351" lon="25.18524">
        <ele>39</ele>
        <extensions>
          <distance>75995</distance>
        </extensions>
      </trkpt>
      <trkpt lat="57.27358" lon="25.18543">
        <ele>40</ele>
        <extensions>
          <distance>76009</distance>
        </extensions>
      </trkpt>
      <trkpt lat="57.27369" lon="25.18547">
        <ele>40</ele>
        <extensions>
          <distance>76021</distance>
        </extensions>
      </trkpt>
      <trkpt lat="57.273815" lon="25.185685">
        <ele>41</ele>
        <extensions>
          <distance>76040</distance>
        </extensions>
      </trkpt>
      <trkpt lat="57.27394" lon="25.1859">
        <ele>41</ele>
        <extensions>
          <distance>76059</distance>
        </extensions>
      </trkpt>
      <trkpt lat="57.27416" lon="25.18609">
        <ele>42</ele>
        <extensions>
          <distance>76086</distance>
        </extensions>
      </trkpt>
      <trkpt lat="57.27422" lon="25.18622">
        <ele>42</ele>
        <extensions>
          <distance>76097</distance>
        </extensions>
      </trkpt>
      <trkpt lat="57.27435" lon="25.18633">
        <ele>42</ele>
        <extensions>
          <distance>76112</distance>
        </extensions>
      </trkpt>
      <trkpt lat="57.274499999999996" lon="25.1865775">
        <ele>42</ele>
        <extensions>
          <distance>76135</distance>
        </extensions>
      </trkpt>
      <trkpt lat="57.274649999999994" lon="25.186825">
        <ele>42</ele>
        <extensions>
          <distance>76157</distance>
        </extensions>
      </trkpt>
      <trkpt lat="57.2748" lon="25.1870725">
        <ele>42</ele>
        <extensions>
          <distance>76180</distance>
        </extensions>
      </trkpt>
      <trkpt lat="57.27495" lon="25.18732">
        <ele>42</ele>
        <extensions>
          <distance>76202</distance>
        </extensions>
      </trkpt>
      <trkpt lat="57.27499" lon="25.18781">
        <ele>42</ele>
        <extensions>
          <distance>76232</distance>
        </extensions>
      </trkpt>
      <trkpt lat="57.27506" lon="25.18783">
        <ele>42</ele>
        <extensions>
          <distance>76240</distance>
        </extensions>
      </trkpt>
      <trkpt lat="57.27514" lon="25.18777">
        <ele>42</ele>
        <extensions>
          <distance>76249</distance>
        </extensions>
      </trkpt>
      <trkpt lat="57.27529" lon="25.18781">
        <ele>42</ele>
        <extensions>
          <distance>76266</distance>
        </extensions>
      </trkpt>
      <trkpt lat="57.27547" lon="25.18796">
        <ele>41</ele>
        <extensions>
          <distance>76288</distance>
        </extensions>
      </trkpt>
      <trkpt lat="57.275594999999996" lon="25.188195">
        <ele>41</ele>
        <extensions>
          <distance>76308</distance>
        </extensions>
      </trkpt>
      <trkpt lat="57.27572" lon="25.18843">
        <ele>41</ele>
        <extensions>
          <distance>76328</distance>
        </extensions>
      </trkpt>
      <trkpt lat="57.27566" lon="25.18856">
        <ele>41</ele>
        <extensions>
          <distance>76338</distance>
        </extensions>
      </trkpt>
      <trkpt lat="57.27553" lon="25.18858">
        <ele>41</ele>
        <extensions>
          <distance>76353</distance>
        </extensions>
      </trkpt>
      <trkpt lat="57.27549" lon="25.18884">
        <ele>41</ele>
        <extensions>
          <distance>76369</distance>
        </extensions>
      </trkpt>
      <trkpt lat="57.27544" lon="25.18886">
        <ele>42</ele>
        <extensions>
          <distance>76375</distance>
        </extensions>
      </trkpt>
      <trkpt lat="57.2754" lon="25.18921">
        <ele>43</ele>
        <extensions>
          <distance>76397</distance>
        </extensions>
      </trkpt>
      <trkpt lat="57.27531" lon="25.18933">
        <ele>45</ele>
        <extensions>
          <distance>76409</distance>
        </extensions>
      </trkpt>
      <trkpt lat="57.27531" lon="25.18979">
        <ele>46</ele>
        <extensions>
          <distance>76437</distance>
        </extensions>
      </trkpt>
      <trkpt lat="57.275465" lon="25.1901">
        <ele>46</ele>
        <extensions>
          <distance>76462</distance>
        </extensions>
      </trkpt>
      <trkpt lat="57.27562" lon="25.19041">
        <ele>46</ele>
        <extensions>
          <distance>76488</distance>
        </extensions>
      </trkpt>
      <trkpt lat="57.27564" lon="25.19069">
        <ele>46</ele>
        <extensions>
          <distance>76505</distance>
        </extensions>
      </trkpt>
      <trkpt lat="57.27572" lon="25.19096">
        <ele>45</ele>
        <extensions>
          <distance>76523</distance>
        </extensions>
      </trkpt>
      <trkpt lat="57.27566" lon="25.19144">
        <ele>44</ele>
        <extensions>
          <distance>76553</distance>
        </extensions>
      </trkpt>
      <trkpt lat="57.275755000000004" lon="25.191685">
        <ele>39</ele>
        <extensions>
          <distance>76572</distance>
        </extensions>
      </trkpt>
      <trkpt lat="57.27585" lon="25.19193">
        <ele>35</ele>
        <extensions>
          <distance>76591</distance>
        </extensions>
      </trkpt>
      <trkpt lat="57.27598" lon="25.19217">
        <ele>34</ele>
        <extensions>
          <distance>76611</distance>
        </extensions>
      </trkpt>
      <trkpt lat="57.27611" lon="25.19208">
        <ele>34</ele>
        <extensions>
          <distance>76626</distance>
        </extensions>
      </trkpt>
      <trkpt lat="57.27626" lon="25.191760000000002">
        <ele>34</ele>
        <extensions>
          <distance>76652</distance>
        </extensions>
      </trkpt>
      <trkpt lat="57.27641" lon="25.19144">
        <ele>34</ele>
        <extensions>
          <distance>76678</distance>
        </extensions>
      </trkpt>
      <trkpt lat="57.2765" lon="25.19137">
        <ele>34</ele>
        <extensions>
          <distance>76688</distance>
        </extensions>
      </trkpt>
      <trkpt lat="57.27656" lon="25.19144">
        <ele>34</ele>
        <extensions>
          <distance>76696</distance>
        </extensions>
      </trkpt>
      <trkpt lat="57.27658" lon="25.19155">
        <ele>35</ele>
        <extensions>
          <distance>76703</distance>
        </extensions>
      </trkpt>
      <trkpt lat="57.27658" lon="25.19189">
        <ele>35</ele>
        <extensions>
          <distance>76724</distance>
        </extensions>
      </trkpt>
      <trkpt lat="57.27658" lon="25.19223">
        <ele>35</ele>
        <extensions>
          <distance>76744</distance>
        </extensions>
      </trkpt>
      <trkpt lat="57.27650250000001" lon="25.192691249999996">
        <ele>35</ele>
        <extensions>
          <distance>76773</distance>
        </extensions>
      </trkpt>
      <trkpt lat="57.276425" lon="25.193152499999997">
        <ele>35</ele>
        <extensions>
          <distance>76803</distance>
        </extensions>
      </trkpt>
      <trkpt lat="57.2763475" lon="25.193613749999997">
        <ele>35</ele>
        <extensions>
          <distance>76832</distance>
        </extensions>
      </trkpt>
      <trkpt lat="57.27627" lon="25.194074999999998">
        <ele>35</ele>
        <extensions>
          <distance>76861</distance>
        </extensions>
      </trkpt>
      <trkpt lat="57.27619249999999" lon="25.19453625">
        <ele>35</ele>
        <extensions>
          <distance>76890</distance>
        </extensions>
      </trkpt>
      <trkpt lat="57.276115" lon="25.1949975">
        <ele>35</ele>
        <extensions>
          <distance>76919</distance>
        </extensions>
      </trkpt>
      <trkpt lat="57.2760375" lon="25.19545875">
        <ele>35</ele>
        <extensions>
          <distance>76948</distance>
        </extensions>
      </trkpt>
      <trkpt lat="57.27596" lon="25.19592">
        <ele>35</ele>
        <extensions>
          <distance>76977</distance>
        </extensions>
      </trkpt>
      <trkpt lat="57.2758525" lon="25.1963325">
        <ele>35</ele>
        <extensions>
          <distance>77005</distance>
        </extensions>
      </trkpt>
      <trkpt lat="57.275745" lon="25.196745">
        <ele>35</ele>
        <extensions>
          <distance>77033</distance>
        </extensions>
      </trkpt>
      <trkpt lat="57.2756375" lon="25.1971575">
        <ele>34</ele>
        <extensions>
          <distance>77060</distance>
        </extensions>
      </trkpt>
      <trkpt lat="57.27553" lon="25.19757">
        <ele>34</ele>
        <extensions>
          <distance>77088</distance>
        </extensions>
      </trkpt>
      <trkpt lat="57.275485" lon="25.198034999999997">
        <ele>34</ele>
        <extensions>
          <distance>77116</distance>
        </extensions>
      </trkpt>
      <trkpt lat="57.27544" lon="25.1985">
        <ele>35</ele>
        <extensions>
          <distance>77145</distance>
        </extensions>
      </trkpt>
      <trkpt lat="57.27551" lon="25.1988">
        <ele>35</ele>
        <extensions>
          <distance>77165</distance>
        </extensions>
      </trkpt>
      <trkpt lat="57.2756375" lon="25.1989175">
        <ele>35</ele>
        <extensions>
          <distance>77180</distance>
        </extensions>
      </trkpt>
      <trkpt lat="57.275765" lon="25.199035">
        <ele>36</ele>
        <extensions>
          <distance>77196</distance>
        </extensions>
      </trkpt>
      <trkpt lat="57.2758925" lon="25.199152499999997">
        <ele>37</ele>
        <extensions>
          <distance>77212</distance>
        </extensions>
      </trkpt>
      <trkpt lat="57.27602" lon="25.19927">
        <ele>39</ele>
        <extensions>
          <distance>77228</distance>
        </extensions>
      </trkpt>
      <trkpt lat="57.27626" lon="25.199365">
        <ele>44</ele>
        <extensions>
          <distance>77256</distance>
        </extensions>
      </trkpt>
      <trkpt lat="57.2765" lon="25.19946">
        <ele>45</ele>
        <extensions>
          <distance>77283</distance>
        </extensions>
      </trkpt>
      <trkpt lat="57.27652" lon="25.1991925">
        <ele>45</ele>
        <extensions>
          <distance>77300</distance>
        </extensions>
      </trkpt>
      <trkpt lat="57.27654" lon="25.198925">
        <ele>45</ele>
        <extensions>
          <distance>77316</distance>
        </extensions>
      </trkpt>
      <trkpt lat="57.27656" lon="25.1986575">
        <ele>46</ele>
        <extensions>
          <distance>77332</distance>
        </extensions>
      </trkpt>
      <trkpt lat="57.27658" lon="25.19839">
        <ele>46</ele>
        <extensions>
          <distance>77348</distance>
        </extensions>
      </trkpt>
      <trkpt lat="57.27665" lon="25.19803">
        <ele>46</ele>
        <extensions>
          <distance>77372</distance>
        </extensions>
      </trkpt>
      <trkpt lat="57.276785" lon="25.197815">
        <ele>46</ele>
        <extensions>
          <distance>77391</distance>
        </extensions>
      </trkpt>
      <trkpt lat="57.27692" lon="25.1976">
        <ele>48</ele>
        <extensions>
          <distance>77411</distance>
        </extensions>
      </trkpt>
      <trkpt lat="57.27697499999999" lon="25.1972175">
        <ele>48</ele>
        <extensions>
          <distance>77435</distance>
        </extensions>
      </trkpt>
      <trkpt lat="57.277029999999996" lon="25.196835">
        <ele>48</ele>
        <extensions>
          <distance>77459</distance>
        </extensions>
      </trkpt>
      <trkpt lat="57.277085" lon="25.1964525">
        <ele>48</ele>
        <extensions>
          <distance>77483</distance>
        </extensions>
      </trkpt>
      <trkpt lat="57.27714" lon="25.19607">
        <ele>48</ele>
        <extensions>
          <distance>77507</distance>
        </extensions>
      </trkpt>
      <trkpt lat="57.277235000000005" lon="25.19579">
        <ele>48</ele>
        <extensions>
          <distance>77527</distance>
        </extensions>
      </trkpt>
      <trkpt lat="57.27733" lon="25.19551">
        <ele>49</ele>
        <extensions>
          <distance>77547</distance>
        </extensions>
      </trkpt>
      <trkpt lat="57.27753" lon="25.195265">
        <ele>51</ele>
        <extensions>
          <distance>77573</distance>
        </extensions>
      </trkpt>
      <trkpt lat="57.27773" lon="25.19502">
        <ele>51</ele>
        <extensions>
          <distance>77600</distance>
        </extensions>
      </trkpt>
      <trkpt lat="57.27793" lon="25.194775">
        <ele>51</ele>
        <extensions>
          <distance>77627</distance>
        </extensions>
      </trkpt>
      <trkpt lat="57.27813" lon="25.19453">
        <ele>51</ele>
        <extensions>
          <distance>77654</distance>
        </extensions>
      </trkpt>
      <trkpt lat="57.27831" lon="25.194185">
        <ele>49</ele>
        <extensions>
          <distance>77683</distance>
        </extensions>
      </trkpt>
      <trkpt lat="57.27849" lon="25.19384">
        <ele>45</ele>
        <extensions>
          <distance>77712</distance>
        </extensions>
      </trkpt>
      <trkpt lat="57.27853" lon="25.19391">
        <ele>45</ele>
        <extensions>
          <distance>77718</distance>
        </extensions>
      </trkpt>
      <trkpt lat="57.27858" lon="25.19386">
        <ele>44</ele>
        <extensions>
          <distance>77724</distance>
        </extensions>
      </trkpt>
      <trkpt lat="57.27868" lon="25.19393">
        <ele>43</ele>
        <extensions>
          <distance>77736</distance>
        </extensions>
      </trkpt>
      <trkpt lat="57.27883" lon="25.19393">
        <ele>40</ele>
        <extensions>
          <distance>77753</distance>
        </extensions>
      </trkpt>
      <trkpt lat="57.27903" lon="25.19421">
        <ele>37</ele>
        <extensions>
          <distance>77781</distance>
        </extensions>
      </trkpt>
      <trkpt lat="57.27911" lon="25.19405">
        <ele>34</ele>
        <extensions>
          <distance>77795</distance>
        </extensions>
      </trkpt>
      <trkpt lat="57.27933" lon="25.19403">
        <ele>32</ele>
        <extensions>
          <distance>77819</distance>
        </extensions>
      </trkpt>
      <trkpt lat="57.27939" lon="25.19412">
        <ele>32</ele>
        <extensions>
          <distance>77828</distance>
        </extensions>
      </trkpt>
      <trkpt lat="57.279425" lon="25.194365">
        <ele>31</ele>
        <extensions>
          <distance>77843</distance>
        </extensions>
      </trkpt>
      <trkpt lat="57.27946" lon="25.19461">
        <ele>31</ele>
        <extensions>
          <distance>77859</distance>
        </extensions>
      </trkpt>
      <trkpt lat="57.2795" lon="25.19472">
        <ele>31</ele>
        <extensions>
          <distance>77867</distance>
        </extensions>
      </trkpt>
      <trkpt lat="57.27961" lon="25.19466">
        <ele>31</ele>
        <extensions>
          <distance>77879</distance>
        </extensions>
      </trkpt>
      <trkpt lat="57.27976" lon="25.1947">
        <ele>31</ele>
        <extensions>
          <distance>77896</distance>
        </extensions>
      </trkpt>
      <trkpt lat="57.2799" lon="25.194805000000002">
        <ele>31</ele>
        <extensions>
          <distance>77913</distance>
        </extensions>
      </trkpt>
      <trkpt lat="57.28004" lon="25.19491">
        <ele>30</ele>
        <extensions>
          <distance>77930</distance>
        </extensions>
      </trkpt>
      <trkpt lat="57.28014" lon="25.19489">
        <ele>30</ele>
        <extensions>
          <distance>77941</distance>
        </extensions>
      </trkpt>
      <trkpt lat="57.28032" lon="25.19464">
        <ele>30</ele>
        <extensions>
          <distance>77966</distance>
        </extensions>
      </trkpt>
      <trkpt lat="57.28038" lon="25.19461">
        <ele>30</ele>
        <extensions>
          <distance>77973</distance>
        </extensions>
      </trkpt>
      <trkpt lat="57.28044" lon="25.19468">
        <ele>30</ele>
        <extensions>
          <distance>77981</distance>
        </extensions>
      </trkpt>
      <trkpt lat="57.28066" lon="25.19455">
        <ele>30</ele>
        <extensions>
          <distance>78007</distance>
        </extensions>
      </trkpt>
      <trkpt lat="57.28079" lon="25.19453">
        <ele>32</ele>
        <extensions>
          <distance>78021</distance>
        </extensions>
      </trkpt>
      <trkpt lat="57.28099" lon="25.19442">
        <ele>33</ele>
        <extensions>
          <distance>78045</distance>
        </extensions>
      </trkpt>
      <trkpt lat="57.28119" lon="25.19431">
        <ele>34</ele>
        <extensions>
          <distance>78068</distance>
        </extensions>
      </trkpt>
      <trkpt lat="57.28133" lon="25.194215">
        <ele>35</ele>
        <extensions>
          <distance>78084</distance>
        </extensions>
      </trkpt>
      <trkpt lat="57.28147" lon="25.19412">
        <ele>35</ele>
        <extensions>
          <distance>78101</distance>
        </extensions>
      </trkpt>
      <trkpt lat="57.28162" lon="25.19391">
        <ele>35</ele>
        <extensions>
          <distance>78122</distance>
        </extensions>
      </trkpt>
      <trkpt lat="57.28182" lon="25.19373">
        <ele>35</ele>
        <extensions>
          <distance>78147</distance>
        </extensions>
      </trkpt>
      <trkpt lat="57.28197" lon="25.193669999999997">
        <ele>35</ele>
        <extensions>
          <distance>78164</distance>
        </extensions>
      </trkpt>
      <trkpt lat="57.28212" lon="25.19361">
        <ele>35</ele>
        <extensions>
          <distance>78181</distance>
        </extensions>
      </trkpt>
      <trkpt lat="57.28232" lon="25.19349">
        <ele>35</ele>
        <extensions>
          <distance>78204</distance>
        </extensions>
      </trkpt>
      <trkpt lat="57.28252" lon="25.19337">
        <ele>35</ele>
        <extensions>
          <distance>78228</distance>
        </extensions>
      </trkpt>
      <trkpt lat="57.28268249999999" lon="25.193327500000002">
        <ele>35</ele>
        <extensions>
          <distance>78246</distance>
        </extensions>
      </trkpt>
      <trkpt lat="57.282844999999995" lon="25.193285000000003">
        <ele>35</ele>
        <extensions>
          <distance>78264</distance>
        </extensions>
      </trkpt>
      <trkpt lat="57.2830075" lon="25.193242500000004">
        <ele>35</ele>
        <extensions>
          <distance>78283</distance>
        </extensions>
      </trkpt>
      <trkpt lat="57.28317" lon="25.1932">
        <ele>35</ele>
        <extensions>
          <distance>78301</distance>
        </extensions>
      </trkpt>
      <trkpt lat="57.283362499999996" lon="25.1931675">
        <ele>35</ele>
        <extensions>
          <distance>78322</distance>
        </extensions>
      </trkpt>
      <trkpt lat="57.283555" lon="25.193134999999998">
        <ele>35</ele>
        <extensions>
          <distance>78344</distance>
        </extensions>
      </trkpt>
      <trkpt lat="57.283747500000004" lon="25.1931025">
        <ele>35</ele>
        <extensions>
          <distance>78365</distance>
        </extensions>
      </trkpt>
      <trkpt lat="57.28394" lon="25.19307">
        <ele>35</ele>
        <extensions>
          <distance>78387</distance>
        </extensions>
      </trkpt>
      <trkpt lat="57.28416" lon="25.19309">
        <ele>34</ele>
        <extensions>
          <distance>78412</distance>
        </extensions>
      </trkpt>
      <trkpt lat="57.28426" lon="25.19307">
        <ele>34</ele>
        <extensions>
          <distance>78423</distance>
        </extensions>
      </trkpt>
      <trkpt lat="57.28446" lon="25.19313">
        <ele>34</ele>
        <extensions>
          <distance>78445</distance>
        </extensions>
      </trkpt>
      <trkpt lat="57.28452" lon="25.19335">
        <ele>34</ele>
        <extensions>
          <distance>78460</distance>
        </extensions>
      </trkpt>
      <trkpt lat="57.28463" lon="25.1935">
        <ele>34</ele>
        <extensions>
          <distance>78475</distance>
        </extensions>
      </trkpt>
      <trkpt lat="57.28463" lon="25.19363">
        <ele>34</ele>
        <extensions>
          <distance>78483</distance>
        </extensions>
      </trkpt>
      <trkpt lat="57.28471" lon="25.19373">
        <ele>34</ele>
        <extensions>
          <distance>78494</distance>
        </extensions>
      </trkpt>
      <trkpt lat="57.284679999999994" lon="25.19398">
        <ele>35</ele>
        <extensions>
          <distance>78509</distance>
        </extensions>
      </trkpt>
      <trkpt lat="57.28465" lon="25.19423">
        <ele>35</ele>
        <extensions>
          <distance>78525</distance>
        </extensions>
      </trkpt>
      <trkpt lat="57.2846775" lon="25.1944825">
        <ele>35</ele>
        <extensions>
          <distance>78540</distance>
        </extensions>
      </trkpt>
      <trkpt lat="57.284705" lon="25.194735">
        <ele>35</ele>
        <extensions>
          <distance>78556</distance>
        </extensions>
      </trkpt>
      <trkpt lat="57.284732500000004" lon="25.1949875">
        <ele>35</ele>
        <extensions>
          <distance>78571</distance>
        </extensions>
      </trkpt>
      <trkpt lat="57.28476" lon="25.19524">
        <ele>34</ele>
        <extensions>
          <distance>78587</distance>
        </extensions>
      </trkpt>
      <trkpt lat="57.28467" lon="25.195525">
        <ele>34</ele>
        <extensions>
          <distance>78607</distance>
        </extensions>
      </trkpt>
      <trkpt lat="57.28458" lon="25.19581">
        <ele>34</ele>
        <extensions>
          <distance>78627</distance>
        </extensions>
      </trkpt>
      <trkpt lat="57.28456" lon="25.19629">
        <ele>34</ele>
        <extensions>
          <distance>78656</distance>
        </extensions>
      </trkpt>
      <trkpt lat="57.28451" lon="25.196525">
        <ele>34</ele>
        <extensions>
          <distance>78671</distance>
        </extensions>
      </trkpt>
      <trkpt lat="57.28446" lon="25.19676">
        <ele>35</ele>
        <extensions>
          <distance>78686</distance>
        </extensions>
      </trkpt>
      <trkpt lat="57.28435" lon="25.196930000000002">
        <ele>36</ele>
        <extensions>
          <distance>78702</distance>
        </extensions>
      </trkpt>
      <trkpt lat="57.28424" lon="25.1971">
        <ele>38</ele>
        <extensions>
          <distance>78718</distance>
        </extensions>
      </trkpt>
      <trkpt lat="57.28422" lon="25.197485">
        <ele>39</ele>
        <extensions>
          <distance>78742</distance>
        </extensions>
      </trkpt>
      <trkpt lat="57.2842" lon="25.19787">
        <ele>39</ele>
        <extensions>
          <distance>78765</distance>
        </extensions>
      </trkpt>
      <trkpt lat="57.28422" lon="25.19822">
        <ele>39</ele>
        <extensions>
          <distance>78786</distance>
        </extensions>
      </trkpt>
      <trkpt lat="57.284295" lon="25.198585">
        <ele>39</ele>
        <extensions>
          <distance>78810</distance>
        </extensions>
      </trkpt>
      <trkpt lat="57.28437" lon="25.19895">
        <ele>39</ele>
        <extensions>
          <distance>78833</distance>
        </extensions>
      </trkpt>
      <trkpt lat="57.28428" lon="25.19929">
        <ele>39</ele>
        <extensions>
          <distance>78856</distance>
        </extensions>
      </trkpt>
      <trkpt lat="57.28426" lon="25.19959">
        <ele>38</ele>
        <extensions>
          <distance>78874</distance>
        </extensions>
      </trkpt>
      <trkpt lat="57.28441" lon="25.19987">
        <ele>38</ele>
        <extensions>
          <distance>78898</distance>
        </extensions>
      </trkpt>
      <trkpt lat="57.28444" lon="25.20004">
        <ele>38</ele>
        <extensions>
          <distance>78909</distance>
        </extensions>
      </trkpt>
      <trkpt lat="57.284385" lon="25.200485">
        <ele>37</ele>
        <extensions>
          <distance>78937</distance>
        </extensions>
      </trkpt>
      <trkpt lat="57.28433" lon="25.20093">
        <ele>37</ele>
        <extensions>
          <distance>78964</distance>
        </extensions>
      </trkpt>
      <trkpt lat="57.284257499999995" lon="25.20128">
        <ele>36</ele>
        <extensions>
          <distance>78987</distance>
        </extensions>
      </trkpt>
      <trkpt lat="57.284184999999994" lon="25.20163">
        <ele>35</ele>
        <extensions>
          <distance>79009</distance>
        </extensions>
      </trkpt>
      <trkpt lat="57.28411249999999" lon="25.20198">
        <ele>35</ele>
        <extensions>
          <distance>79032</distance>
        </extensions>
      </trkpt>
      <trkpt lat="57.28404" lon="25.20233">
        <ele>35</ele>
        <extensions>
          <distance>79054</distance>
        </extensions>
      </trkpt>
      <trkpt lat="57.2839" lon="25.20269">
        <ele>35</ele>
        <extensions>
          <distance>79081</distance>
        </extensions>
      </trkpt>
      <trkpt lat="57.283875" lon="25.202955000000003">
        <ele>35</ele>
        <extensions>
          <distance>79097</distance>
        </extensions>
      </trkpt>
      <trkpt lat="57.28385" lon="25.20322">
        <ele>35</ele>
        <extensions>
          <distance>79114</distance>
        </extensions>
      </trkpt>
      <trkpt lat="57.283730000000006" lon="25.20351">
        <ele>36</ele>
        <extensions>
          <distance>79136</distance>
        </extensions>
      </trkpt>
      <trkpt lat="57.28361" lon="25.2038">
        <ele>36</ele>
        <extensions>
          <distance>79158</distance>
        </extensions>
      </trkpt>
      <trkpt lat="57.28357" lon="25.2042">
        <ele>36</ele>
        <extensions>
          <distance>79182</distance>
        </extensions>
      </trkpt>
      <trkpt lat="57.28347" lon="25.20456">
        <ele>37</ele>
        <extensions>
          <distance>79207</distance>
        </extensions>
      </trkpt>
      <trkpt lat="57.28346" lon="25.20475">
        <ele>37</ele>
        <extensions>
          <distance>79218</distance>
        </extensions>
      </trkpt>
      <trkpt lat="57.2835075" lon="25.205172500000003">
        <ele>38</ele>
        <extensions>
          <distance>79244</distance>
        </extensions>
      </trkpt>
      <trkpt lat="57.283555" lon="25.205595000000002">
        <ele>40</ele>
        <extensions>
          <distance>79270</distance>
        </extensions>
      </trkpt>
      <trkpt lat="57.2836025" lon="25.2060175">
        <ele>43</ele>
        <extensions>
          <distance>79296</distance>
        </extensions>
      </trkpt>
      <trkpt lat="57.28365" lon="25.20644">
        <ele>46</ele>
        <extensions>
          <distance>79323</distance>
        </extensions>
      </trkpt>
      <trkpt lat="57.28363" lon="25.206695">
        <ele>48</ele>
        <extensions>
          <distance>79338</distance>
        </extensions>
      </trkpt>
      <trkpt lat="57.283609999999996" lon="25.20695">
        <ele>49</ele>
        <extensions>
          <distance>79354</distance>
        </extensions>
      </trkpt>
      <trkpt lat="57.28359" lon="25.207205000000002">
        <ele>51</ele>
        <extensions>
          <distance>79370</distance>
        </extensions>
      </trkpt>
      <trkpt lat="57.28357" lon="25.20746">
        <ele>52</ele>
        <extensions>
          <distance>79385</distance>
        </extensions>
      </trkpt>
      <trkpt lat="57.283735" lon="25.20775">
        <ele>52</ele>
        <extensions>
          <distance>79410</distance>
        </extensions>
      </trkpt>
      <trkpt lat="57.2839" lon="25.20804">
        <ele>52</ele>
        <extensions>
          <distance>79436</distance>
        </extensions>
      </trkpt>
      <trkpt lat="57.28401" lon="25.20834">
        <ele>53</ele>
        <extensions>
          <distance>79458</distance>
        </extensions>
      </trkpt>
      <trkpt lat="57.28401" lon="25.20869">
        <ele>53</ele>
        <extensions>
          <distance>79479</distance>
        </extensions>
      </trkpt>
      <trkpt lat="57.28408" lon="25.20915">
        <ele>55</ele>
        <extensions>
          <distance>79508</distance>
        </extensions>
      </trkpt>
      <trkpt lat="57.28415" lon="25.20923">
        <ele>55</ele>
        <extensions>
          <distance>79517</distance>
        </extensions>
      </trkpt>
      <trkpt lat="57.28429" lon="25.20927">
        <ele>55</ele>
        <extensions>
          <distance>79533</distance>
        </extensions>
      </trkpt>
      <trkpt lat="57.284459999999996" lon="25.209615">
        <ele>57</ele>
        <extensions>
          <distance>79561</distance>
        </extensions>
      </trkpt>
      <trkpt lat="57.28463" lon="25.20996">
        <ele>58</ele>
        <extensions>
          <distance>79589</distance>
        </extensions>
      </trkpt>
      <trkpt lat="57.28472" lon="25.21003">
        <ele>59</ele>
        <extensions>
          <distance>79600</distance>
        </extensions>
      </trkpt>
      <trkpt lat="57.284915" lon="25.210085">
        <ele>62</ele>
        <extensions>
          <distance>79622</distance>
        </extensions>
      </trkpt>
      <trkpt lat="57.28511" lon="25.21014">
        <ele>63</ele>
        <extensions>
          <distance>79644</distance>
        </extensions>
      </trkpt>
      <trkpt lat="57.28534" lon="25.21027">
        <ele>64</ele>
        <extensions>
          <distance>79671</distance>
        </extensions>
      </trkpt>
      <trkpt lat="57.28545" lon="25.21039">
        <ele>65</ele>
        <extensions>
          <distance>79685</distance>
        </extensions>
      </trkpt>
      <trkpt lat="57.28549" lon="25.21081">
        <ele>67</ele>
        <extensions>
          <distance>79711</distance>
        </extensions>
      </trkpt>
      <trkpt lat="57.28557" lon="25.21111">
        <ele>68</ele>
        <extensions>
          <distance>79731</distance>
        </extensions>
      </trkpt>
      <trkpt lat="57.28557" lon="25.21145">
        <ele>68</ele>
        <extensions>
          <distance>79752</distance>
        </extensions>
      </trkpt>
      <trkpt lat="57.285675" lon="25.211615000000002">
        <ele>68</ele>
        <extensions>
          <distance>79767</distance>
        </extensions>
      </trkpt>
      <trkpt lat="57.28578" lon="25.21178">
        <ele>68</ele>
        <extensions>
          <distance>79782</distance>
        </extensions>
      </trkpt>
      <trkpt lat="57.28591" lon="25.21212">
        <ele>68</ele>
        <extensions>
          <distance>79807</distance>
        </extensions>
      </trkpt>
      <trkpt lat="57.286035" lon="25.21197">
        <ele>67</ele>
        <extensions>
          <distance>79824</distance>
        </extensions>
      </trkpt>
      <trkpt lat="57.28616" lon="25.21182">
        <ele>66</ele>
        <extensions>
          <distance>79841</distance>
        </extensions>
      </trkpt>
      <trkpt lat="57.286294999999996" lon="25.2117525">
        <ele>65</ele>
        <extensions>
          <distance>79856</distance>
        </extensions>
      </trkpt>
      <trkpt lat="57.286429999999996" lon="25.211685">
        <ele>65</ele>
        <extensions>
          <distance>79872</distance>
        </extensions>
      </trkpt>
      <trkpt lat="57.286564999999996" lon="25.2116175">
        <ele>65</ele>
        <extensions>
          <distance>79887</distance>
        </extensions>
      </trkpt>
      <trkpt lat="57.286699999999996" lon="25.21155">
        <ele>65</ele>
        <extensions>
          <distance>79903</distance>
        </extensions>
      </trkpt>
      <trkpt lat="57.286834999999996" lon="25.2114825">
        <ele>65</ele>
        <extensions>
          <distance>79919</distance>
        </extensions>
      </trkpt>
      <trkpt lat="57.28697" lon="25.211415">
        <ele>65</ele>
        <extensions>
          <distance>79934</distance>
        </extensions>
      </trkpt>
      <trkpt lat="57.287105" lon="25.2113475">
        <ele>65</ele>
        <extensions>
          <distance>79950</distance>
        </extensions>
      </trkpt>
      <trkpt lat="57.28724" lon="25.21128">
        <ele>65</ele>
        <extensions>
          <distance>79965</distance>
        </extensions>
      </trkpt>
      <trkpt lat="57.287385" lon="25.211244999999998">
        <ele>65</ele>
        <extensions>
          <distance>79982</distance>
        </extensions>
      </trkpt>
      <trkpt lat="57.28753" lon="25.21121">
        <ele>64</ele>
        <extensions>
          <distance>79998</distance>
        </extensions>
      </trkpt>
      <trkpt lat="57.28771" lon="25.21121">
        <ele>62</ele>
        <extensions>
          <distance>80018</distance>
        </extensions>
      </trkpt>
      <trkpt lat="57.2878425" lon="25.211280000000002">
        <ele>62</ele>
        <extensions>
          <distance>80033</distance>
        </extensions>
      </trkpt>
      <trkpt lat="57.287975" lon="25.211350000000003">
        <ele>61</ele>
        <extensions>
          <distance>80049</distance>
        </extensions>
      </trkpt>
      <trkpt lat="57.2881075" lon="25.211420000000004">
        <ele>60</ele>
        <extensions>
          <distance>80064</distance>
        </extensions>
      </trkpt>
      <trkpt lat="57.28824" lon="25.21149">
        <ele>59</ele>
        <extensions>
          <distance>80079</distance>
        </extensions>
      </trkpt>
      <trkpt lat="57.28845" lon="25.2117">
        <ele>59</ele>
        <extensions>
          <distance>80106</distance>
        </extensions>
      </trkpt>
      <trkpt lat="57.28857" lon="25.211869999999998">
        <ele>59</ele>
        <extensions>
          <distance>80123</distance>
        </extensions>
      </trkpt>
      <trkpt lat="57.28869" lon="25.21204">
        <ele>59</ele>
        <extensions>
          <distance>80140</distance>
        </extensions>
      </trkpt>
      <trkpt lat="57.288804999999996" lon="25.21229">
        <ele>60</ele>
        <extensions>
          <distance>80160</distance>
        </extensions>
      </trkpt>
      <trkpt lat="57.28892" lon="25.21254">
        <ele>61</ele>
        <extensions>
          <distance>80179</distance>
        </extensions>
      </trkpt>
      <trkpt lat="57.2890575" lon="25.2126425">
        <ele>61</ele>
        <extensions>
          <distance>80196</distance>
        </extensions>
      </trkpt>
      <trkpt lat="57.289195" lon="25.212744999999998">
        <ele>61</ele>
        <extensions>
          <distance>80212</distance>
        </extensions>
      </trkpt>
      <trkpt lat="57.2893325" lon="25.2128475">
        <ele>61</ele>
        <extensions>
          <distance>80229</distance>
        </extensions>
      </trkpt>
      <trkpt lat="57.28947" lon="25.21295">
        <ele>61</ele>
        <extensions>
          <distance>80245</distance>
        </extensions>
      </trkpt>
      <trkpt lat="57.289665" lon="25.213034999999998">
        <ele>60</ele>
        <extensions>
          <distance>80268</distance>
        </extensions>
      </trkpt>
      <trkpt lat="57.28986" lon="25.21312">
        <ele>59</ele>
        <extensions>
          <distance>80290</distance>
        </extensions>
      </trkpt>
      <trkpt lat="57.29004" lon="25.2131">
        <ele>57</ele>
        <extensions>
          <distance>80310</distance>
        </extensions>
      </trkpt>
      <trkpt lat="57.290274999999994" lon="25.212975">
        <ele>57</ele>
        <extensions>
          <distance>80337</distance>
        </extensions>
      </trkpt>
      <trkpt lat="57.29051" lon="25.21285">
        <ele>57</ele>
        <extensions>
          <distance>80365</distance>
        </extensions>
      </trkpt>
      <trkpt lat="57.29062" lon="25.21287">
        <ele>57</ele>
        <extensions>
          <distance>80377</distance>
        </extensions>
      </trkpt>
      <trkpt lat="57.29066" lon="25.21298">
        <ele>58</ele>
        <extensions>
          <distance>80385</distance>
        </extensions>
      </trkpt>
      <trkpt lat="57.29057" lon="25.21337">
        <ele>59</ele>
        <extensions>
          <distance>80411</distance>
        </extensions>
      </trkpt>
      <trkpt lat="57.290485000000004" lon="25.213605">
        <ele>61</ele>
        <extensions>
          <distance>80428</distance>
        </extensions>
      </trkpt>
      <trkpt lat="57.2904" lon="25.21384">
        <ele>62</ele>
        <extensions>
          <distance>80445</distance>
        </extensions>
      </trkpt>
      <trkpt lat="57.29039" lon="25.21419">
        <ele>66</ele>
        <extensions>
          <distance>80466</distance>
        </extensions>
      </trkpt>
      <trkpt lat="57.29049" lon="25.21438">
        <ele>69</ele>
        <extensions>
          <distance>80483</distance>
        </extensions>
      </trkpt>
      <trkpt lat="57.29046" lon="25.21472">
        <ele>72</ele>
        <extensions>
          <distance>80504</distance>
        </extensions>
      </trkpt>
      <trkpt lat="57.290495" lon="25.215">
        <ele>76</ele>
        <extensions>
          <distance>80521</distance>
        </extensions>
      </trkpt>
      <trkpt lat="57.29053" lon="25.21528">
        <ele>79</ele>
        <extensions>
          <distance>80539</distance>
        </extensions>
      </trkpt>
      <trkpt lat="57.290495" lon="25.21558">
        <ele>82</ele>
        <extensions>
          <distance>80558</distance>
        </extensions>
      </trkpt>
      <trkpt lat="57.29046" lon="25.21588">
        <ele>84</ele>
        <extensions>
          <distance>80576</distance>
        </extensions>
      </trkpt>
      <trkpt lat="57.290615" lon="25.215944999999998">
        <ele>86</ele>
        <extensions>
          <distance>80594</distance>
        </extensions>
      </trkpt>
      <trkpt lat="57.29077" lon="25.21601">
        <ele>89</ele>
        <extensions>
          <distance>80612</distance>
        </extensions>
      </trkpt>
      <trkpt lat="57.29089" lon="25.21594">
        <ele>89</ele>
        <extensions>
          <distance>80626</distance>
        </extensions>
      </trkpt>
      <trkpt lat="57.29091" lon="25.21603">
        <ele>89</ele>
        <extensions>
          <distance>80632</distance>
        </extensions>
      </trkpt>
      <trkpt lat="57.29115" lon="25.21618">
        <ele>90</ele>
        <extensions>
          <distance>80660</distance>
        </extensions>
      </trkpt>
      <trkpt lat="57.29115" lon="25.21666">
        <ele>95</ele>
        <extensions>
          <distance>80690</distance>
        </extensions>
      </trkpt>
      <trkpt lat="57.29115" lon="25.21714">
        <ele>95</ele>
        <extensions>
          <distance>80718</distance>
        </extensions>
      </trkpt>
      <trkpt lat="57.2913" lon="25.21701">
        <ele>95</ele>
        <extensions>
          <distance>80737</distance>
        </extensions>
      </trkpt>
      <trkpt lat="57.29141" lon="25.21699">
        <ele>95</ele>
        <extensions>
          <distance>80749</distance>
        </extensions>
      </trkpt>
      <trkpt lat="57.29162" lon="25.21682">
        <ele>90</ele>
        <extensions>
          <distance>80775</distance>
        </extensions>
      </trkpt>
      <trkpt lat="57.29175" lon="25.21678">
        <ele>86</ele>
        <extensions>
          <distance>80790</distance>
        </extensions>
      </trkpt>
      <trkpt lat="57.2919" lon="25.21663">
        <ele>79</ele>
        <extensions>
          <distance>80810</distance>
        </extensions>
      </trkpt>
      <trkpt lat="57.2921" lon="25.21661">
        <ele>72</ele>
        <extensions>
          <distance>80834</distance>
        </extensions>
      </trkpt>
      <trkpt lat="57.29214" lon="25.21654">
        <ele>70</ele>
        <extensions>
          <distance>80840</distance>
        </extensions>
      </trkpt>
      <trkpt lat="57.29233" lon="25.21654">
        <ele>65</ele>
        <extensions>
          <distance>80862</distance>
        </extensions>
      </trkpt>
      <trkpt lat="57.29237" lon="25.21644">
        <ele>63</ele>
        <extensions>
          <distance>80870</distance>
        </extensions>
      </trkpt>
      <trkpt lat="57.2925" lon="25.21648">
        <ele>60</ele>
        <extensions>
          <distance>80885</distance>
        </extensions>
      </trkpt>
      <trkpt lat="57.292694999999995" lon="25.21635">
        <ele>56</ele>
        <extensions>
          <distance>80908</distance>
        </extensions>
      </trkpt>
      <trkpt lat="57.29289" lon="25.21622">
        <ele>56</ele>
        <extensions>
          <distance>80931</distance>
        </extensions>
      </trkpt>
      <trkpt lat="57.29297" lon="25.21622">
        <ele>56</ele>
        <extensions>
          <distance>80940</distance>
        </extensions>
      </trkpt>
      <trkpt lat="57.29313" lon="25.21633">
        <ele>56</ele>
        <extensions>
          <distance>80959</distance>
        </extensions>
      </trkpt>
      <trkpt lat="57.29328" lon="25.21661">
        <ele>59</ele>
        <extensions>
          <distance>80983</distance>
        </extensions>
      </trkpt>
      <trkpt lat="57.29338" lon="25.21667">
        <ele>61</ele>
        <extensions>
          <distance>80995</distance>
        </extensions>
      </trkpt>
      <trkpt lat="57.29338" lon="25.21689">
        <ele>64</ele>
        <extensions>
          <distance>81008</distance>
        </extensions>
      </trkpt>
      <trkpt lat="57.29347" lon="25.21714">
        <ele>70</ele>
        <extensions>
          <distance>81027</distance>
        </extensions>
      </trkpt>
      <trkpt lat="57.293525" lon="25.217579999999998">
        <ele>78</ele>
        <extensions>
          <distance>81056</distance>
        </extensions>
      </trkpt>
      <trkpt lat="57.29358" lon="25.21802">
        <ele>84</ele>
        <extensions>
          <distance>81084</distance>
        </extensions>
      </trkpt>
      <trkpt lat="57.293515" lon="25.21827">
        <ele>85</ele>
        <extensions>
          <distance>81101</distance>
        </extensions>
      </trkpt>
      <trkpt lat="57.29345" lon="25.21852">
        <ele>88</ele>
        <extensions>
          <distance>81117</distance>
        </extensions>
      </trkpt>
      <trkpt lat="57.29349" lon="25.21865">
        <ele>90</ele>
        <extensions>
          <distance>81127</distance>
        </extensions>
      </trkpt>
      <trkpt lat="57.29362" lon="25.2188">
        <ele>95</ele>
        <extensions>
          <distance>81145</distance>
        </extensions>
      </trkpt>
      <trkpt lat="57.29371" lon="25.21908">
        <ele>99</ele>
        <extensions>
          <distance>81165</distance>
        </extensions>
      </trkpt>
      <trkpt lat="57.29355" lon="25.21948">
        <ele>103</ele>
        <extensions>
          <distance>81195</distance>
        </extensions>
      </trkpt>
      <trkpt lat="57.29358" lon="25.21963">
        <ele>105</ele>
        <extensions>
          <distance>81205</distance>
        </extensions>
      </trkpt>
      <trkpt lat="57.293684999999996" lon="25.21979">
        <ele>105</ele>
        <extensions>
          <distance>81220</distance>
        </extensions>
      </trkpt>
      <trkpt lat="57.29379" lon="25.21995">
        <ele>105</ele>
        <extensions>
          <distance>81235</distance>
        </extensions>
      </trkpt>
      <trkpt lat="57.29392" lon="25.21978">
        <ele>105</ele>
        <extensions>
          <distance>81253</distance>
        </extensions>
      </trkpt>
      <trkpt lat="57.29394" lon="25.21944">
        <ele>104</ele>
        <extensions>
          <distance>81273</distance>
        </extensions>
      </trkpt>
      <trkpt lat="57.2939875" lon="25.2191975">
        <ele>101</ele>
        <extensions>
          <distance>81289</distance>
        </extensions>
      </trkpt>
      <trkpt lat="57.294035" lon="25.218955">
        <ele>98</ele>
        <extensions>
          <distance>81305</distance>
        </extensions>
      </trkpt>
      <trkpt lat="57.2940825" lon="25.218712500000002">
        <ele>96</ele>
        <extensions>
          <distance>81321</distance>
        </extensions>
      </trkpt>
      <trkpt lat="57.29413" lon="25.21847">
        <ele>94</ele>
        <extensions>
          <distance>81336</distance>
        </extensions>
      </trkpt>
      <trkpt lat="57.294185" lon="25.218">
        <ele>88</ele>
        <extensions>
          <distance>81366</distance>
        </extensions>
      </trkpt>
      <trkpt lat="57.29424" lon="25.21753">
        <ele>83</ele>
        <extensions>
          <distance>81395</distance>
        </extensions>
      </trkpt>
      <trkpt lat="57.29428625" lon="25.21722125">
        <ele>80</ele>
        <extensions>
          <distance>81415</distance>
        </extensions>
      </trkpt>
      <trkpt lat="57.2943325" lon="25.2169125">
        <ele>77</ele>
        <extensions>
          <distance>81434</distance>
        </extensions>
      </trkpt>
      <trkpt lat="57.29437875000001" lon="25.21660375">
        <ele>73</ele>
        <extensions>
          <distance>81454</distance>
        </extensions>
      </trkpt>
      <trkpt lat="57.294425000000004" lon="25.216295000000002">
        <ele>69</ele>
        <extensions>
          <distance>81474</distance>
        </extensions>
      </trkpt>
      <trkpt lat="57.29447125" lon="25.21598625">
        <ele>64</ele>
        <extensions>
          <distance>81494</distance>
        </extensions>
      </trkpt>
      <trkpt lat="57.2945175" lon="25.2156775">
        <ele>60</ele>
        <extensions>
          <distance>81514</distance>
        </extensions>
      </trkpt>
      <trkpt lat="57.294563749999995" lon="25.215368750000003">
        <ele>58</ele>
        <extensions>
          <distance>81533</distance>
        </extensions>
      </trkpt>
      <trkpt lat="57.29461" lon="25.21506">
        <ele>56</ele>
        <extensions>
          <distance>81552</distance>
        </extensions>
      </trkpt>
      <trkpt lat="57.294695000000004" lon="25.214685000000003">
        <ele>53</ele>
        <extensions>
          <distance>81577</distance>
        </extensions>
      </trkpt>
      <trkpt lat="57.29478" lon="25.21431">
        <ele>49</ele>
        <extensions>
          <distance>81602</distance>
        </extensions>
      </trkpt>
      <trkpt lat="57.29486" lon="25.21412">
        <ele>45</ele>
        <extensions>
          <distance>81617</distance>
        </extensions>
      </trkpt>
      <trkpt lat="57.29503" lon="25.21404">
        <ele>42</ele>
        <extensions>
          <distance>81637</distance>
        </extensions>
      </trkpt>
      <trkpt lat="57.2952" lon="25.21406">
        <ele>42</ele>
        <extensions>
          <distance>81656</distance>
        </extensions>
      </trkpt>
      <trkpt lat="57.2953" lon="25.21414">
        <ele>42</ele>
        <extensions>
          <distance>81668</distance>
        </extensions>
      </trkpt>
      <trkpt lat="57.29536" lon="25.21459">
        <ele>42</ele>
        <extensions>
          <distance>81696</distance>
        </extensions>
      </trkpt>
      <trkpt lat="57.2953275" lon="25.214885000000002">
        <ele>46</ele>
        <extensions>
          <distance>81714</distance>
        </extensions>
      </trkpt>
      <trkpt lat="57.295294999999996" lon="25.21518">
        <ele>48</ele>
        <extensions>
          <distance>81732</distance>
        </extensions>
      </trkpt>
      <trkpt lat="57.29526249999999" lon="25.215474999999998">
        <ele>50</ele>
        <extensions>
          <distance>81751</distance>
        </extensions>
      </trkpt>
      <trkpt lat="57.29523" lon="25.21577">
        <ele>52</ele>
        <extensions>
          <distance>81769</distance>
        </extensions>
      </trkpt>
      <trkpt lat="57.295249999999996" lon="25.216054999999997">
        <ele>54</ele>
        <extensions>
          <distance>81786</distance>
        </extensions>
      </trkpt>
      <trkpt lat="57.29527" lon="25.21634">
        <ele>56</ele>
        <extensions>
          <distance>81804</distance>
        </extensions>
      </trkpt>
      <trkpt lat="57.29529" lon="25.216625">
        <ele>59</ele>
        <extensions>
          <distance>81821</distance>
        </extensions>
      </trkpt>
      <trkpt lat="57.29531" lon="25.21691">
        <ele>61</ele>
        <extensions>
          <distance>81839</distance>
        </extensions>
      </trkpt>
      <trkpt lat="57.29544" lon="25.217284999999997">
        <ele>63</ele>
        <extensions>
          <distance>81866</distance>
        </extensions>
      </trkpt>
      <trkpt lat="57.29557" lon="25.21766">
        <ele>63</ele>
        <extensions>
          <distance>81893</distance>
        </extensions>
      </trkpt>
      <trkpt lat="57.29553" lon="25.21789">
        <ele>64</ele>
        <extensions>
          <distance>81907</distance>
        </extensions>
      </trkpt>
      <trkpt lat="57.29544" lon="25.21796">
        <ele>65</ele>
        <extensions>
          <distance>81918</distance>
        </extensions>
      </trkpt>
      <trkpt lat="57.29536" lon="25.21792">
        <ele>65</ele>
        <extensions>
          <distance>81927</distance>
        </extensions>
      </trkpt>
      <trkpt lat="57.29525" lon="25.21768">
        <ele>65</ele>
        <extensions>
          <distance>81946</distance>
        </extensions>
      </trkpt>
      <trkpt lat="57.29506" lon="25.21744">
        <ele>68</ele>
        <extensions>
          <distance>81972</distance>
        </extensions>
      </trkpt>
      <trkpt lat="57.29491" lon="25.21749">
        <ele>71</ele>
        <extensions>
          <distance>81989</distance>
        </extensions>
      </trkpt>
      <trkpt lat="57.29484" lon="25.21792">
        <ele>73</ele>
        <extensions>
          <distance>82016</distance>
        </extensions>
      </trkpt>
      <trkpt lat="57.29467" lon="25.21813">
        <ele>79</ele>
        <extensions>
          <distance>82040</distance>
        </extensions>
      </trkpt>
      <trkpt lat="57.294565000000006" lon="25.2184">
        <ele>84</ele>
        <extensions>
          <distance>82061</distance>
        </extensions>
      </trkpt>
      <trkpt lat="57.29446" lon="25.21867">
        <ele>89</ele>
        <extensions>
          <distance>82081</distance>
        </extensions>
      </trkpt>
      <trkpt lat="57.29439" lon="25.21903">
        <ele>94</ele>
        <extensions>
          <distance>82105</distance>
        </extensions>
      </trkpt>
      <trkpt lat="57.29441" lon="25.21931">
        <ele>97</ele>
        <extensions>
          <distance>82122</distance>
        </extensions>
      </trkpt>
      <trkpt lat="57.29437" lon="25.21935">
        <ele>98</ele>
        <extensions>
          <distance>82127</distance>
        </extensions>
      </trkpt>
      <trkpt lat="57.29424" lon="25.21933">
        <ele>100</ele>
        <extensions>
          <distance>82142</distance>
        </extensions>
      </trkpt>
      <trkpt lat="57.29416" lon="25.21965">
        <ele>104</ele>
        <extensions>
          <distance>82164</distance>
        </extensions>
      </trkpt>
      <trkpt lat="57.29418" lon="25.21993">
        <ele>106</ele>
        <extensions>
          <distance>82181</distance>
        </extensions>
      </trkpt>
      <trkpt lat="57.29428" lon="25.22015">
        <ele>107</ele>
        <extensions>
          <distance>82198</distance>
        </extensions>
      </trkpt>
      <trkpt lat="57.294345" lon="25.22044">
        <ele>108</ele>
        <extensions>
          <distance>82217</distance>
        </extensions>
      </trkpt>
      <trkpt lat="57.29441" lon="25.22073">
        <ele>108</ele>
        <extensions>
          <distance>82236</distance>
        </extensions>
      </trkpt>
      <trkpt lat="57.29454" lon="25.22088">
        <ele>108</ele>
        <extensions>
          <distance>82253</distance>
        </extensions>
      </trkpt>
      <trkpt lat="57.29474" lon="25.22103">
        <ele>108</ele>
        <extensions>
          <distance>82277</distance>
        </extensions>
      </trkpt>
      <trkpt lat="57.29486" lon="25.22101">
        <ele>108</ele>
        <extensions>
          <distance>82290</distance>
        </extensions>
      </trkpt>
      <trkpt lat="57.29508" lon="25.22077">
        <ele>105</ele>
        <extensions>
          <distance>82319</distance>
        </extensions>
      </trkpt>
      <trkpt lat="57.29527" lon="25.22049">
        <ele>100</ele>
        <extensions>
          <distance>82346</distance>
        </extensions>
      </trkpt>
      <trkpt lat="57.29538" lon="25.22017">
        <ele>94</ele>
        <extensions>
          <distance>82370</distance>
        </extensions>
      </trkpt>
      <trkpt lat="57.29559" lon="25.21995">
        <ele>85</ele>
        <extensions>
          <distance>82398</distance>
        </extensions>
      </trkpt>
      <trkpt lat="57.29566" lon="25.21995">
        <ele>84</ele>
        <extensions>
          <distance>82406</distance>
        </extensions>
      </trkpt>
      <trkpt lat="57.29581" lon="25.22019">
        <ele>83</ele>
        <extensions>
          <distance>82428</distance>
        </extensions>
      </trkpt>
      <trkpt lat="57.29598" lon="25.22013">
        <ele>77</ele>
        <extensions>
          <distance>82449</distance>
        </extensions>
      </trkpt>
      <trkpt lat="57.29594" lon="25.21974">
        <ele>75</ele>
        <extensions>
          <distance>82473</distance>
        </extensions>
      </trkpt>
      <trkpt lat="57.29583" lon="25.21947">
        <ele>74</ele>
        <extensions>
          <distance>82493</distance>
        </extensions>
      </trkpt>
      <trkpt lat="57.29572" lon="25.2192">
        <ele>73</ele>
        <extensions>
          <distance>82513</distance>
        </extensions>
      </trkpt>
      <trkpt lat="57.29577" lon="25.21892">
        <ele>71</ele>
        <extensions>
          <distance>82531</distance>
        </extensions>
      </trkpt>
      <trkpt lat="57.29583" lon="25.21882">
        <ele>71</ele>
        <extensions>
          <distance>82540</distance>
        </extensions>
      </trkpt>
      <trkpt lat="57.29606" lon="25.21867">
        <ele>71</ele>
        <extensions>
          <distance>82567</distance>
        </extensions>
      </trkpt>
      <trkpt lat="57.29596" lon="25.21845">
        <ele>69</ele>
        <extensions>
          <distance>82585</distance>
        </extensions>
      </trkpt>
      <trkpt lat="57.29594" lon="25.2183">
        <ele>68</ele>
        <extensions>
          <distance>82594</distance>
        </extensions>
      </trkpt>
      <trkpt lat="57.296035" lon="25.218065">
        <ele>67</ele>
        <extensions>
          <distance>82612</distance>
        </extensions>
      </trkpt>
      <trkpt lat="57.29613" lon="25.21783">
        <ele>65</ele>
        <extensions>
          <distance>82630</distance>
        </extensions>
      </trkpt>
      <trkpt lat="57.29619" lon="25.21753">
        <ele>63</ele>
        <extensions>
          <distance>82649</distance>
        </extensions>
      </trkpt>
      <trkpt lat="57.29626" lon="25.21753">
        <ele>63</ele>
        <extensions>
          <distance>82657</distance>
        </extensions>
      </trkpt>
      <trkpt lat="57.29638625" lon="25.217707500000003">
        <ele>63</ele>
        <extensions>
          <distance>82675</distance>
        </extensions>
      </trkpt>
      <trkpt lat="57.29651249999999" lon="25.217885000000003">
        <ele>62</ele>
        <extensions>
          <distance>82692</distance>
        </extensions>
      </trkpt>
      <trkpt lat="57.29663874999999" lon="25.218062500000002">
        <ele>62</ele>
        <extensions>
          <distance>82710</distance>
        </extensions>
      </trkpt>
      <trkpt lat="57.29676499999999" lon="25.21824">
        <ele>62</ele>
        <extensions>
          <distance>82728</distance>
        </extensions>
      </trkpt>
      <trkpt lat="57.296891249999994" lon="25.2184175">
        <ele>62</ele>
        <extensions>
          <distance>82745</distance>
        </extensions>
      </trkpt>
      <trkpt lat="57.297017499999995" lon="25.218595">
        <ele>61</ele>
        <extensions>
          <distance>82763</distance>
        </extensions>
      </trkpt>
      <trkpt lat="57.29714375" lon="25.2187725">
        <ele>61</ele>
        <extensions>
          <distance>82781</distance>
        </extensions>
      </trkpt>
      <trkpt lat="57.29727" lon="25.21895">
        <ele>61</ele>
        <extensions>
          <distance>82798</distance>
        </extensions>
      </trkpt>
      <trkpt lat="57.297372499999994" lon="25.21911875">
        <ele>61</ele>
        <extensions>
          <distance>82814</distance>
        </extensions>
      </trkpt>
      <trkpt lat="57.297475" lon="25.2192875">
        <ele>61</ele>
        <extensions>
          <distance>82829</distance>
        </extensions>
      </trkpt>
      <trkpt lat="57.2975775" lon="25.21945625">
        <ele>62</ele>
        <extensions>
          <distance>82844</distance>
        </extensions>
      </trkpt>
      <trkpt lat="57.29768" lon="25.219625">
        <ele>63</ele>
        <extensions>
          <distance>82859</distance>
        </extensions>
      </trkpt>
      <trkpt lat="57.2977825" lon="25.21979375">
        <ele>64</ele>
        <extensions>
          <distance>82875</distance>
        </extensions>
      </trkpt>
      <trkpt lat="57.297885" lon="25.2199625">
        <ele>65</ele>
        <extensions>
          <distance>82890</distance>
        </extensions>
      </trkpt>
      <trkpt lat="57.297987500000005" lon="25.22013125">
        <ele>66</ele>
        <extensions>
          <distance>82905</distance>
        </extensions>
      </trkpt>
      <trkpt lat="57.29809" lon="25.2203">
        <ele>66</ele>
        <extensions>
          <distance>82921</distance>
        </extensions>
      </trkpt>
      <trkpt lat="57.29822" lon="25.220455">
        <ele>66</ele>
        <extensions>
          <distance>82938</distance>
        </extensions>
      </trkpt>
      <trkpt lat="57.29835" lon="25.22061">
        <ele>66</ele>
        <extensions>
          <distance>82955</distance>
        </extensions>
      </trkpt>
      <trkpt lat="57.29848" lon="25.220765">
        <ele>66</ele>
        <extensions>
          <distance>82972</distance>
        </extensions>
      </trkpt>
      <trkpt lat="57.29861" lon="25.22092">
        <ele>65</ele>
        <extensions>
          <distance>82990</distance>
        </extensions>
      </trkpt>
      <trkpt lat="57.298715" lon="25.2211025">
        <ele>64</ele>
        <extensions>
          <distance>83006</distance>
        </extensions>
      </trkpt>
      <trkpt lat="57.29882" lon="25.221285">
        <ele>62</ele>
        <extensions>
          <distance>83022</distance>
        </extensions>
      </trkpt>
      <trkpt lat="57.298925" lon="25.221467500000003">
        <ele>61</ele>
        <extensions>
          <distance>83038</distance>
        </extensions>
      </trkpt>
      <trkpt lat="57.29903" lon="25.22165">
        <ele>60</ele>
        <extensions>
          <distance>83054</distance>
        </extensions>
      </trkpt>
      <trkpt lat="57.29915" lon="25.22202">
        <ele>60</ele>
        <extensions>
          <distance>83080</distance>
        </extensions>
      </trkpt>
      <trkpt lat="57.2992" lon="25.22201">
        <ele>60</ele>
        <extensions>
          <distance>83086</distance>
        </extensions>
      </trkpt>
      <trkpt lat="57.29918" lon="25.22242">
        <ele>60</ele>
        <extensions>
          <distance>83110</distance>
        </extensions>
      </trkpt>
      <trkpt lat="57.299080000000004" lon="25.22273">
        <ele>60</ele>
        <extensions>
          <distance>83132</distance>
        </extensions>
      </trkpt>
      <trkpt lat="57.29898" lon="25.22304">
        <ele>61</ele>
        <extensions>
          <distance>83154</distance>
        </extensions>
      </trkpt>
      <trkpt lat="57.29883" lon="25.22326">
        <ele>63</ele>
        <extensions>
          <distance>83175</distance>
        </extensions>
      </trkpt>
      <trkpt lat="57.2987875" lon="25.223532499999997">
        <ele>65</ele>
        <extensions>
          <distance>83193</distance>
        </extensions>
      </trkpt>
      <trkpt lat="57.298745" lon="25.223805">
        <ele>67</ele>
        <extensions>
          <distance>83210</distance>
        </extensions>
      </trkpt>
      <trkpt lat="57.2987025" lon="25.2240775">
        <ele>71</ele>
        <extensions>
          <distance>83227</distance>
        </extensions>
      </trkpt>
      <trkpt lat="57.29866" lon="25.22435">
        <ele>74</ele>
        <extensions>
          <distance>83245</distance>
        </extensions>
      </trkpt>
      <trkpt lat="57.2987" lon="25.22444">
        <ele>74</ele>
        <extensions>
          <distance>83252</distance>
        </extensions>
      </trkpt>
      <trkpt lat="57.2985875" lon="25.22473">
        <ele>79</ele>
        <extensions>
          <distance>83274</distance>
        </extensions>
      </trkpt>
      <trkpt lat="57.298474999999996" lon="25.22502">
        <ele>84</ele>
        <extensions>
          <distance>83296</distance>
        </extensions>
      </trkpt>
      <trkpt lat="57.298362499999996" lon="25.22531">
        <ele>90</ele>
        <extensions>
          <distance>83318</distance>
        </extensions>
      </trkpt>
      <trkpt lat="57.29825" lon="25.2256">
        <ele>93</ele>
        <extensions>
          <distance>83340</distance>
        </extensions>
      </trkpt>
      <trkpt lat="57.298135" lon="25.22578">
        <ele>95</ele>
        <extensions>
          <distance>83357</distance>
        </extensions>
      </trkpt>
      <trkpt lat="57.29802" lon="25.22596">
        <ele>97</ele>
        <extensions>
          <distance>83374</distance>
        </extensions>
      </trkpt>
      <trkpt lat="57.29788" lon="25.22609">
        <ele>99</ele>
        <extensions>
          <distance>83391</distance>
        </extensions>
      </trkpt>
      <trkpt lat="57.29774" lon="25.22622">
        <ele>100</ele>
        <extensions>
          <distance>83409</distance>
        </extensions>
      </trkpt>
      <trkpt lat="57.29759" lon="25.22641">
        <ele>101</ele>
        <extensions>
          <distance>83429</distance>
        </extensions>
      </trkpt>
      <trkpt lat="57.297415" lon="25.226725000000002">
        <ele>101</ele>
        <extensions>
          <distance>83456</distance>
        </extensions>
      </trkpt>
      <trkpt lat="57.29724" lon="25.22704">
        <ele>102</ele>
        <extensions>
          <distance>83483</distance>
        </extensions>
      </trkpt>
      <trkpt lat="57.29724" lon="25.22735">
        <ele>102</ele>
        <extensions>
          <distance>83502</distance>
        </extensions>
      </trkpt>
      <trkpt lat="57.29724" lon="25.22766">
        <ele>102</ele>
        <extensions>
          <distance>83521</distance>
        </extensions>
      </trkpt>
      <trkpt lat="57.29729" lon="25.22779">
        <ele>103</ele>
        <extensions>
          <distance>83530</distance>
        </extensions>
      </trkpt>
      <trkpt lat="57.29746" lon="25.22791">
        <ele>103</ele>
        <extensions>
          <distance>83551</distance>
        </extensions>
      </trkpt>
      <trkpt lat="57.29763" lon="25.22798">
        <ele>103</ele>
        <extensions>
          <distance>83570</distance>
        </extensions>
      </trkpt>
      <trkpt lat="57.29772" lon="25.22811">
        <ele>103</ele>
        <extensions>
          <distance>83583</distance>
        </extensions>
      </trkpt>
      <trkpt lat="57.29778" lon="25.22807">
        <ele>103</ele>
        <extensions>
          <distance>83590</distance>
        </extensions>
      </trkpt>
      <trkpt lat="57.29789" lon="25.22809">
        <ele>101</ele>
        <extensions>
          <distance>83602</distance>
        </extensions>
      </trkpt>
      <trkpt lat="57.29798" lon="25.22832">
        <ele>99</ele>
        <extensions>
          <distance>83619</distance>
        </extensions>
      </trkpt>
      <trkpt lat="57.29817" lon="25.22835">
        <ele>96</ele>
        <extensions>
          <distance>83641</distance>
        </extensions>
      </trkpt>
      <trkpt lat="57.298320000000004" lon="25.228445">
        <ele>92</ele>
        <extensions>
          <distance>83659</distance>
        </extensions>
      </trkpt>
      <trkpt lat="57.29847" lon="25.22854">
        <ele>89</ele>
        <extensions>
          <distance>83677</distance>
        </extensions>
      </trkpt>
      <trkpt lat="57.29864" lon="25.2286">
        <ele>86</ele>
        <extensions>
          <distance>83696</distance>
        </extensions>
      </trkpt>
      <trkpt lat="57.29881" lon="25.22877">
        <ele>83</ele>
        <extensions>
          <distance>83718</distance>
        </extensions>
      </trkpt>
      <trkpt lat="57.2989" lon="25.22871">
        <ele>81</ele>
        <extensions>
          <distance>83729</distance>
        </extensions>
      </trkpt>
      <trkpt lat="57.29913" lon="25.22877">
        <ele>81</ele>
        <extensions>
          <distance>83755</distance>
        </extensions>
      </trkpt>
      <trkpt lat="57.29922" lon="25.2289">
        <ele>81</ele>
        <extensions>
          <distance>83768</distance>
        </extensions>
      </trkpt>
      <trkpt lat="57.29937" lon="25.22931">
        <ele>81</ele>
        <extensions>
          <distance>83797</distance>
        </extensions>
      </trkpt>
      <trkpt lat="57.2996" lon="25.2295">
        <ele>82</ele>
        <extensions>
          <distance>83826</distance>
        </extensions>
      </trkpt>
      <trkpt lat="57.299775" lon="25.229575">
        <ele>85</ele>
        <extensions>
          <distance>83846</distance>
        </extensions>
      </trkpt>
      <trkpt lat="57.29995" lon="25.22965">
        <ele>89</ele>
        <extensions>
          <distance>83866</distance>
        </extensions>
      </trkpt>
      <trkpt lat="57.3000675" lon="25.229779999999998">
        <ele>91</ele>
        <extensions>
          <distance>83882</distance>
        </extensions>
      </trkpt>
      <trkpt lat="57.300185" lon="25.22991">
        <ele>93</ele>
        <extensions>
          <distance>83897</distance>
        </extensions>
      </trkpt>
      <trkpt lat="57.3003025" lon="25.230040000000002">
        <ele>95</ele>
        <extensions>
          <distance>83912</distance>
        </extensions>
      </trkpt>
      <trkpt lat="57.30042" lon="25.23017">
        <ele>95</ele>
        <extensions>
          <distance>83928</distance>
        </extensions>
      </trkpt>
      <trkpt lat="57.30057" lon="25.23021">
        <ele>95</ele>
        <extensions>
          <distance>83944</distance>
        </extensions>
      </trkpt>
      <trkpt lat="57.30074" lon="25.23004">
        <ele>95</ele>
        <extensions>
          <distance>83966</distance>
        </extensions>
      </trkpt>
      <trkpt lat="57.30088" lon="25.230159999999998">
        <ele>96</ele>
        <extensions>
          <distance>83983</distance>
        </extensions>
      </trkpt>
      <trkpt lat="57.30102" lon="25.23028">
        <ele>96</ele>
        <extensions>
          <distance>84000</distance>
        </extensions>
      </trkpt>
      <trkpt lat="57.30108" lon="25.23064">
        <ele>96</ele>
        <extensions>
          <distance>84023</distance>
        </extensions>
      </trkpt>
      <trkpt lat="57.30114" lon="25.231">
        <ele>98</ele>
        <extensions>
          <distance>84046</distance>
        </extensions>
      </trkpt>
      <trkpt lat="57.30109" lon="25.23133">
        <ele>99</ele>
        <extensions>
          <distance>84066</distance>
        </extensions>
      </trkpt>
      <trkpt lat="57.30094" lon="25.23169">
        <ele>101</ele>
        <extensions>
          <distance>84094</distance>
        </extensions>
      </trkpt>
      <trkpt lat="57.30089" lon="25.23195">
        <ele>103</ele>
        <extensions>
          <distance>84111</distance>
        </extensions>
      </trkpt>
      <trkpt lat="57.300945" lon="25.232390000000002">
        <ele>104</ele>
        <extensions>
          <distance>84138</distance>
        </extensions>
      </trkpt>
      <trkpt lat="57.301" lon="25.23283">
        <ele>105</ele>
        <extensions>
          <distance>84165</distance>
        </extensions>
      </trkpt>
      <trkpt lat="57.301055000000005" lon="25.233269999999997">
        <ele>106</ele>
        <extensions>
          <distance>84192</distance>
        </extensions>
      </trkpt>
      <trkpt lat="57.30111" lon="25.23371">
        <ele>106</ele>
        <extensions>
          <distance>84220</distance>
        </extensions>
      </trkpt>
      <trkpt lat="57.301175" lon="25.233935">
        <ele>106</ele>
        <extensions>
          <distance>84235</distance>
        </extensions>
      </trkpt>
      <trkpt lat="57.30124" lon="25.23416">
        <ele>106</ele>
        <extensions>
          <distance>84250</distance>
        </extensions>
      </trkpt>
      <trkpt lat="57.301469999999995" lon="25.234074999999997">
        <ele>105</ele>
        <extensions>
          <distance>84276</distance>
        </extensions>
      </trkpt>
      <trkpt lat="57.3017" lon="25.23399">
        <ele>103</ele>
        <extensions>
          <distance>84303</distance>
        </extensions>
      </trkpt>
      <trkpt lat="57.30193" lon="25.233905">
        <ele>102</ele>
        <extensions>
          <distance>84329</distance>
        </extensions>
      </trkpt>
      <trkpt lat="57.30216" lon="25.23382">
        <ele>101</ele>
        <extensions>
          <distance>84355</distance>
        </extensions>
      </trkpt>
      <trkpt lat="57.30227" lon="25.23371">
        <ele>101</ele>
        <extensions>
          <distance>84369</distance>
        </extensions>
      </trkpt>
      <trkpt lat="57.302375" lon="25.2335225">
        <ele>101</ele>
        <extensions>
          <distance>84385</distance>
        </extensions>
      </trkpt>
      <trkpt lat="57.30248" lon="25.233334999999997">
        <ele>100</ele>
        <extensions>
          <distance>84401</distance>
        </extensions>
      </trkpt>
      <trkpt lat="57.302585" lon="25.233147499999998">
        <ele>100</ele>
        <extensions>
          <distance>84418</distance>
        </extensions>
      </trkpt>
      <trkpt lat="57.30269" lon="25.23296">
        <ele>99</ele>
        <extensions>
          <distance>84434</distance>
        </extensions>
      </trkpt>
      <trkpt lat="57.3028" lon="25.2327">
        <ele>98</ele>
        <extensions>
          <distance>84454</distance>
        </extensions>
      </trkpt>
      <trkpt lat="57.30291" lon="25.23257">
        <ele>97</ele>
        <extensions>
          <distance>84468</distance>
        </extensions>
      </trkpt>
      <trkpt lat="57.3030875" lon="25.232425">
        <ele>95</ele>
        <extensions>
          <distance>84490</distance>
        </extensions>
      </trkpt>
      <trkpt lat="57.303264999999996" lon="25.23228">
        <ele>93</ele>
        <extensions>
          <distance>84512</distance>
        </extensions>
      </trkpt>
      <trkpt lat="57.3034425" lon="25.232135">
        <ele>90</ele>
        <extensions>
          <distance>84534</distance>
        </extensions>
      </trkpt>
      <trkpt lat="57.30362" lon="25.23199">
        <ele>87</ele>
        <extensions>
          <distance>84556</distance>
        </extensions>
      </trkpt>
      <trkpt lat="57.30383500000001" lon="25.2317125">
        <ele>84</ele>
        <extensions>
          <distance>84585</distance>
        </extensions>
      </trkpt>
      <trkpt lat="57.304050000000004" lon="25.231434999999998">
        <ele>82</ele>
        <extensions>
          <distance>84614</distance>
        </extensions>
      </trkpt>
      <trkpt lat="57.304265" lon="25.2311575">
        <ele>81</ele>
        <extensions>
          <distance>84643</distance>
        </extensions>
      </trkpt>
      <trkpt lat="57.30448" lon="25.23088">
        <ele>79</ele>
        <extensions>
          <distance>84673</distance>
        </extensions>
      </trkpt>
      <trkpt lat="57.3046625" lon="25.230595">
        <ele>78</ele>
        <extensions>
          <distance>84699</distance>
        </extensions>
      </trkpt>
      <trkpt lat="57.304845" lon="25.23031">
        <ele>75</ele>
        <extensions>
          <distance>84726</distance>
        </extensions>
      </trkpt>
      <trkpt lat="57.3050275" lon="25.230024999999998">
        <ele>72</ele>
        <extensions>
          <distance>84753</distance>
        </extensions>
      </trkpt>
      <trkpt lat="57.30521" lon="25.22974">
        <ele>69</ele>
        <extensions>
          <distance>84780</distance>
        </extensions>
      </trkpt>
      <trkpt lat="57.305285" lon="25.22953">
        <ele>67</ele>
        <extensions>
          <distance>84795</distance>
        </extensions>
      </trkpt>
      <trkpt lat="57.30536" lon="25.22932">
        <ele>66</ele>
        <extensions>
          <distance>84810</distance>
        </extensions>
      </trkpt>
      <trkpt lat="57.305435" lon="25.22911">
        <ele>65</ele>
        <extensions>
          <distance>84825</distance>
        </extensions>
      </trkpt>
      <trkpt lat="57.30551" lon="25.2289">
        <ele>65</ele>
        <extensions>
          <distance>84840</distance>
        </extensions>
      </trkpt>
      <trkpt lat="57.30561" lon="25.22903">
        <ele>65</ele>
        <extensions>
          <distance>84854</distance>
        </extensions>
      </trkpt>
      <trkpt lat="57.305685" lon="25.229275">
        <ele>65</ele>
        <extensions>
          <distance>84871</distance>
        </extensions>
      </trkpt>
      <trkpt lat="57.30576" lon="25.22952">
        <ele>65</ele>
        <extensions>
          <distance>84888</distance>
        </extensions>
      </trkpt>
      <trkpt lat="57.30589" lon="25.22968">
        <ele>65</ele>
        <extensions>
          <distance>84905</distance>
        </extensions>
      </trkpt>
      <trkpt lat="57.306084999999996" lon="25.229565">
        <ele>65</ele>
        <extensions>
          <distance>84928</distance>
        </extensions>
      </trkpt>
      <trkpt lat="57.30628" lon="25.22945">
        <ele>65</ele>
        <extensions>
          <distance>84951</distance>
        </extensions>
      </trkpt>
      <trkpt lat="57.306475" lon="25.229335">
        <ele>65</ele>
        <extensions>
          <distance>84974</distance>
        </extensions>
      </trkpt>
      <trkpt lat="57.30667" lon="25.22922">
        <ele>63</ele>
        <extensions>
          <distance>84997</distance>
        </extensions>
      </trkpt>
      <trkpt lat="57.30675" lon="25.2292">
        <ele>62</ele>
        <extensions>
          <distance>85006</distance>
        </extensions>
      </trkpt>
      <trkpt lat="57.30699" lon="25.22929">
        <ele>60</ele>
        <extensions>
          <distance>85033</distance>
        </extensions>
      </trkpt>
      <trkpt lat="57.30715" lon="25.22929">
        <ele>58</ele>
        <extensions>
          <distance>85051</distance>
        </extensions>
      </trkpt>
      <trkpt lat="57.30731" lon="25.22929">
        <ele>57</ele>
        <extensions>
          <distance>85069</distance>
        </extensions>
      </trkpt>
      <trkpt lat="57.30745" lon="25.22917">
        <ele>56</ele>
        <extensions>
          <distance>85086</distance>
        </extensions>
      </trkpt>
      <trkpt lat="57.30759" lon="25.22905">
        <ele>56</ele>
        <extensions>
          <distance>85103</distance>
        </extensions>
      </trkpt>
      <trkpt lat="57.30776" lon="25.22907">
        <ele>56</ele>
        <extensions>
          <distance>85122</distance>
        </extensions>
      </trkpt>
      <trkpt lat="57.307855" lon="25.229275">
        <ele>56</ele>
        <extensions>
          <distance>85138</distance>
        </extensions>
      </trkpt>
      <trkpt lat="57.30795" lon="25.22948">
        <ele>56</ele>
        <extensions>
          <distance>85155</distance>
        </extensions>
      </trkpt>
      <trkpt lat="57.308135" lon="25.22975">
        <ele>57</ele>
        <extensions>
          <distance>85181</distance>
        </extensions>
      </trkpt>
      <trkpt lat="57.30832" lon="25.23002">
        <ele>58</ele>
        <extensions>
          <distance>85207</distance>
        </extensions>
      </trkpt>
      <trkpt lat="57.30839" lon="25.230265000000003">
        <ele>58</ele>
        <extensions>
          <distance>85224</distance>
        </extensions>
      </trkpt>
      <trkpt lat="57.30846" lon="25.230510000000002">
        <ele>58</ele>
        <extensions>
          <distance>85241</distance>
        </extensions>
      </trkpt>
      <trkpt lat="57.30853" lon="25.230755000000002">
        <ele>58</ele>
        <extensions>
          <distance>85257</distance>
        </extensions>
      </trkpt>
      <trkpt lat="57.3086" lon="25.231">
        <ele>58</ele>
        <extensions>
          <distance>85274</distance>
        </extensions>
      </trkpt>
      <trkpt lat="57.308705" lon="25.231175">
        <ele>59</ele>
        <extensions>
          <distance>85290</distance>
        </extensions>
      </trkpt>
      <trkpt lat="57.30881" lon="25.23135">
        <ele>60</ele>
        <extensions>
          <distance>85306</distance>
        </extensions>
      </trkpt>
      <trkpt lat="57.30888" lon="25.23156">
        <ele>61</ele>
        <extensions>
          <distance>85320</distance>
        </extensions>
      </trkpt>
      <trkpt lat="57.30892" lon="25.23197">
        <ele>63</ele>
        <extensions>
          <distance>85346</distance>
        </extensions>
      </trkpt>
      <trkpt lat="57.30902" lon="25.23229">
        <ele>66</ele>
        <extensions>
          <distance>85368</distance>
        </extensions>
      </trkpt>
      <trkpt lat="57.30892" lon="25.23266">
        <ele>67</ele>
        <extensions>
          <distance>85393</distance>
        </extensions>
      </trkpt>
      <trkpt lat="57.30905" lon="25.23285">
        <ele>70</ele>
        <extensions>
          <distance>85412</distance>
        </extensions>
      </trkpt>
      <trkpt lat="57.309135" lon="25.23257">
        <ele>70</ele>
        <extensions>
          <distance>85431</distance>
        </extensions>
      </trkpt>
      <trkpt lat="57.30922" lon="25.23229">
        <ele>71</ele>
        <extensions>
          <distance>85450</distance>
        </extensions>
      </trkpt>
      <trkpt lat="57.309435" lon="25.232120000000002">
        <ele>71</ele>
        <extensions>
          <distance>85477</distance>
        </extensions>
      </trkpt>
      <trkpt lat="57.30965" lon="25.23195">
        <ele>72</ele>
        <extensions>
          <distance>85503</distance>
        </extensions>
      </trkpt>
      <trkpt lat="57.30978" lon="25.23197">
        <ele>72</ele>
        <extensions>
          <distance>85517</distance>
        </extensions>
      </trkpt>
      <trkpt lat="57.30993" lon="25.232055000000003">
        <ele>72</ele>
        <extensions>
          <distance>85535</distance>
        </extensions>
      </trkpt>
      <trkpt lat="57.31008" lon="25.23214">
        <ele>72</ele>
        <extensions>
          <distance>85552</distance>
        </extensions>
      </trkpt>
      <trkpt lat="57.31023" lon="25.23212">
        <ele>72</ele>
        <extensions>
          <distance>85569</distance>
        </extensions>
      </trkpt>
      <trkpt lat="57.3104" lon="25.231885">
        <ele>71</ele>
        <extensions>
          <distance>85592</distance>
        </extensions>
      </trkpt>
      <trkpt lat="57.31057" lon="25.23165">
        <ele>70</ele>
        <extensions>
          <distance>85616</distance>
        </extensions>
      </trkpt>
      <trkpt lat="57.310742499999996" lon="25.231445">
        <ele>68</ele>
        <extensions>
          <distance>85639</distance>
        </extensions>
      </trkpt>
      <trkpt lat="57.310914999999994" lon="25.23124">
        <ele>66</ele>
        <extensions>
          <distance>85662</distance>
        </extensions>
      </trkpt>
      <trkpt lat="57.3110875" lon="25.231035">
        <ele>62</ele>
        <extensions>
          <distance>85685</distance>
        </extensions>
      </trkpt>
      <trkpt lat="57.31126" lon="25.23083">
        <ele>60</ele>
        <extensions>
          <distance>85708</distance>
        </extensions>
      </trkpt>
      <trkpt lat="57.31134" lon="25.23094">
        <ele>58</ele>
        <extensions>
          <distance>85719</distance>
        </extensions>
      </trkpt>
      <trkpt lat="57.31143" lon="25.23124">
        <ele>58</ele>
        <extensions>
          <distance>85740</distance>
        </extensions>
      </trkpt>
      <trkpt lat="57.311545" lon="25.2314">
        <ele>58</ele>
        <extensions>
          <distance>85756</distance>
        </extensions>
      </trkpt>
      <trkpt lat="57.31166" lon="25.23156">
        <ele>58</ele>
        <extensions>
          <distance>85772</distance>
        </extensions>
      </trkpt>
      <trkpt lat="57.31184" lon="25.23171">
        <ele>58</ele>
        <extensions>
          <distance>85794</distance>
        </extensions>
      </trkpt>
      <trkpt lat="57.31184" lon="25.232045">
        <ele>60</ele>
        <extensions>
          <distance>85814</distance>
        </extensions>
      </trkpt>
      <trkpt lat="57.31184" lon="25.23238">
        <ele>63</ele>
        <extensions>
          <distance>85835</distance>
        </extensions>
      </trkpt>
      <trkpt lat="57.311925" lon="25.232615">
        <ele>66</ele>
        <extensions>
          <distance>85852</distance>
        </extensions>
      </trkpt>
      <trkpt lat="57.31201" lon="25.23285">
        <ele>69</ele>
        <extensions>
          <distance>85869</distance>
        </extensions>
      </trkpt>
      <trkpt lat="57.31214" lon="25.23302">
        <ele>70</ele>
        <extensions>
          <distance>85887</distance>
        </extensions>
      </trkpt>
      <trkpt lat="57.31228" lon="25.233105000000002">
        <ele>70</ele>
        <extensions>
          <distance>85903</distance>
        </extensions>
      </trkpt>
      <trkpt lat="57.31242" lon="25.23319">
        <ele>70</ele>
        <extensions>
          <distance>85920</distance>
        </extensions>
      </trkpt>
      <trkpt lat="57.31259" lon="25.23334">
        <ele>70</ele>
        <extensions>
          <distance>85941</distance>
        </extensions>
      </trkpt>
      <trkpt lat="57.31259" lon="25.23341">
        <ele>70</ele>
        <extensions>
          <distance>85945</distance>
        </extensions>
      </trkpt>
      <trkpt lat="57.312509375000005" lon="25.233624374999998">
        <ele>70</ele>
        <extensions>
          <distance>85961</distance>
        </extensions>
      </trkpt>
      <trkpt lat="57.31242875" lon="25.23383875">
        <ele>71</ele>
        <extensions>
          <distance>85977</distance>
        </extensions>
      </trkpt>
      <trkpt lat="57.312348125" lon="25.234053125000003">
        <ele>71</ele>
        <extensions>
          <distance>85992</distance>
        </extensions>
      </trkpt>
      <trkpt lat="57.312267500000004" lon="25.2342675">
        <ele>71</ele>
        <extensions>
          <distance>86008</distance>
        </extensions>
      </trkpt>
      <trkpt lat="57.312186875" lon="25.234481875">
        <ele>72</ele>
        <extensions>
          <distance>86024</distance>
        </extensions>
      </trkpt>
      <trkpt lat="57.31210625" lon="25.23469625">
        <ele>74</ele>
        <extensions>
          <distance>86040</distance>
        </extensions>
      </trkpt>
      <trkpt lat="57.312025625000004" lon="25.234910624999998">
        <ele>75</ele>
        <extensions>
          <distance>86055</distance>
        </extensions>
      </trkpt>
      <trkpt lat="57.311945" lon="25.235125">
        <ele>76</ele>
        <extensions>
          <distance>86071</distance>
        </extensions>
      </trkpt>
      <trkpt lat="57.311864375" lon="25.235339375000002">
        <ele>77</ele>
        <extensions>
          <distance>86087</distance>
        </extensions>
      </trkpt>
      <trkpt lat="57.311783750000004" lon="25.23555375">
        <ele>77</ele>
        <extensions>
          <distance>86103</distance>
        </extensions>
      </trkpt>
      <trkpt lat="57.311703125" lon="25.235768125">
        <ele>77</ele>
        <extensions>
          <distance>86118</distance>
        </extensions>
      </trkpt>
      <trkpt lat="57.3116225" lon="25.2359825">
        <ele>77</ele>
        <extensions>
          <distance>86134</distance>
        </extensions>
      </trkpt>
      <trkpt lat="57.311541875" lon="25.236196874999997">
        <ele>77</ele>
        <extensions>
          <distance>86150</distance>
        </extensions>
      </trkpt>
      <trkpt lat="57.31146125" lon="25.23641125">
        <ele>77</ele>
        <extensions>
          <distance>86166</distance>
        </extensions>
      </trkpt>
      <trkpt lat="57.311380625" lon="25.236625625000002">
        <ele>77</ele>
        <extensions>
          <distance>86181</distance>
        </extensions>
      </trkpt>
      <trkpt lat="57.3113" lon="25.23684">
        <ele>77</ele>
        <extensions>
          <distance>86197</distance>
        </extensions>
      </trkpt>
      <trkpt lat="57.31128" lon="25.2371">
        <ele>77</ele>
        <extensions>
          <distance>86213</distance>
        </extensions>
      </trkpt>
      <trkpt lat="57.3113275" lon="25.237545000000004">
        <ele>79</ele>
        <extensions>
          <distance>86240</distance>
        </extensions>
      </trkpt>
      <trkpt lat="57.311375" lon="25.237990000000003">
        <ele>82</ele>
        <extensions>
          <distance>86268</distance>
        </extensions>
      </trkpt>
      <trkpt lat="57.3114225" lon="25.238435000000003">
        <ele>82</ele>
        <extensions>
          <distance>86295</distance>
        </extensions>
      </trkpt>
      <trkpt lat="57.31147" lon="25.23888">
        <ele>82</ele>
        <extensions>
          <distance>86322</distance>
        </extensions>
      </trkpt>
      <trkpt lat="57.31158" lon="25.23867">
        <ele>82</ele>
        <extensions>
          <distance>86340</distance>
        </extensions>
      </trkpt>
      <trkpt lat="57.3117575" lon="25.238535">
        <ele>82</ele>
        <extensions>
          <distance>86361</distance>
        </extensions>
      </trkpt>
      <trkpt lat="57.311935" lon="25.2384">
        <ele>81</ele>
        <extensions>
          <distance>86383</distance>
        </extensions>
      </trkpt>
      <trkpt lat="57.3121125" lon="25.238265">
        <ele>79</ele>
        <extensions>
          <distance>86404</distance>
        </extensions>
      </trkpt>
      <trkpt lat="57.31229" lon="25.23813">
        <ele>78</ele>
        <extensions>
          <distance>86426</distance>
        </extensions>
      </trkpt>
      <trkpt lat="57.312445" lon="25.238102500000004">
        <ele>77</ele>
        <extensions>
          <distance>86443</distance>
        </extensions>
      </trkpt>
      <trkpt lat="57.3126" lon="25.238075000000002">
        <ele>76</ele>
        <extensions>
          <distance>86460</distance>
        </extensions>
      </trkpt>
      <trkpt lat="57.312755" lon="25.2380475">
        <ele>75</ele>
        <extensions>
          <distance>86478</distance>
        </extensions>
      </trkpt>
      <trkpt lat="57.31291" lon="25.23802">
        <ele>74</ele>
        <extensions>
          <distance>86495</distance>
        </extensions>
      </trkpt>
      <trkpt lat="57.31304" lon="25.23811">
        <ele>74</ele>
        <extensions>
          <distance>86511</distance>
        </extensions>
      </trkpt>
      <trkpt lat="57.31318" lon="25.238335">
        <ele>74</ele>
        <extensions>
          <distance>86531</distance>
        </extensions>
      </trkpt>
      <trkpt lat="57.31332" lon="25.23856">
        <ele>73</ele>
        <extensions>
          <distance>86552</distance>
        </extensions>
      </trkpt>
      <trkpt lat="57.313565" lon="25.23858">
        <ele>73</ele>
        <extensions>
          <distance>86579</distance>
        </extensions>
      </trkpt>
      <trkpt lat="57.31381" lon="25.2386">
        <ele>73</ele>
        <extensions>
          <distance>86606</distance>
        </extensions>
      </trkpt>
      <trkpt lat="57.31399" lon="25.238835">
        <ele>73</ele>
        <extensions>
          <distance>86631</distance>
        </extensions>
      </trkpt>
      <trkpt lat="57.31417" lon="25.23907">
        <ele>73</ele>
        <extensions>
          <distance>86656</distance>
        </extensions>
      </trkpt>
      <trkpt lat="57.314364999999995" lon="25.239395000000002">
        <ele>73</ele>
        <extensions>
          <distance>86685</distance>
        </extensions>
      </trkpt>
      <trkpt lat="57.31456" lon="25.23972">
        <ele>73</ele>
        <extensions>
          <distance>86714</distance>
        </extensions>
      </trkpt>
      <trkpt lat="57.314710000000005" lon="25.24004">
        <ele>73</ele>
        <extensions>
          <distance>86740</distance>
        </extensions>
      </trkpt>
      <trkpt lat="57.31486" lon="25.24036">
        <ele>74</ele>
        <extensions>
          <distance>86765</distance>
        </extensions>
      </trkpt>
      <trkpt lat="57.314980000000006" lon="25.240735">
        <ele>74</ele>
        <extensions>
          <distance>86791</distance>
        </extensions>
      </trkpt>
      <trkpt lat="57.3151" lon="25.24111">
        <ele>74</ele>
        <extensions>
          <distance>86818</distance>
        </extensions>
      </trkpt>
      <trkpt lat="57.3151375" lon="25.241394999999997">
        <ele>75</ele>
        <extensions>
          <distance>86835</distance>
        </extensions>
      </trkpt>
      <trkpt lat="57.315174999999996" lon="25.24168">
        <ele>75</ele>
        <extensions>
          <distance>86853</distance>
        </extensions>
      </trkpt>
      <trkpt lat="57.3152125" lon="25.241965">
        <ele>75</ele>
        <extensions>
          <distance>86871</distance>
        </extensions>
      </trkpt>
      <trkpt lat="57.31525" lon="25.24225">
        <ele>75</ele>
        <extensions>
          <distance>86888</distance>
        </extensions>
      </trkpt>
      <trkpt lat="57.3154" lon="25.242385">
        <ele>75</ele>
        <extensions>
          <distance>86907</distance>
        </extensions>
      </trkpt>
      <trkpt lat="57.31555" lon="25.24252">
        <ele>75</ele>
        <extensions>
          <distance>86925</distance>
        </extensions>
      </trkpt>
      <trkpt lat="57.3157" lon="25.242655">
        <ele>75</ele>
        <extensions>
          <distance>86944</distance>
        </extensions>
      </trkpt>
      <trkpt lat="57.31585" lon="25.24279">
        <ele>75</ele>
        <extensions>
          <distance>86963</distance>
        </extensions>
      </trkpt>
      <trkpt lat="57.31604" lon="25.242905">
        <ele>74</ele>
        <extensions>
          <distance>86985</distance>
        </extensions>
      </trkpt>
      <trkpt lat="57.31623" lon="25.24302">
        <ele>73</ele>
        <extensions>
          <distance>87007</distance>
        </extensions>
      </trkpt>
      <trkpt lat="57.3164525" lon="25.2430625">
        <ele>73</ele>
        <extensions>
          <distance>87032</distance>
        </extensions>
      </trkpt>
      <trkpt lat="57.316675000000004" lon="25.243105">
        <ele>73</ele>
        <extensions>
          <distance>87057</distance>
        </extensions>
      </trkpt>
      <trkpt lat="57.3168975" lon="25.2431475">
        <ele>73</ele>
        <extensions>
          <distance>87082</distance>
        </extensions>
      </trkpt>
      <trkpt lat="57.31712" lon="25.24319">
        <ele>73</ele>
        <extensions>
          <distance>87107</distance>
        </extensions>
      </trkpt>
      <trkpt lat="57.31729" lon="25.243065">
        <ele>73</ele>
        <extensions>
          <distance>87127</distance>
        </extensions>
      </trkpt>
      <trkpt lat="57.31746" lon="25.24294">
        <ele>73</ele>
        <extensions>
          <distance>87148</distance>
        </extensions>
      </trkpt>
      <trkpt lat="57.31767" lon="25.24291">
        <ele>72</ele>
        <extensions>
          <distance>87171</distance>
        </extensions>
      </trkpt>
      <trkpt lat="57.317809999999994" lon="25.242847499999996">
        <ele>71</ele>
        <extensions>
          <distance>87187</distance>
        </extensions>
      </trkpt>
      <trkpt lat="57.317949999999996" lon="25.242784999999998">
        <ele>69</ele>
        <extensions>
          <distance>87203</distance>
        </extensions>
      </trkpt>
      <trkpt lat="57.31809" lon="25.2427225">
        <ele>67</ele>
        <extensions>
          <distance>87219</distance>
        </extensions>
      </trkpt>
      <trkpt lat="57.31823" lon="25.24266">
        <ele>66</ele>
        <extensions>
          <distance>87235</distance>
        </extensions>
      </trkpt>
      <trkpt lat="57.3184" lon="25.24281">
        <ele>64</ele>
        <extensions>
          <distance>87257</distance>
        </extensions>
      </trkpt>
      <trkpt lat="57.31854" lon="25.243009999999998">
        <ele>62</ele>
        <extensions>
          <distance>87276</distance>
        </extensions>
      </trkpt>
      <trkpt lat="57.31868" lon="25.24321">
        <ele>59</ele>
        <extensions>
          <distance>87296</distance>
        </extensions>
      </trkpt>
      <trkpt lat="57.3189" lon="25.24324">
        <ele>52</ele>
        <extensions>
          <distance>87322</distance>
        </extensions>
      </trkpt>
      <trkpt lat="57.318929999999995" lon="25.243615">
        <ele>52</ele>
        <extensions>
          <distance>87345</distance>
        </extensions>
      </trkpt>
      <trkpt lat="57.31896" lon="25.24399">
        <ele>52</ele>
        <extensions>
          <distance>87368</distance>
        </extensions>
      </trkpt>
      <trkpt lat="57.3189" lon="25.24437">
        <ele>52</ele>
        <extensions>
          <distance>87391</distance>
        </extensions>
      </trkpt>
      <trkpt lat="57.31881" lon="25.24465">
        <ele>54</ele>
        <extensions>
          <distance>87411</distance>
        </extensions>
      </trkpt>
      <trkpt lat="57.31866" lon="25.244770000000003">
        <ele>57</ele>
        <extensions>
          <distance>87429</distance>
        </extensions>
      </trkpt>
      <trkpt lat="57.31851" lon="25.24489">
        <ele>58</ele>
        <extensions>
          <distance>87448</distance>
        </extensions>
      </trkpt>
      <trkpt lat="57.318255" lon="25.24503">
        <ele>60</ele>
        <extensions>
          <distance>87477</distance>
        </extensions>
      </trkpt>
      <trkpt lat="57.318" lon="25.24517">
        <ele>62</ele>
        <extensions>
          <distance>87507</distance>
        </extensions>
      </trkpt>
      <trkpt lat="57.317795000000004" lon="25.24534">
        <ele>65</ele>
        <extensions>
          <distance>87532</distance>
        </extensions>
      </trkpt>
      <trkpt lat="57.31759" lon="25.24551">
        <ele>69</ele>
        <extensions>
          <distance>87558</distance>
        </extensions>
      </trkpt>
      <trkpt lat="57.31746" lon="25.24577">
        <ele>71</ele>
        <extensions>
          <distance>87579</distance>
        </extensions>
      </trkpt>
      <trkpt lat="57.31737" lon="25.24581">
        <ele>71</ele>
        <extensions>
          <distance>87589</distance>
        </extensions>
      </trkpt>
      <trkpt lat="57.317255" lon="25.24598">
        <ele>71</ele>
        <extensions>
          <distance>87606</distance>
        </extensions>
      </trkpt>
      <trkpt lat="57.31714" lon="25.24615">
        <ele>71</ele>
        <extensions>
          <distance>87622</distance>
        </extensions>
      </trkpt>
      <trkpt lat="57.31699" lon="25.2463">
        <ele>71</ele>
        <extensions>
          <distance>87641</distance>
        </extensions>
      </trkpt>
      <trkpt lat="57.31685" lon="25.24657">
        <ele>71</ele>
        <extensions>
          <distance>87664</distance>
        </extensions>
      </trkpt>
      <trkpt lat="57.31671" lon="25.24684">
        <ele>69</ele>
        <extensions>
          <distance>87686</distance>
        </extensions>
      </trkpt>
      <trkpt lat="57.31654" lon="25.24706">
        <ele>67</ele>
        <extensions>
          <distance>87709</distance>
        </extensions>
      </trkpt>
      <trkpt lat="57.316437500000006" lon="25.247397499999998">
        <ele>65</ele>
        <extensions>
          <distance>87733</distance>
        </extensions>
      </trkpt>
      <trkpt lat="57.316335" lon="25.247735">
        <ele>63</ele>
        <extensions>
          <distance>87756</distance>
        </extensions>
      </trkpt>
      <trkpt lat="57.3162325" lon="25.2480725">
        <ele>63</ele>
        <extensions>
          <distance>87780</distance>
        </extensions>
      </trkpt>
      <trkpt lat="57.31613" lon="25.24841">
        <ele>63</ele>
        <extensions>
          <distance>87803</distance>
        </extensions>
      </trkpt>
      <trkpt lat="57.315975" lon="25.248285">
        <ele>63</ele>
        <extensions>
          <distance>87822</distance>
        </extensions>
      </trkpt>
      <trkpt lat="57.31582" lon="25.24816">
        <ele>63</ele>
        <extensions>
          <distance>87841</distance>
        </extensions>
      </trkpt>
      <trkpt lat="57.315665" lon="25.248035">
        <ele>64</ele>
        <extensions>
          <distance>87859</distance>
        </extensions>
      </trkpt>
      <trkpt lat="57.31551" lon="25.24791">
        <ele>64</ele>
        <extensions>
          <distance>87878</distance>
        </extensions>
      </trkpt>
      <trkpt lat="57.31542" lon="25.24787">
        <ele>64</ele>
        <extensions>
          <distance>87889</distance>
        </extensions>
      </trkpt>
      <trkpt lat="57.31523" lon="25.24789">
        <ele>65</ele>
        <extensions>
          <distance>87910</distance>
        </extensions>
      </trkpt>
      <trkpt lat="57.31509" lon="25.247945">
        <ele>66</ele>
        <extensions>
          <distance>87926</distance>
        </extensions>
      </trkpt>
      <trkpt lat="57.31495" lon="25.248">
        <ele>67</ele>
        <extensions>
          <distance>87942</distance>
        </extensions>
      </trkpt>
      <trkpt lat="57.31471" lon="25.248">
        <ele>69</ele>
        <extensions>
          <distance>87968</distance>
        </extensions>
      </trkpt>
      <trkpt lat="57.31454" lon="25.24811">
        <ele>71</ele>
        <extensions>
          <distance>87989</distance>
        </extensions>
      </trkpt>
      <trkpt lat="57.3143625" lon="25.24813375">
        <ele>72</ele>
        <extensions>
          <distance>88008</distance>
        </extensions>
      </trkpt>
      <trkpt lat="57.314184999999995" lon="25.248157499999998">
        <ele>73</ele>
        <extensions>
          <distance>88028</distance>
        </extensions>
      </trkpt>
      <trkpt lat="57.314007499999995" lon="25.24818125">
        <ele>74</ele>
        <extensions>
          <distance>88048</distance>
        </extensions>
      </trkpt>
      <trkpt lat="57.313829999999996" lon="25.248205">
        <ele>74</ele>
        <extensions>
          <distance>88068</distance>
        </extensions>
      </trkpt>
      <trkpt lat="57.313652499999996" lon="25.24822875">
        <ele>75</ele>
        <extensions>
          <distance>88088</distance>
        </extensions>
      </trkpt>
      <trkpt lat="57.313475" lon="25.2482525">
        <ele>76</ele>
        <extensions>
          <distance>88108</distance>
        </extensions>
      </trkpt>
      <trkpt lat="57.3132975" lon="25.24827625">
        <ele>78</ele>
        <extensions>
          <distance>88128</distance>
        </extensions>
      </trkpt>
      <trkpt lat="57.31312" lon="25.2483">
        <ele>80</ele>
        <extensions>
          <distance>88148</distance>
        </extensions>
      </trkpt>
      <trkpt lat="57.313" lon="25.24836">
        <ele>82</ele>
        <extensions>
          <distance>88162</distance>
        </extensions>
      </trkpt>
      <trkpt lat="57.31289" lon="25.24852">
        <ele>82</ele>
        <extensions>
          <distance>88177</distance>
        </extensions>
      </trkpt>
      <trkpt lat="57.312815" lon="25.248730000000002">
        <ele>82</ele>
        <extensions>
          <distance>88192</distance>
        </extensions>
      </trkpt>
      <trkpt lat="57.31274" lon="25.24894">
        <ele>82</ele>
        <extensions>
          <distance>88207</distance>
        </extensions>
      </trkpt>
      <trkpt lat="57.31263" lon="25.24903">
        <ele>83</ele>
        <extensions>
          <distance>88221</distance>
        </extensions>
      </trkpt>
      <trkpt lat="57.3124475" lon="25.2490525">
        <ele>84</ele>
        <extensions>
          <distance>88241</distance>
        </extensions>
      </trkpt>
      <trkpt lat="57.312265" lon="25.249075">
        <ele>84</ele>
        <extensions>
          <distance>88262</distance>
        </extensions>
      </trkpt>
      <trkpt lat="57.3120825" lon="25.2490975">
        <ele>84</ele>
        <extensions>
          <distance>88282</distance>
        </extensions>
      </trkpt>
      <trkpt lat="57.3119" lon="25.24912">
        <ele>84</ele>
        <extensions>
          <distance>88302</distance>
        </extensions>
      </trkpt>
      <trkpt lat="57.31188" lon="25.24924">
        <ele>84</ele>
        <extensions>
          <distance>88310</distance>
        </extensions>
      </trkpt>
      <trkpt lat="57.311912500000005" lon="25.2497225">
        <ele>84</ele>
        <extensions>
          <distance>88339</distance>
        </extensions>
      </trkpt>
      <trkpt lat="57.311945" lon="25.250205">
        <ele>81</ele>
        <extensions>
          <distance>88369</distance>
        </extensions>
      </trkpt>
      <trkpt lat="57.3119775" lon="25.250687499999998">
        <ele>76</ele>
        <extensions>
          <distance>88398</distance>
        </extensions>
      </trkpt>
      <trkpt lat="57.31201" lon="25.25117">
        <ele>72</ele>
        <extensions>
          <distance>88428</distance>
        </extensions>
      </trkpt>
      <trkpt lat="57.312" lon="25.251514999999998">
        <ele>70</ele>
        <extensions>
          <distance>88449</distance>
        </extensions>
      </trkpt>
      <trkpt lat="57.31199" lon="25.25186">
        <ele>68</ele>
        <extensions>
          <distance>88470</distance>
        </extensions>
      </trkpt>
      <trkpt lat="57.311980000000005" lon="25.252205">
        <ele>65</ele>
        <extensions>
          <distance>88491</distance>
        </extensions>
      </trkpt>
      <trkpt lat="57.31197" lon="25.25255">
        <ele>64</ele>
        <extensions>
          <distance>88512</distance>
        </extensions>
      </trkpt>
      <trkpt lat="57.311945" lon="25.25282125">
        <ele>64</ele>
        <extensions>
          <distance>88528</distance>
        </extensions>
      </trkpt>
      <trkpt lat="57.31192" lon="25.2530925">
        <ele>64</ele>
        <extensions>
          <distance>88545</distance>
        </extensions>
      </trkpt>
      <trkpt lat="57.311895" lon="25.25336375">
        <ele>64</ele>
        <extensions>
          <distance>88561</distance>
        </extensions>
      </trkpt>
      <trkpt lat="57.31187" lon="25.253635">
        <ele>66</ele>
        <extensions>
          <distance>88578</distance>
        </extensions>
      </trkpt>
      <trkpt lat="57.311845" lon="25.25390625">
        <ele>69</ele>
        <extensions>
          <distance>88595</distance>
        </extensions>
      </trkpt>
      <trkpt lat="57.31182" lon="25.254177499999997">
        <ele>71</ele>
        <extensions>
          <distance>88611</distance>
        </extensions>
      </trkpt>
      <trkpt lat="57.311795000000004" lon="25.254448749999998">
        <ele>74</ele>
        <extensions>
          <distance>88628</distance>
        </extensions>
      </trkpt>
      <trkpt lat="57.31177" lon="25.25472">
        <ele>76</ele>
        <extensions>
          <distance>88645</distance>
        </extensions>
      </trkpt>
      <trkpt lat="57.31175125" lon="25.255052499999998">
        <ele>76</ele>
        <extensions>
          <distance>88665</distance>
        </extensions>
      </trkpt>
      <trkpt lat="57.311732500000005" lon="25.255385">
        <ele>76</ele>
        <extensions>
          <distance>88685</distance>
        </extensions>
      </trkpt>
      <trkpt lat="57.31171375" lon="25.255717500000003">
        <ele>76</ele>
        <extensions>
          <distance>88705</distance>
        </extensions>
      </trkpt>
      <trkpt lat="57.311695" lon="25.256050000000002">
        <ele>76</ele>
        <extensions>
          <distance>88726</distance>
        </extensions>
      </trkpt>
      <trkpt lat="57.31167625" lon="25.2563825">
        <ele>76</ele>
        <extensions>
          <distance>88746</distance>
        </extensions>
      </trkpt>
      <trkpt lat="57.311657499999995" lon="25.256715">
        <ele>75</ele>
        <extensions>
          <distance>88766</distance>
        </extensions>
      </trkpt>
      <trkpt lat="57.31163875" lon="25.2570475">
        <ele>74</ele>
        <extensions>
          <distance>88786</distance>
        </extensions>
      </trkpt>
      <trkpt lat="57.31162" lon="25.25738">
        <ele>73</ele>
        <extensions>
          <distance>88806</distance>
        </extensions>
      </trkpt>
      <trkpt lat="57.31164" lon="25.25759">
        <ele>73</ele>
        <extensions>
          <distance>88819</distance>
        </extensions>
      </trkpt>
      <trkpt lat="57.31175" lon="25.25755">
        <ele>72</ele>
        <extensions>
          <distance>88832</distance>
        </extensions>
      </trkpt>
      <trkpt lat="57.31184" lon="25.25772">
        <ele>72</ele>
        <extensions>
          <distance>88846</distance>
        </extensions>
      </trkpt>
      <trkpt lat="57.31192" lon="25.25776">
        <ele>71</ele>
        <extensions>
          <distance>88855</distance>
        </extensions>
      </trkpt>
      <trkpt lat="57.31199" lon="25.25793">
        <ele>71</ele>
        <extensions>
          <distance>88868</distance>
        </extensions>
      </trkpt>
      <trkpt lat="57.312205000000006" lon="25.257890000000003">
        <ele>70</ele>
        <extensions>
          <distance>88892</distance>
        </extensions>
      </trkpt>
      <trkpt lat="57.31242" lon="25.25785">
        <ele>70</ele>
        <extensions>
          <distance>88916</distance>
        </extensions>
      </trkpt>
      <trkpt lat="57.31254" lon="25.25791">
        <ele>70</ele>
        <extensions>
          <distance>88930</distance>
        </extensions>
      </trkpt>
      <trkpt lat="57.312685" lon="25.258047499999996">
        <ele>69</ele>
        <extensions>
          <distance>88948</distance>
        </extensions>
      </trkpt>
      <trkpt lat="57.31283" lon="25.258184999999997">
        <ele>69</ele>
        <extensions>
          <distance>88966</distance>
        </extensions>
      </trkpt>
      <trkpt lat="57.312974999999994" lon="25.2583225">
        <ele>68</ele>
        <extensions>
          <distance>88985</distance>
        </extensions>
      </trkpt>
      <trkpt lat="57.31312" lon="25.25846">
        <ele>68</ele>
        <extensions>
          <distance>89003</distance>
        </extensions>
      </trkpt>
      <trkpt lat="57.313265" lon="25.2585975">
        <ele>67</ele>
        <extensions>
          <distance>89021</distance>
        </extensions>
      </trkpt>
      <trkpt lat="57.31341" lon="25.258735">
        <ele>67</ele>
        <extensions>
          <distance>89039</distance>
        </extensions>
      </trkpt>
      <trkpt lat="57.313554999999994" lon="25.258872500000003">
        <ele>67</ele>
        <extensions>
          <distance>89057</distance>
        </extensions>
      </trkpt>
      <trkpt lat="57.3137" lon="25.25901">
        <ele>67</ele>
        <extensions>
          <distance>89075</distance>
        </extensions>
      </trkpt>
      <trkpt lat="57.31385" lon="25.259245">
        <ele>67</ele>
        <extensions>
          <distance>89097</distance>
        </extensions>
      </trkpt>
      <trkpt lat="57.314" lon="25.25948">
        <ele>67</ele>
        <extensions>
          <distance>89119</distance>
        </extensions>
      </trkpt>
      <trkpt lat="57.314085" lon="25.25978">
        <ele>67</ele>
        <extensions>
          <distance>89139</distance>
        </extensions>
      </trkpt>
      <trkpt lat="57.31417" lon="25.26008">
        <ele>67</ele>
        <extensions>
          <distance>89160</distance>
        </extensions>
      </trkpt>
      <trkpt lat="57.3143" lon="25.26019">
        <ele>67</ele>
        <extensions>
          <distance>89176</distance>
        </extensions>
      </trkpt>
      <trkpt lat="57.31445" lon="25.26021">
        <ele>67</ele>
        <extensions>
          <distance>89193</distance>
        </extensions>
      </trkpt>
      <trkpt lat="57.31463" lon="25.25991">
        <ele>70</ele>
        <extensions>
          <distance>89220</distance>
        </extensions>
      </trkpt>
      <trkpt lat="57.31482750000001" lon="25.260005">
        <ele>70</ele>
        <extensions>
          <distance>89242</distance>
        </extensions>
      </trkpt>
      <trkpt lat="57.315025000000006" lon="25.2601">
        <ele>71</ele>
        <extensions>
          <distance>89265</distance>
        </extensions>
      </trkpt>
      <trkpt lat="57.315222500000004" lon="25.260195000000003">
        <ele>71</ele>
        <extensions>
          <distance>89288</distance>
        </extensions>
      </trkpt>
      <trkpt lat="57.31542" lon="25.26029">
        <ele>72</ele>
        <extensions>
          <distance>89310</distance>
        </extensions>
      </trkpt>
      <trkpt lat="57.31559" lon="25.26032">
        <ele>74</ele>
        <extensions>
          <distance>89330</distance>
        </extensions>
      </trkpt>
      <trkpt lat="57.31574" lon="25.26027">
        <ele>74</ele>
        <extensions>
          <distance>89347</distance>
        </extensions>
      </trkpt>
      <trkpt lat="57.31585" lon="25.26019">
        <ele>74</ele>
        <extensions>
          <distance>89360</distance>
        </extensions>
      </trkpt>
      <trkpt lat="57.31591" lon="25.26019">
        <ele>74</ele>
        <extensions>
          <distance>89366</distance>
        </extensions>
      </trkpt>
      <trkpt lat="57.315985" lon="25.260455">
        <ele>74</ele>
        <extensions>
          <distance>89384</distance>
        </extensions>
      </trkpt>
      <trkpt lat="57.31606" lon="25.26072">
        <ele>71</ele>
        <extensions>
          <distance>89403</distance>
        </extensions>
      </trkpt>
      <trkpt lat="57.31613" lon="25.26083">
        <ele>70</ele>
        <extensions>
          <distance>89413</distance>
        </extensions>
      </trkpt>
      <trkpt lat="57.31632" lon="25.2609">
        <ele>68</ele>
        <extensions>
          <distance>89434</distance>
        </extensions>
      </trkpt>
      <trkpt lat="57.31634" lon="25.26115">
        <ele>66</ele>
        <extensions>
          <distance>89450</distance>
        </extensions>
      </trkpt>
      <trkpt lat="57.31626" lon="25.26137">
        <ele>65</ele>
        <extensions>
          <distance>89466</distance>
        </extensions>
      </trkpt>
      <trkpt lat="57.31626" lon="25.26156">
        <ele>63</ele>
        <extensions>
          <distance>89477</distance>
        </extensions>
      </trkpt>
      <trkpt lat="57.31634" lon="25.26165">
        <ele>62</ele>
        <extensions>
          <distance>89488</distance>
        </extensions>
      </trkpt>
      <trkpt lat="57.31656" lon="25.26169">
        <ele>60</ele>
        <extensions>
          <distance>89513</distance>
        </extensions>
      </trkpt>
      <trkpt lat="57.31662" lon="25.26184">
        <ele>59</ele>
        <extensions>
          <distance>89524</distance>
        </extensions>
      </trkpt>
      <trkpt lat="57.316590000000005" lon="25.262335">
        <ele>56</ele>
        <extensions>
          <distance>89554</distance>
        </extensions>
      </trkpt>
      <trkpt lat="57.31656" lon="25.26283">
        <ele>55</ele>
        <extensions>
          <distance>89584</distance>
        </extensions>
      </trkpt>
      <trkpt lat="57.31658" lon="25.26313">
        <ele>55</ele>
        <extensions>
          <distance>89602</distance>
        </extensions>
      </trkpt>
      <trkpt lat="57.31669" lon="25.26332">
        <ele>55</ele>
        <extensions>
          <distance>89619</distance>
        </extensions>
      </trkpt>
      <trkpt lat="57.31671" lon="25.26358">
        <ele>55</ele>
        <extensions>
          <distance>89635</distance>
        </extensions>
      </trkpt>
      <trkpt lat="57.31658" lon="25.26392">
        <ele>55</ele>
        <extensions>
          <distance>89660</distance>
        </extensions>
      </trkpt>
      <trkpt lat="57.31656" lon="25.2642">
        <ele>56</ele>
        <extensions>
          <distance>89677</distance>
        </extensions>
      </trkpt>
      <trkpt lat="57.3166" lon="25.26467">
        <ele>57</ele>
        <extensions>
          <distance>89706</distance>
        </extensions>
      </trkpt>
      <trkpt lat="57.316535" lon="25.26498">
        <ele>59</ele>
        <extensions>
          <distance>89726</distance>
        </extensions>
      </trkpt>
      <trkpt lat="57.31647" lon="25.26529">
        <ele>61</ele>
        <extensions>
          <distance>89746</distance>
        </extensions>
      </trkpt>
      <trkpt lat="57.31644" lon="25.265625">
        <ele>63</ele>
        <extensions>
          <distance>89767</distance>
        </extensions>
      </trkpt>
      <trkpt lat="57.31641" lon="25.26596">
        <ele>65</ele>
        <extensions>
          <distance>89787</distance>
        </extensions>
      </trkpt>
      <trkpt lat="57.31634" lon="25.26611">
        <ele>65</ele>
        <extensions>
          <distance>89799</distance>
        </extensions>
      </trkpt>
      <trkpt lat="57.3163" lon="25.26617">
        <ele>66</ele>
        <extensions>
          <distance>89805</distance>
        </extensions>
      </trkpt>
      <trkpt lat="57.31609" lon="25.26626">
        <ele>67</ele>
        <extensions>
          <distance>89829</distance>
        </extensions>
      </trkpt>
      <trkpt lat="57.31585" lon="25.266215">
        <ele>68</ele>
        <extensions>
          <distance>89856</distance>
        </extensions>
      </trkpt>
      <trkpt lat="57.31561" lon="25.26617">
        <ele>71</ele>
        <extensions>
          <distance>89883</distance>
        </extensions>
      </trkpt>
      <trkpt lat="57.31544" lon="25.26632">
        <ele>74</ele>
        <extensions>
          <distance>89904</distance>
        </extensions>
      </trkpt>
      <trkpt lat="57.31533" lon="25.26652">
        <ele>76</ele>
        <extensions>
          <distance>89921</distance>
        </extensions>
      </trkpt>
      <trkpt lat="57.31523" lon="25.26647">
        <ele>77</ele>
        <extensions>
          <distance>89933</distance>
        </extensions>
      </trkpt>
      <trkpt lat="57.31509" lon="25.26685">
        <ele>80</ele>
        <extensions>
          <distance>89961</distance>
        </extensions>
      </trkpt>
      <trkpt lat="57.31495" lon="25.26723">
        <ele>81</ele>
        <extensions>
          <distance>89988</distance>
        </extensions>
      </trkpt>
      <trkpt lat="57.314800000000005" lon="25.267409999999998">
        <ele>82</ele>
        <extensions>
          <distance>90008</distance>
        </extensions>
      </trkpt>
      <trkpt lat="57.31465" lon="25.26759">
        <ele>82</ele>
        <extensions>
          <distance>90028</distance>
        </extensions>
      </trkpt>
      <trkpt lat="57.31455" lon="25.26787">
        <ele>82</ele>
        <extensions>
          <distance>90048</distance>
        </extensions>
      </trkpt>
      <trkpt lat="57.31445" lon="25.26815">
        <ele>83</ele>
        <extensions>
          <distance>90069</distance>
        </extensions>
      </trkpt>
      <trkpt lat="57.31431" lon="25.268365">
        <ele>83</ele>
        <extensions>
          <distance>90089</distance>
        </extensions>
      </trkpt>
      <trkpt lat="57.31417" lon="25.26858">
        <ele>86</ele>
        <extensions>
          <distance>90109</distance>
        </extensions>
      </trkpt>
      <trkpt lat="57.314215" lon="25.2689175">
        <ele>86</ele>
        <extensions>
          <distance>90130</distance>
        </extensions>
      </trkpt>
      <trkpt lat="57.31426" lon="25.269255">
        <ele>87</ele>
        <extensions>
          <distance>90151</distance>
        </extensions>
      </trkpt>
      <trkpt lat="57.314305" lon="25.2695925">
        <ele>87</ele>
        <extensions>
          <distance>90172</distance>
        </extensions>
      </trkpt>
      <trkpt lat="57.31435" lon="25.26993">
        <ele>89</ele>
        <extensions>
          <distance>90193</distance>
        </extensions>
      </trkpt>
      <trkpt lat="57.31417" lon="25.27029">
        <ele>94</ele>
        <extensions>
          <distance>90223</distance>
        </extensions>
      </trkpt>
      <trkpt lat="57.31403" lon="25.2704">
        <ele>95</ele>
        <extensions>
          <distance>90240</distance>
        </extensions>
      </trkpt>
      <trkpt lat="57.313955" lon="25.27083">
        <ele>97</ele>
        <extensions>
          <distance>90267</distance>
        </extensions>
      </trkpt>
      <trkpt lat="57.31388" lon="25.27126">
        <ele>98</ele>
        <extensions>
          <distance>90295</distance>
        </extensions>
      </trkpt>
      <trkpt lat="57.31377" lon="25.27143">
        <ele>99</ele>
        <extensions>
          <distance>90311</distance>
        </extensions>
      </trkpt>
      <trkpt lat="57.3137" lon="25.27175">
        <ele>100</ele>
        <extensions>
          <distance>90331</distance>
        </extensions>
      </trkpt>
      <trkpt lat="57.313559999999995" lon="25.27201">
        <ele>101</ele>
        <extensions>
          <distance>90354</distance>
        </extensions>
      </trkpt>
      <trkpt lat="57.31342" lon="25.27227">
        <ele>103</ele>
        <extensions>
          <distance>90376</distance>
        </extensions>
      </trkpt>
      <trkpt lat="57.313315" lon="25.272084999999997">
        <ele>103</ele>
        <extensions>
          <distance>90392</distance>
        </extensions>
      </trkpt>
      <trkpt lat="57.31321" lon="25.2719">
        <ele>103</ele>
        <extensions>
          <distance>90408</distance>
        </extensions>
      </trkpt>
      <trkpt lat="57.313" lon="25.27171">
        <ele>103</ele>
        <extensions>
          <distance>90434</distance>
        </extensions>
      </trkpt>
      <trkpt lat="57.3128" lon="25.27158">
        <ele>103</ele>
        <extensions>
          <distance>90458</distance>
        </extensions>
      </trkpt>
      <trkpt lat="57.3125975" lon="25.2715275">
        <ele>103</ele>
        <extensions>
          <distance>90481</distance>
        </extensions>
      </trkpt>
      <trkpt lat="57.312395" lon="25.271475000000002">
        <ele>104</ele>
        <extensions>
          <distance>90503</distance>
        </extensions>
      </trkpt>
      <trkpt lat="57.3121925" lon="25.2714225">
        <ele>104</ele>
        <extensions>
          <distance>90526</distance>
        </extensions>
      </trkpt>
      <trkpt lat="57.31199" lon="25.27137">
        <ele>103.5</ele>
        <extensions>
          <distance>90549</distance>
        </extensions>
      </trkpt>
      <trkpt lat="57.311859999999996" lon="25.27121">
        <ele>104</ele>
        <extensions>
          <distance>90566</distance>
        </extensions>
      </trkpt>
      <trkpt lat="57.31173" lon="25.27105">
        <ele>104</ele>
        <extensions>
          <distance>90584</distance>
        </extensions>
      </trkpt>
    </trkseg>
  </trk>
</gpx>