<?xml version="1.0"?>
<gpx xmlns="http://www.topografix.com/GPX/1/1" xmlns:xsi="http://www.w3.org/2001/XMLSchema-instance" version="1.1" creator="AllTrails.com" xsi:schemaLocation="http://www.topografix.com/GPX/1/1 http://www.topografix.com/GPX/1/1/gpx.xsd">
  <metadata>
    <name><![CDATA[Tatra SkyMarathon 2025]]></name>
    <desc><![CDATA[]]></desc>
    <link href="http://www.alltrails.com">
      <text>AllTrails, LLC</text>
    </link>
    <bounds minlat="49.19958" minlon="19.80625" maxlat="49.26364" maxlon="19.8697"/>
  </metadata>
  <wpt lat="49.22879" lon="19.85894">
    <name><![CDATA[Punkt odżywczy - Ornak 23 km ]]></name>
    <desc><![CDATA[]]></desc>
  </wpt>
  <wpt lat="49.26364" lon="19.8697">
    <name><![CDATA[Punkt odżywczy - Cudakowa Polana 6.5 km]]></name>
    <desc><![CDATA[]]></desc>
  </wpt>
  <wpt lat="49.23989" lon="19.80625">
    <name><![CDATA[Punkt odżywczy - Polana Trzydniówka 36 km]]></name>
    <desc><![CDATA[]]></desc>
  </wpt>
  <trk>
    <name><![CDATA[Tatra SkyMarathon 2025]]></name>
    <src>AllTrails</src>
    <trkseg>
      <trkpt lat="49.28296" lon="19.84361">
        <ele>904.38</ele>
      </trkpt>
      <trkpt lat="49.2823" lon="19.84282">
        <ele>911.3</ele>
      </trkpt>
      <trkpt lat="49.2823" lon="19.84282">
        <ele>911.3</ele>
      </trkpt>
      <trkpt lat="49.28181" lon="19.84262">
        <ele>904.93</ele>
      </trkpt>
      <trkpt lat="49.28181" lon="19.84262">
        <ele>904.93</ele>
      </trkpt>
      <trkpt lat="49.28182" lon="19.84264">
        <ele>905.22</ele>
      </trkpt>
      <trkpt lat="49.28173" lon="19.84267">
        <ele>904.14</ele>
      </trkpt>
      <trkpt lat="49.28158" lon="19.84266">
        <ele>902.53</ele>
      </trkpt>
      <trkpt lat="49.28138" lon="19.84263">
        <ele>901.08</ele>
      </trkpt>
      <trkpt lat="49.28125" lon="19.84266">
        <ele>903.36</ele>
      </trkpt>
      <trkpt lat="49.28106" lon="19.84275">
        <ele>906.62</ele>
      </trkpt>
      <trkpt lat="49.2808" lon="19.84272">
        <ele>910.18</ele>
      </trkpt>
      <trkpt lat="49.2805" lon="19.84259">
        <ele>914.58</ele>
      </trkpt>
      <trkpt lat="49.28036" lon="19.8425">
        <ele>916.52</ele>
      </trkpt>
      <trkpt lat="49.28023" lon="19.84237">
        <ele>917.58</ele>
      </trkpt>
      <trkpt lat="49.28009" lon="19.84219">
        <ele>914.3</ele>
      </trkpt>
      <trkpt lat="49.27993" lon="19.842">
        <ele>912.8</ele>
      </trkpt>
      <trkpt lat="49.27972" lon="19.84185">
        <ele>911.01</ele>
      </trkpt>
      <trkpt lat="49.27951" lon="19.84183">
        <ele>911.63</ele>
      </trkpt>
      <trkpt lat="49.2793" lon="19.84187">
        <ele>916.7</ele>
      </trkpt>
      <trkpt lat="49.27905" lon="19.84199">
        <ele>926.34</ele>
      </trkpt>
      <trkpt lat="49.27903" lon="19.84204">
        <ele>928.0</ele>
      </trkpt>
      <trkpt lat="49.27903" lon="19.84204">
        <ele>928.0</ele>
      </trkpt>
      <trkpt lat="49.27905" lon="19.84199">
        <ele>926.34</ele>
      </trkpt>
      <trkpt lat="49.27907" lon="19.8422">
        <ele>930.3</ele>
      </trkpt>
      <trkpt lat="49.27909" lon="19.84269">
        <ele>939.58</ele>
      </trkpt>
      <trkpt lat="49.27902" lon="19.84301">
        <ele>940.46</ele>
      </trkpt>
      <trkpt lat="49.27897" lon="19.84324">
        <ele>940.0</ele>
      </trkpt>
      <trkpt lat="49.27897" lon="19.84324">
        <ele>940.0</ele>
      </trkpt>
      <trkpt lat="49.27892" lon="19.84342">
        <ele>938.67</ele>
      </trkpt>
      <trkpt lat="49.27881" lon="19.84367">
        <ele>938.37</ele>
      </trkpt>
      <trkpt lat="49.27872" lon="19.84389">
        <ele>940.61</ele>
      </trkpt>
      <trkpt lat="49.27825" lon="19.84538">
        <ele>943.82</ele>
      </trkpt>
      <trkpt lat="49.27816" lon="19.84576">
        <ele>944.56</ele>
      </trkpt>
      <trkpt lat="49.27812" lon="19.84597">
        <ele>945.9</ele>
      </trkpt>
      <trkpt lat="49.27812" lon="19.84629">
        <ele>945.44</ele>
      </trkpt>
      <trkpt lat="49.27813" lon="19.84644">
        <ele>944.19</ele>
      </trkpt>
      <trkpt lat="49.27811" lon="19.84677">
        <ele>942.03</ele>
      </trkpt>
      <trkpt lat="49.27811" lon="19.84722">
        <ele>938.6</ele>
      </trkpt>
      <trkpt lat="49.278" lon="19.84788">
        <ele>938.97</ele>
      </trkpt>
      <trkpt lat="49.27796" lon="19.84817">
        <ele>939.63</ele>
      </trkpt>
      <trkpt lat="49.27797" lon="19.84834">
        <ele>938.81</ele>
      </trkpt>
      <trkpt lat="49.27795" lon="19.84848">
        <ele>938.7</ele>
      </trkpt>
      <trkpt lat="49.27796" lon="19.84859">
        <ele>937.88</ele>
      </trkpt>
      <trkpt lat="49.27794" lon="19.84864">
        <ele>938.37</ele>
      </trkpt>
      <trkpt lat="49.27791" lon="19.84868">
        <ele>939.27</ele>
      </trkpt>
      <trkpt lat="49.27784" lon="19.84887">
        <ele>940.67</ele>
      </trkpt>
      <trkpt lat="49.27781" lon="19.84921">
        <ele>936.35</ele>
      </trkpt>
      <trkpt lat="49.27777" lon="19.84964">
        <ele>929.57</ele>
      </trkpt>
      <trkpt lat="49.27775" lon="19.84969">
        <ele>928.89</ele>
      </trkpt>
      <trkpt lat="49.27774" lon="19.84978">
        <ele>927.96</ele>
      </trkpt>
      <trkpt lat="49.27766" lon="19.84976">
        <ele>928.94</ele>
      </trkpt>
      <trkpt lat="49.27766" lon="19.84983">
        <ele>928.33</ele>
      </trkpt>
      <trkpt lat="49.27765" lon="19.84989">
        <ele>927.89</ele>
      </trkpt>
      <trkpt lat="49.27765" lon="19.84989">
        <ele>927.89</ele>
      </trkpt>
      <trkpt lat="49.27765" lon="19.84989">
        <ele>927.89</ele>
      </trkpt>
      <trkpt lat="49.27765" lon="19.84989">
        <ele>927.89</ele>
      </trkpt>
      <trkpt lat="49.27755" lon="19.84984">
        <ele>929.26</ele>
      </trkpt>
      <trkpt lat="49.27727" lon="19.84968">
        <ele>939.87</ele>
      </trkpt>
      <trkpt lat="49.27698" lon="19.84958">
        <ele>949.54</ele>
      </trkpt>
      <trkpt lat="49.27679" lon="19.8495">
        <ele>955.24</ele>
      </trkpt>
      <trkpt lat="49.27647" lon="19.84931">
        <ele>961.28</ele>
      </trkpt>
      <trkpt lat="49.27608" lon="19.84889">
        <ele>943.68</ele>
      </trkpt>
      <trkpt lat="49.27583" lon="19.84858">
        <ele>947.13</ele>
      </trkpt>
      <trkpt lat="49.27548" lon="19.84808">
        <ele>956.46</ele>
      </trkpt>
      <trkpt lat="49.27489" lon="19.84771">
        <ele>956.35</ele>
      </trkpt>
      <trkpt lat="49.27471" lon="19.84748">
        <ele>955.27</ele>
      </trkpt>
      <trkpt lat="49.27449" lon="19.84735">
        <ele>956.03</ele>
      </trkpt>
      <trkpt lat="49.27405" lon="19.84716">
        <ele>950.77</ele>
      </trkpt>
      <trkpt lat="49.27374" lon="19.84684">
        <ele>955.84</ele>
      </trkpt>
      <trkpt lat="49.27318" lon="19.84624">
        <ele>967.9</ele>
      </trkpt>
      <trkpt lat="49.27247" lon="19.84544">
        <ele>963.46</ele>
      </trkpt>
      <trkpt lat="49.27195" lon="19.84475">
        <ele>966.4</ele>
      </trkpt>
      <trkpt lat="49.27147" lon="19.84397">
        <ele>968.99</ele>
      </trkpt>
      <trkpt lat="49.27131" lon="19.84382">
        <ele>966.75</ele>
      </trkpt>
      <trkpt lat="49.2712" lon="19.84366">
        <ele>965.6</ele>
      </trkpt>
      <trkpt lat="49.27099" lon="19.84325">
        <ele>968.77</ele>
      </trkpt>
      <trkpt lat="49.27069" lon="19.84283">
        <ele>974.98</ele>
      </trkpt>
      <trkpt lat="49.27033" lon="19.84252">
        <ele>976.31</ele>
      </trkpt>
      <trkpt lat="49.27019" lon="19.84244">
        <ele>977.48</ele>
      </trkpt>
      <trkpt lat="49.27004" lon="19.84238">
        <ele>978.97</ele>
      </trkpt>
      <trkpt lat="49.26983" lon="19.84237">
        <ele>975.05</ele>
      </trkpt>
      <trkpt lat="49.26947" lon="19.84235">
        <ele>970.46</ele>
      </trkpt>
      <trkpt lat="49.26902" lon="19.84239">
        <ele>977.42</ele>
      </trkpt>
      <trkpt lat="49.26819" lon="19.84264">
        <ele>964.91</ele>
      </trkpt>
      <trkpt lat="49.26789" lon="19.8427">
        <ele>963.52</ele>
      </trkpt>
      <trkpt lat="49.26756" lon="19.84274">
        <ele>972.3</ele>
      </trkpt>
      <trkpt lat="49.26697" lon="19.84294">
        <ele>978.85</ele>
      </trkpt>
      <trkpt lat="49.26643" lon="19.84317">
        <ele>982.09</ele>
      </trkpt>
      <trkpt lat="49.26609" lon="19.84337">
        <ele>981.8</ele>
      </trkpt>
      <trkpt lat="49.26579" lon="19.84362">
        <ele>979.9</ele>
      </trkpt>
      <trkpt lat="49.26518" lon="19.84404">
        <ele>980.47</ele>
      </trkpt>
      <trkpt lat="49.26499" lon="19.84416">
        <ele>984.31</ele>
      </trkpt>
      <trkpt lat="49.26481" lon="19.84422">
        <ele>986.53</ele>
      </trkpt>
      <trkpt lat="49.2647" lon="19.84424">
        <ele>987.23</ele>
      </trkpt>
      <trkpt lat="49.26453" lon="19.84425">
        <ele>985.32</ele>
      </trkpt>
      <trkpt lat="49.26426" lon="19.8442">
        <ele>988.85</ele>
      </trkpt>
      <trkpt lat="49.26415" lon="19.84424">
        <ele>990.21</ele>
      </trkpt>
      <trkpt lat="49.26402" lon="19.84428">
        <ele>994.06</ele>
      </trkpt>
      <trkpt lat="49.26392" lon="19.84431">
        <ele>997.67</ele>
      </trkpt>
      <trkpt lat="49.26374" lon="19.84433">
        <ele>999.93</ele>
      </trkpt>
      <trkpt lat="49.26349" lon="19.84434">
        <ele>1002.48</ele>
      </trkpt>
      <trkpt lat="49.26333" lon="19.84441">
        <ele>1003.6</ele>
      </trkpt>
      <trkpt lat="49.26309" lon="19.8446">
        <ele>999.43</ele>
      </trkpt>
      <trkpt lat="49.263" lon="19.84475">
        <ele>998.4</ele>
      </trkpt>
      <trkpt lat="49.26293" lon="19.84495">
        <ele>997.72</ele>
      </trkpt>
      <trkpt lat="49.26288" lon="19.84526">
        <ele>997.55</ele>
      </trkpt>
      <trkpt lat="49.26282" lon="19.8456">
        <ele>997.9</ele>
      </trkpt>
      <trkpt lat="49.26273" lon="19.84579">
        <ele>998.46</ele>
      </trkpt>
      <trkpt lat="49.26258" lon="19.84604">
        <ele>997.51</ele>
      </trkpt>
      <trkpt lat="49.26252" lon="19.84611">
        <ele>996.43</ele>
      </trkpt>
      <trkpt lat="49.26233" lon="19.84629">
        <ele>1000.22</ele>
      </trkpt>
      <trkpt lat="49.26218" lon="19.84645">
        <ele>1003.18</ele>
      </trkpt>
      <trkpt lat="49.26208" lon="19.84655">
        <ele>1007.08</ele>
      </trkpt>
      <trkpt lat="49.26198" lon="19.84663">
        <ele>1007.3</ele>
      </trkpt>
      <trkpt lat="49.26185" lon="19.84677">
        <ele>1016.03</ele>
      </trkpt>
      <trkpt lat="49.2618" lon="19.84682">
        <ele>1018.57</ele>
      </trkpt>
      <trkpt lat="49.26177" lon="19.8469">
        <ele>1016.46</ele>
      </trkpt>
      <trkpt lat="49.26119" lon="19.84806">
        <ele>1011.95</ele>
      </trkpt>
      <trkpt lat="49.26092" lon="19.84846">
        <ele>1010.38</ele>
      </trkpt>
      <trkpt lat="49.26071" lon="19.84892">
        <ele>1012.85</ele>
      </trkpt>
      <trkpt lat="49.26056" lon="19.84927">
        <ele>1014.37</ele>
      </trkpt>
      <trkpt lat="49.26045" lon="19.84956">
        <ele>1017.54</ele>
      </trkpt>
      <trkpt lat="49.26036" lon="19.84973">
        <ele>1017.68</ele>
      </trkpt>
      <trkpt lat="49.25995" lon="19.85041">
        <ele>1025.68</ele>
      </trkpt>
      <trkpt lat="49.25946" lon="19.85155">
        <ele>1033.38</ele>
      </trkpt>
      <trkpt lat="49.25941" lon="19.85165">
        <ele>1034.43</ele>
      </trkpt>
      <trkpt lat="49.25918" lon="19.85195">
        <ele>1030.9</ele>
      </trkpt>
      <trkpt lat="49.25865" lon="19.85247">
        <ele>1033.5</ele>
      </trkpt>
      <trkpt lat="49.25811" lon="19.85306">
        <ele>1039.23</ele>
      </trkpt>
      <trkpt lat="49.25781" lon="19.85327">
        <ele>1049.04</ele>
      </trkpt>
      <trkpt lat="49.25766" lon="19.85342">
        <ele>1054.51</ele>
      </trkpt>
      <trkpt lat="49.25748" lon="19.85361">
        <ele>1058.66</ele>
      </trkpt>
      <trkpt lat="49.25733" lon="19.85388">
        <ele>1063.51</ele>
      </trkpt>
      <trkpt lat="49.25732" lon="19.85391">
        <ele>1063.79</ele>
      </trkpt>
      <trkpt lat="49.25727" lon="19.85402">
        <ele>1064.83</ele>
      </trkpt>
      <trkpt lat="49.25722" lon="19.85412">
        <ele>1065.37</ele>
      </trkpt>
      <trkpt lat="49.25717" lon="19.85422">
        <ele>1065.21</ele>
      </trkpt>
      <trkpt lat="49.25705" lon="19.85447">
        <ele>1064.93</ele>
      </trkpt>
      <trkpt lat="49.25699" lon="19.85466">
        <ele>1064.23</ele>
      </trkpt>
      <trkpt lat="49.25698" lon="19.85486">
        <ele>1063.5</ele>
      </trkpt>
      <trkpt lat="49.25698" lon="19.85494">
        <ele>1063.36</ele>
      </trkpt>
      <trkpt lat="49.25673" lon="19.85503">
        <ele>1068.64</ele>
      </trkpt>
      <trkpt lat="49.25658" lon="19.85498">
        <ele>1073.12</ele>
      </trkpt>
      <trkpt lat="49.25639" lon="19.85482">
        <ele>1078.67</ele>
      </trkpt>
      <trkpt lat="49.25616" lon="19.85448">
        <ele>1081.14</ele>
      </trkpt>
      <trkpt lat="49.25607" lon="19.85421">
        <ele>1086.0</ele>
      </trkpt>
      <trkpt lat="49.25597" lon="19.85398">
        <ele>1088.34</ele>
      </trkpt>
      <trkpt lat="49.25585" lon="19.85375">
        <ele>1089.12</ele>
      </trkpt>
      <trkpt lat="49.25574" lon="19.85344">
        <ele>1084.56</ele>
      </trkpt>
      <trkpt lat="49.25555" lon="19.85296">
        <ele>1081.95</ele>
      </trkpt>
      <trkpt lat="49.25541" lon="19.85252">
        <ele>1086.26</ele>
      </trkpt>
      <trkpt lat="49.25527" lon="19.8522">
        <ele>1087.52</ele>
      </trkpt>
      <trkpt lat="49.25476" lon="19.85087">
        <ele>1099.96</ele>
      </trkpt>
      <trkpt lat="49.25468" lon="19.85069">
        <ele>1099.35</ele>
      </trkpt>
      <trkpt lat="49.25467" lon="19.85087">
        <ele>1100.9</ele>
      </trkpt>
      <trkpt lat="49.25469" lon="19.85109">
        <ele>1102.52</ele>
      </trkpt>
      <trkpt lat="49.25465" lon="19.85138">
        <ele>1104.53</ele>
      </trkpt>
      <trkpt lat="49.25465" lon="19.85152">
        <ele>1105.87</ele>
      </trkpt>
      <trkpt lat="49.25467" lon="19.85169">
        <ele>1106.91</ele>
      </trkpt>
      <trkpt lat="49.25475" lon="19.85192">
        <ele>1105.93</ele>
      </trkpt>
      <trkpt lat="49.25476" lon="19.85214">
        <ele>1109.62</ele>
      </trkpt>
      <trkpt lat="49.25481" lon="19.85233">
        <ele>1110.71</ele>
      </trkpt>
      <trkpt lat="49.25492" lon="19.85273">
        <ele>1112.17</ele>
      </trkpt>
      <trkpt lat="49.25497" lon="19.85299">
        <ele>1114.33</ele>
      </trkpt>
      <trkpt lat="49.25499" lon="19.85322">
        <ele>1116.17</ele>
      </trkpt>
      <trkpt lat="49.25506" lon="19.85341">
        <ele>1113.84</ele>
      </trkpt>
      <trkpt lat="49.2551" lon="19.85369">
        <ele>1114.84</ele>
      </trkpt>
      <trkpt lat="49.25514" lon="19.85413">
        <ele>1116.83</ele>
      </trkpt>
      <trkpt lat="49.25514" lon="19.8545">
        <ele>1121.47</ele>
      </trkpt>
      <trkpt lat="49.25515" lon="19.85477">
        <ele>1125.35</ele>
      </trkpt>
      <trkpt lat="49.25521" lon="19.85499">
        <ele>1124.81</ele>
      </trkpt>
      <trkpt lat="49.25526" lon="19.85514">
        <ele>1124.65</ele>
      </trkpt>
      <trkpt lat="49.25527" lon="19.85523">
        <ele>1125.56</ele>
      </trkpt>
      <trkpt lat="49.25537" lon="19.85549">
        <ele>1128.08</ele>
      </trkpt>
      <trkpt lat="49.25542" lon="19.85601">
        <ele>1131.46</ele>
      </trkpt>
      <trkpt lat="49.25554" lon="19.85639">
        <ele>1133.18</ele>
      </trkpt>
      <trkpt lat="49.25565" lon="19.85667">
        <ele>1132.61</ele>
      </trkpt>
      <trkpt lat="49.25573" lon="19.85683">
        <ele>1130.91</ele>
      </trkpt>
      <trkpt lat="49.25576" lon="19.85698">
        <ele>1130.66</ele>
      </trkpt>
      <trkpt lat="49.2558" lon="19.85716">
        <ele>1129.58</ele>
      </trkpt>
      <trkpt lat="49.25581" lon="19.85737">
        <ele>1129.25</ele>
      </trkpt>
      <trkpt lat="49.25583" lon="19.85753">
        <ele>1129.15</ele>
      </trkpt>
      <trkpt lat="49.25587" lon="19.85768">
        <ele>1129.34</ele>
      </trkpt>
      <trkpt lat="49.25598" lon="19.85828">
        <ele>1133.75</ele>
      </trkpt>
      <trkpt lat="49.25602" lon="19.85854">
        <ele>1131.58</ele>
      </trkpt>
      <trkpt lat="49.25602" lon="19.85854">
        <ele>1131.58</ele>
      </trkpt>
      <trkpt lat="49.25602" lon="19.85854">
        <ele>1131.58</ele>
      </trkpt>
      <trkpt lat="49.25602" lon="19.85854">
        <ele>1131.58</ele>
      </trkpt>
      <trkpt lat="49.25607" lon="19.85884">
        <ele>1130.32</ele>
      </trkpt>
      <trkpt lat="49.25604" lon="19.85924">
        <ele>1130.11</ele>
      </trkpt>
      <trkpt lat="49.25604" lon="19.85964">
        <ele>1128.21</ele>
      </trkpt>
      <trkpt lat="49.25606" lon="19.85981">
        <ele>1128.77</ele>
      </trkpt>
      <trkpt lat="49.25606" lon="19.85997">
        <ele>1129.03</ele>
      </trkpt>
      <trkpt lat="49.25617" lon="19.86037">
        <ele>1130.98</ele>
      </trkpt>
      <trkpt lat="49.2562" lon="19.86054">
        <ele>1132.18</ele>
      </trkpt>
      <trkpt lat="49.25621" lon="19.8607">
        <ele>1133.08</ele>
      </trkpt>
      <trkpt lat="49.2562" lon="19.86095">
        <ele>1133.05</ele>
      </trkpt>
      <trkpt lat="49.25614" lon="19.86127">
        <ele>1130.7</ele>
      </trkpt>
      <trkpt lat="49.2561" lon="19.86166">
        <ele>1130.58</ele>
      </trkpt>
      <trkpt lat="49.25611" lon="19.86182">
        <ele>1128.77</ele>
      </trkpt>
      <trkpt lat="49.2562" lon="19.86203">
        <ele>1127.48</ele>
      </trkpt>
      <trkpt lat="49.25623" lon="19.86213">
        <ele>1126.51</ele>
      </trkpt>
      <trkpt lat="49.25625" lon="19.86226">
        <ele>1125.3</ele>
      </trkpt>
      <trkpt lat="49.25627" lon="19.86234">
        <ele>1125.28</ele>
      </trkpt>
      <trkpt lat="49.25629" lon="19.86245">
        <ele>1124.92</ele>
      </trkpt>
      <trkpt lat="49.25637" lon="19.86263">
        <ele>1121.89</ele>
      </trkpt>
      <trkpt lat="49.25643" lon="19.8628">
        <ele>1117.72</ele>
      </trkpt>
      <trkpt lat="49.25645" lon="19.86295">
        <ele>1112.2</ele>
      </trkpt>
      <trkpt lat="49.25646" lon="19.86308">
        <ele>1107.53</ele>
      </trkpt>
      <trkpt lat="49.25648" lon="19.86323">
        <ele>1103.4</ele>
      </trkpt>
      <trkpt lat="49.2565" lon="19.86345">
        <ele>1098.11</ele>
      </trkpt>
      <trkpt lat="49.2565" lon="19.86365">
        <ele>1093.78</ele>
      </trkpt>
      <trkpt lat="49.25655" lon="19.86382">
        <ele>1092.04</ele>
      </trkpt>
      <trkpt lat="49.25659" lon="19.86395">
        <ele>1090.74</ele>
      </trkpt>
      <trkpt lat="49.2566" lon="19.86409">
        <ele>1088.9</ele>
      </trkpt>
      <trkpt lat="49.25666" lon="19.86449">
        <ele>1083.91</ele>
      </trkpt>
      <trkpt lat="49.25667" lon="19.86466">
        <ele>1080.36</ele>
      </trkpt>
      <trkpt lat="49.25672" lon="19.86482">
        <ele>1078.11</ele>
      </trkpt>
      <trkpt lat="49.25677" lon="19.86509">
        <ele>1075.4</ele>
      </trkpt>
      <trkpt lat="49.25678" lon="19.86531">
        <ele>1072.69</ele>
      </trkpt>
      <trkpt lat="49.25689" lon="19.86573">
        <ele>1066.95</ele>
      </trkpt>
      <trkpt lat="49.25691" lon="19.86584">
        <ele>1065.41</ele>
      </trkpt>
      <trkpt lat="49.257" lon="19.86602">
        <ele>1067.74</ele>
      </trkpt>
      <trkpt lat="49.25705" lon="19.86608">
        <ele>1068.28</ele>
      </trkpt>
      <trkpt lat="49.25727" lon="19.86654">
        <ele>1056.69</ele>
      </trkpt>
      <trkpt lat="49.25739" lon="19.86666">
        <ele>1050.58</ele>
      </trkpt>
      <trkpt lat="49.25753" lon="19.86674">
        <ele>1045.27</ele>
      </trkpt>
      <trkpt lat="49.25766" lon="19.86687">
        <ele>1039.42</ele>
      </trkpt>
      <trkpt lat="49.25777" lon="19.8669">
        <ele>1037.15</ele>
      </trkpt>
      <trkpt lat="49.25804" lon="19.86689">
        <ele>1035.86</ele>
      </trkpt>
      <trkpt lat="49.25821" lon="19.86694">
        <ele>1035.79</ele>
      </trkpt>
      <trkpt lat="49.25829" lon="19.86698">
        <ele>1035.27</ele>
      </trkpt>
      <trkpt lat="49.25846" lon="19.86721">
        <ele>1027.42</ele>
      </trkpt>
      <trkpt lat="49.25853" lon="19.86727">
        <ele>1024.89</ele>
      </trkpt>
      <trkpt lat="49.2586" lon="19.86732">
        <ele>1022.76</ele>
      </trkpt>
      <trkpt lat="49.25868" lon="19.86738">
        <ele>1020.19</ele>
      </trkpt>
      <trkpt lat="49.25877" lon="19.86742">
        <ele>1017.89</ele>
      </trkpt>
      <trkpt lat="49.25907" lon="19.86782">
        <ele>995.96</ele>
      </trkpt>
      <trkpt lat="49.2593" lon="19.86815">
        <ele>990.71</ele>
      </trkpt>
      <trkpt lat="49.25956" lon="19.86852">
        <ele>982.44</ele>
      </trkpt>
      <trkpt lat="49.25965" lon="19.86869">
        <ele>979.16</ele>
      </trkpt>
      <trkpt lat="49.25971" lon="19.86878">
        <ele>978.76</ele>
      </trkpt>
      <trkpt lat="49.25982" lon="19.86891">
        <ele>980.99</ele>
      </trkpt>
      <trkpt lat="49.25993" lon="19.86901">
        <ele>983.07</ele>
      </trkpt>
      <trkpt lat="49.25998" lon="19.86906">
        <ele>983.15</ele>
      </trkpt>
      <trkpt lat="49.26011" lon="19.86917">
        <ele>986.12</ele>
      </trkpt>
      <trkpt lat="49.26018" lon="19.86926">
        <ele>989.81</ele>
      </trkpt>
      <trkpt lat="49.26027" lon="19.86939">
        <ele>992.63</ele>
      </trkpt>
      <trkpt lat="49.26081" lon="19.86952">
        <ele>981.83</ele>
      </trkpt>
      <trkpt lat="49.26095" lon="19.86955">
        <ele>978.28</ele>
      </trkpt>
      <trkpt lat="49.26103" lon="19.86955">
        <ele>977.49</ele>
      </trkpt>
      <trkpt lat="49.26133" lon="19.86945">
        <ele>976.24</ele>
      </trkpt>
      <trkpt lat="49.2617" lon="19.86934">
        <ele>969.38</ele>
      </trkpt>
      <trkpt lat="49.2619" lon="19.8693">
        <ele>964.52</ele>
      </trkpt>
      <trkpt lat="49.26215" lon="19.8693">
        <ele>959.43</ele>
      </trkpt>
      <trkpt lat="49.2624" lon="19.86929">
        <ele>956.27</ele>
      </trkpt>
      <trkpt lat="49.26265" lon="19.86934">
        <ele>953.2</ele>
      </trkpt>
      <trkpt lat="49.26292" lon="19.86941">
        <ele>950.97</ele>
      </trkpt>
      <trkpt lat="49.26323" lon="19.86953">
        <ele>950.21</ele>
      </trkpt>
      <trkpt lat="49.26353" lon="19.86963">
        <ele>948.78</ele>
      </trkpt>
      <trkpt lat="49.26366" lon="19.86968">
        <ele>948.25</ele>
      </trkpt>
      <trkpt lat="49.26375" lon="19.86973">
        <ele>948.04</ele>
      </trkpt>
      <trkpt lat="49.26383" lon="19.86978">
        <ele>947.68</ele>
      </trkpt>
      <trkpt lat="49.26386" lon="19.86981">
        <ele>947.56</ele>
      </trkpt>
      <trkpt lat="49.26389" lon="19.86985">
        <ele>947.47</ele>
      </trkpt>
      <trkpt lat="49.26397" lon="19.86995">
        <ele>948.4</ele>
      </trkpt>
      <trkpt lat="49.26403" lon="19.87001">
        <ele>949.11</ele>
      </trkpt>
      <trkpt lat="49.26408" lon="19.87004">
        <ele>949.65</ele>
      </trkpt>
      <trkpt lat="49.26385" lon="19.87023">
        <ele>951.96</ele>
      </trkpt>
      <trkpt lat="49.26363" lon="19.87041">
        <ele>958.15</ele>
      </trkpt>
      <trkpt lat="49.26356" lon="19.8705">
        <ele>960.14</ele>
      </trkpt>
      <trkpt lat="49.26346" lon="19.87071">
        <ele>964.86</ele>
      </trkpt>
      <trkpt lat="49.26342" lon="19.87077">
        <ele>966.03</ele>
      </trkpt>
      <trkpt lat="49.26339" lon="19.87079">
        <ele>966.4</ele>
      </trkpt>
      <trkpt lat="49.26336" lon="19.87079">
        <ele>966.47</ele>
      </trkpt>
      <trkpt lat="49.26324" lon="19.87077">
        <ele>966.36</ele>
      </trkpt>
      <trkpt lat="49.26301" lon="19.87069">
        <ele>966.7</ele>
      </trkpt>
      <trkpt lat="49.26294" lon="19.8707">
        <ele>966.13</ele>
      </trkpt>
      <trkpt lat="49.26291" lon="19.87072">
        <ele>965.77</ele>
      </trkpt>
      <trkpt lat="49.26287" lon="19.87077">
        <ele>965.12</ele>
      </trkpt>
      <trkpt lat="49.2628" lon="19.87092">
        <ele>963.8</ele>
      </trkpt>
      <trkpt lat="49.26274" lon="19.87107">
        <ele>963.79</ele>
      </trkpt>
      <trkpt lat="49.26263" lon="19.87122">
        <ele>964.67</ele>
      </trkpt>
      <trkpt lat="49.2625" lon="19.87138">
        <ele>965.1</ele>
      </trkpt>
      <trkpt lat="49.26247" lon="19.87142">
        <ele>965.35</ele>
      </trkpt>
      <trkpt lat="49.26232" lon="19.87155">
        <ele>968.21</ele>
      </trkpt>
      <trkpt lat="49.26223" lon="19.87164">
        <ele>970.69</ele>
      </trkpt>
      <trkpt lat="49.26217" lon="19.87174">
        <ele>972.42</ele>
      </trkpt>
      <trkpt lat="49.26212" lon="19.87187">
        <ele>974.11</ele>
      </trkpt>
      <trkpt lat="49.26209" lon="19.87203">
        <ele>974.65</ele>
      </trkpt>
      <trkpt lat="49.26206" lon="19.87224">
        <ele>974.3</ele>
      </trkpt>
      <trkpt lat="49.26203" lon="19.87233">
        <ele>974.84</ele>
      </trkpt>
      <trkpt lat="49.26199" lon="19.87244">
        <ele>975.63</ele>
      </trkpt>
      <trkpt lat="49.26191" lon="19.87255">
        <ele>978.56</ele>
      </trkpt>
      <trkpt lat="49.26185" lon="19.87268">
        <ele>980.97</ele>
      </trkpt>
      <trkpt lat="49.26177" lon="19.87287">
        <ele>983.31</ele>
      </trkpt>
      <trkpt lat="49.2617" lon="19.87313">
        <ele>981.34</ele>
      </trkpt>
      <trkpt lat="49.26162" lon="19.87337">
        <ele>981.93</ele>
      </trkpt>
      <trkpt lat="49.26159" lon="19.8735">
        <ele>981.9</ele>
      </trkpt>
      <trkpt lat="49.26158" lon="19.87364">
        <ele>980.89</ele>
      </trkpt>
      <trkpt lat="49.26159" lon="19.87393">
        <ele>979.49</ele>
      </trkpt>
      <trkpt lat="49.26153" lon="19.87434">
        <ele>984.79</ele>
      </trkpt>
      <trkpt lat="49.26145" lon="19.87466">
        <ele>989.45</ele>
      </trkpt>
      <trkpt lat="49.26135" lon="19.87495">
        <ele>990.64</ele>
      </trkpt>
      <trkpt lat="49.2613" lon="19.87507">
        <ele>989.42</ele>
      </trkpt>
      <trkpt lat="49.26125" lon="19.87526">
        <ele>987.19</ele>
      </trkpt>
      <trkpt lat="49.26112" lon="19.8756">
        <ele>986.1</ele>
      </trkpt>
      <trkpt lat="49.2611" lon="19.8758">
        <ele>986.47</ele>
      </trkpt>
      <trkpt lat="49.26108" lon="19.87603">
        <ele>987.51</ele>
      </trkpt>
      <trkpt lat="49.26105" lon="19.87618">
        <ele>991.03</ele>
      </trkpt>
      <trkpt lat="49.26106" lon="19.87629">
        <ele>991.86</ele>
      </trkpt>
      <trkpt lat="49.26109" lon="19.8765">
        <ele>994.6</ele>
      </trkpt>
      <trkpt lat="49.26113" lon="19.87668">
        <ele>998.74</ele>
      </trkpt>
      <trkpt lat="49.26116" lon="19.87711">
        <ele>997.01</ele>
      </trkpt>
      <trkpt lat="49.26123" lon="19.87738">
        <ele>993.65</ele>
      </trkpt>
      <trkpt lat="49.26123" lon="19.87738">
        <ele>993.65</ele>
      </trkpt>
      <trkpt lat="49.26123" lon="19.87738">
        <ele>993.65</ele>
      </trkpt>
      <trkpt lat="49.26129" lon="19.87761">
        <ele>990.76</ele>
      </trkpt>
      <trkpt lat="49.26131" lon="19.87775">
        <ele>991.38</ele>
      </trkpt>
      <trkpt lat="49.26129" lon="19.87789">
        <ele>992.75</ele>
      </trkpt>
      <trkpt lat="49.26125" lon="19.87807">
        <ele>994.13</ele>
      </trkpt>
      <trkpt lat="49.26124" lon="19.87815">
        <ele>994.74</ele>
      </trkpt>
      <trkpt lat="49.26125" lon="19.87822">
        <ele>995.48</ele>
      </trkpt>
      <trkpt lat="49.26129" lon="19.87844">
        <ele>997.85</ele>
      </trkpt>
      <trkpt lat="49.26134" lon="19.87864">
        <ele>1000.24</ele>
      </trkpt>
      <trkpt lat="49.26146" lon="19.87916">
        <ele>1012.13</ele>
      </trkpt>
      <trkpt lat="49.26146" lon="19.87932">
        <ele>1016.68</ele>
      </trkpt>
      <trkpt lat="49.26144" lon="19.87955">
        <ele>1022.08</ele>
      </trkpt>
      <trkpt lat="49.26147" lon="19.87984">
        <ele>1026.32</ele>
      </trkpt>
      <trkpt lat="49.26149" lon="19.87996">
        <ele>1027.31</ele>
      </trkpt>
      <trkpt lat="49.26151" lon="19.88005">
        <ele>1027.81</ele>
      </trkpt>
      <trkpt lat="49.26159" lon="19.88028">
        <ele>1026.93</ele>
      </trkpt>
      <trkpt lat="49.26162" lon="19.88045">
        <ele>1025.76</ele>
      </trkpt>
      <trkpt lat="49.26164" lon="19.88082">
        <ele>1023.91</ele>
      </trkpt>
      <trkpt lat="49.26163" lon="19.88104">
        <ele>1024.74</ele>
      </trkpt>
      <trkpt lat="49.2616" lon="19.8813">
        <ele>1024.67</ele>
      </trkpt>
      <trkpt lat="49.26158" lon="19.88155">
        <ele>1024.02</ele>
      </trkpt>
      <trkpt lat="49.2616" lon="19.88168">
        <ele>1023.61</ele>
      </trkpt>
      <trkpt lat="49.26161" lon="19.88181">
        <ele>1024.95</ele>
      </trkpt>
      <trkpt lat="49.26159" lon="19.88201">
        <ele>1027.2</ele>
      </trkpt>
      <trkpt lat="49.26156" lon="19.88211">
        <ele>1028.05</ele>
      </trkpt>
      <trkpt lat="49.26146" lon="19.88254">
        <ele>1032.55</ele>
      </trkpt>
      <trkpt lat="49.26144" lon="19.88281">
        <ele>1040.0</ele>
      </trkpt>
      <trkpt lat="49.26145" lon="19.88306">
        <ele>1047.86</ele>
      </trkpt>
      <trkpt lat="49.26145" lon="19.88329">
        <ele>1052.82</ele>
      </trkpt>
      <trkpt lat="49.26146" lon="19.88341">
        <ele>1055.98</ele>
      </trkpt>
      <trkpt lat="49.26146" lon="19.88341">
        <ele>1055.98</ele>
      </trkpt>
      <trkpt lat="49.26146" lon="19.88341">
        <ele>1055.98</ele>
      </trkpt>
      <trkpt lat="49.26147" lon="19.88353">
        <ele>1059.29</ele>
      </trkpt>
      <trkpt lat="49.26145" lon="19.88376">
        <ele>1063.14</ele>
      </trkpt>
      <trkpt lat="49.26141" lon="19.88401">
        <ele>1066.01</ele>
      </trkpt>
      <trkpt lat="49.26135" lon="19.88423">
        <ele>1066.73</ele>
      </trkpt>
      <trkpt lat="49.26125" lon="19.88457">
        <ele>1066.58</ele>
      </trkpt>
      <trkpt lat="49.26122" lon="19.8847">
        <ele>1066.84</ele>
      </trkpt>
      <trkpt lat="49.2612" lon="19.88483">
        <ele>1068.35</ele>
      </trkpt>
      <trkpt lat="49.26118" lon="19.88522">
        <ele>1074.48</ele>
      </trkpt>
      <trkpt lat="49.26117" lon="19.88534">
        <ele>1075.76</ele>
      </trkpt>
      <trkpt lat="49.26117" lon="19.8855">
        <ele>1078.19</ele>
      </trkpt>
      <trkpt lat="49.26117" lon="19.88553">
        <ele>1078.64</ele>
      </trkpt>
      <trkpt lat="49.26117" lon="19.88553">
        <ele>1078.64</ele>
      </trkpt>
      <trkpt lat="49.26117" lon="19.88553">
        <ele>1078.64</ele>
      </trkpt>
      <trkpt lat="49.26117" lon="19.88561">
        <ele>1079.87</ele>
      </trkpt>
      <trkpt lat="49.26126" lon="19.88589">
        <ele>1092.35</ele>
      </trkpt>
      <trkpt lat="49.26128" lon="19.88607">
        <ele>1097.49</ele>
      </trkpt>
      <trkpt lat="49.26131" lon="19.88626">
        <ele>1102.55</ele>
      </trkpt>
      <trkpt lat="49.26133" lon="19.88637">
        <ele>1105.5</ele>
      </trkpt>
      <trkpt lat="49.26132" lon="19.88647">
        <ele>1105.88</ele>
      </trkpt>
      <trkpt lat="49.26128" lon="19.88658">
        <ele>1103.14</ele>
      </trkpt>
      <trkpt lat="49.26125" lon="19.88666">
        <ele>1100.9</ele>
      </trkpt>
      <trkpt lat="49.26124" lon="19.88675">
        <ele>1099.82</ele>
      </trkpt>
      <trkpt lat="49.26125" lon="19.88689">
        <ele>1100.6</ele>
      </trkpt>
      <trkpt lat="49.26136" lon="19.88769">
        <ele>1106.64</ele>
      </trkpt>
      <trkpt lat="49.26137" lon="19.88787">
        <ele>1105.83</ele>
      </trkpt>
      <trkpt lat="49.2614" lon="19.88802">
        <ele>1107.36</ele>
      </trkpt>
      <trkpt lat="49.26142" lon="19.8882">
        <ele>1116.81</ele>
      </trkpt>
      <trkpt lat="49.26137" lon="19.88846">
        <ele>1124.75</ele>
      </trkpt>
      <trkpt lat="49.26126" lon="19.88893">
        <ele>1132.98</ele>
      </trkpt>
      <trkpt lat="49.26122" lon="19.88912">
        <ele>1128.08</ele>
      </trkpt>
      <trkpt lat="49.26123" lon="19.88922">
        <ele>1127.37</ele>
      </trkpt>
      <trkpt lat="49.26139" lon="19.88994">
        <ele>1138.0</ele>
      </trkpt>
      <trkpt lat="49.26143" lon="19.89005">
        <ele>1137.23</ele>
      </trkpt>
      <trkpt lat="49.26147" lon="19.89012">
        <ele>1136.47</ele>
      </trkpt>
      <trkpt lat="49.26153" lon="19.89019">
        <ele>1136.32</ele>
      </trkpt>
      <trkpt lat="49.26159" lon="19.89021">
        <ele>1136.96</ele>
      </trkpt>
      <trkpt lat="49.26178" lon="19.89024">
        <ele>1139.47</ele>
      </trkpt>
      <trkpt lat="49.26183" lon="19.89028">
        <ele>1140.37</ele>
      </trkpt>
      <trkpt lat="49.26212" lon="19.89028">
        <ele>1146.45</ele>
      </trkpt>
      <trkpt lat="49.26212" lon="19.89028">
        <ele>1146.45</ele>
      </trkpt>
      <trkpt lat="49.26212" lon="19.89028">
        <ele>1146.45</ele>
      </trkpt>
      <trkpt lat="49.26224" lon="19.89035">
        <ele>1150.17</ele>
      </trkpt>
      <trkpt lat="49.26227" lon="19.89039">
        <ele>1150.96</ele>
      </trkpt>
      <trkpt lat="49.26238" lon="19.89045">
        <ele>1152.62</ele>
      </trkpt>
      <trkpt lat="49.2624" lon="19.89055">
        <ele>1154.2</ele>
      </trkpt>
      <trkpt lat="49.2624" lon="19.8907">
        <ele>1155.84</ele>
      </trkpt>
      <trkpt lat="49.26236" lon="19.89091">
        <ele>1157.82</ele>
      </trkpt>
      <trkpt lat="49.26233" lon="19.89108">
        <ele>1159.24</ele>
      </trkpt>
      <trkpt lat="49.26227" lon="19.89134">
        <ele>1160.34</ele>
      </trkpt>
      <trkpt lat="49.26223" lon="19.89161">
        <ele>1164.05</ele>
      </trkpt>
      <trkpt lat="49.26217" lon="19.89198">
        <ele>1167.46</ele>
      </trkpt>
      <trkpt lat="49.26211" lon="19.89222">
        <ele>1169.73</ele>
      </trkpt>
      <trkpt lat="49.2621" lon="19.89233">
        <ele>1170.43</ele>
      </trkpt>
      <trkpt lat="49.2621" lon="19.89249">
        <ele>1171.83</ele>
      </trkpt>
      <trkpt lat="49.26211" lon="19.89257">
        <ele>1173.89</ele>
      </trkpt>
      <trkpt lat="49.2621" lon="19.89282">
        <ele>1179.76</ele>
      </trkpt>
      <trkpt lat="49.26222" lon="19.89343">
        <ele>1189.69</ele>
      </trkpt>
      <trkpt lat="49.26227" lon="19.89375">
        <ele>1192.84</ele>
      </trkpt>
      <trkpt lat="49.26226" lon="19.89383">
        <ele>1193.48</ele>
      </trkpt>
      <trkpt lat="49.26222" lon="19.89407">
        <ele>1193.35</ele>
      </trkpt>
      <trkpt lat="49.26216" lon="19.89438">
        <ele>1193.37</ele>
      </trkpt>
      <trkpt lat="49.26214" lon="19.89467">
        <ele>1192.96</ele>
      </trkpt>
      <trkpt lat="49.26211" lon="19.895">
        <ele>1194.02</ele>
      </trkpt>
      <trkpt lat="49.26205" lon="19.89548">
        <ele>1200.64</ele>
      </trkpt>
      <trkpt lat="49.26204" lon="19.89596">
        <ele>1203.16</ele>
      </trkpt>
      <trkpt lat="49.26203" lon="19.89604">
        <ele>1204.02</ele>
      </trkpt>
      <trkpt lat="49.26203" lon="19.89604">
        <ele>1204.02</ele>
      </trkpt>
      <trkpt lat="49.26203" lon="19.89604">
        <ele>1204.02</ele>
      </trkpt>
      <trkpt lat="49.26196" lon="19.89632">
        <ele>1207.97</ele>
      </trkpt>
      <trkpt lat="49.26194" lon="19.89651">
        <ele>1207.35</ele>
      </trkpt>
      <trkpt lat="49.26193" lon="19.89662">
        <ele>1205.98</ele>
      </trkpt>
      <trkpt lat="49.26193" lon="19.89678">
        <ele>1203.45</ele>
      </trkpt>
      <trkpt lat="49.26187" lon="19.89709">
        <ele>1196.69</ele>
      </trkpt>
      <trkpt lat="49.26176" lon="19.89735">
        <ele>1189.86</ele>
      </trkpt>
      <trkpt lat="49.26165" lon="19.89762">
        <ele>1181.85</ele>
      </trkpt>
      <trkpt lat="49.2615" lon="19.8981">
        <ele>1175.56</ele>
      </trkpt>
      <trkpt lat="49.26144" lon="19.89841">
        <ele>1172.83</ele>
      </trkpt>
      <trkpt lat="49.26143" lon="19.89856">
        <ele>1171.4</ele>
      </trkpt>
      <trkpt lat="49.26147" lon="19.89873">
        <ele>1168.63</ele>
      </trkpt>
      <trkpt lat="49.26151" lon="19.89883">
        <ele>1166.84</ele>
      </trkpt>
      <trkpt lat="49.2615" lon="19.8989">
        <ele>1166.58</ele>
      </trkpt>
      <trkpt lat="49.26149" lon="19.899">
        <ele>1166.56</ele>
      </trkpt>
      <trkpt lat="49.26143" lon="19.89914">
        <ele>1167.34</ele>
      </trkpt>
      <trkpt lat="49.26135" lon="19.89939">
        <ele>1174.21</ele>
      </trkpt>
      <trkpt lat="49.26133" lon="19.89969">
        <ele>1173.56</ele>
      </trkpt>
      <trkpt lat="49.26135" lon="19.89977">
        <ele>1172.82</ele>
      </trkpt>
      <trkpt lat="49.26138" lon="19.8998">
        <ele>1171.83</ele>
      </trkpt>
      <trkpt lat="49.26139" lon="19.89986">
        <ele>1172.48</ele>
      </trkpt>
      <trkpt lat="49.26143" lon="19.8999">
        <ele>1173.17</ele>
      </trkpt>
      <trkpt lat="49.26149" lon="19.90012">
        <ele>1176.79</ele>
      </trkpt>
      <trkpt lat="49.26151" lon="19.90024">
        <ele>1179.47</ele>
      </trkpt>
      <trkpt lat="49.26151" lon="19.90042">
        <ele>1180.02</ele>
      </trkpt>
      <trkpt lat="49.26152" lon="19.90047">
        <ele>1180.05</ele>
      </trkpt>
      <trkpt lat="49.26154" lon="19.90051">
        <ele>1180.25</ele>
      </trkpt>
      <trkpt lat="49.26153" lon="19.9006">
        <ele>1180.12</ele>
      </trkpt>
      <trkpt lat="49.26154" lon="19.9007">
        <ele>1180.6</ele>
      </trkpt>
      <trkpt lat="49.26154" lon="19.90074">
        <ele>1180.71</ele>
      </trkpt>
      <trkpt lat="49.26148" lon="19.90086">
        <ele>1178.58</ele>
      </trkpt>
      <trkpt lat="49.26146" lon="19.90089">
        <ele>1178.0</ele>
      </trkpt>
      <trkpt lat="49.26141" lon="19.90094">
        <ele>1177.29</ele>
      </trkpt>
      <trkpt lat="49.26132" lon="19.90115">
        <ele>1179.73</ele>
      </trkpt>
      <trkpt lat="49.2613" lon="19.90125">
        <ele>1177.96</ele>
      </trkpt>
      <trkpt lat="49.26128" lon="19.90158">
        <ele>1173.63</ele>
      </trkpt>
      <trkpt lat="49.26124" lon="19.90186">
        <ele>1171.66</ele>
      </trkpt>
      <trkpt lat="49.2611" lon="19.90208">
        <ele>1172.65</ele>
      </trkpt>
      <trkpt lat="49.26101" lon="19.90229">
        <ele>1174.03</ele>
      </trkpt>
      <trkpt lat="49.26095" lon="19.90239">
        <ele>1175.35</ele>
      </trkpt>
      <trkpt lat="49.26072" lon="19.9027">
        <ele>1178.47</ele>
      </trkpt>
      <trkpt lat="49.2604" lon="19.90319">
        <ele>1181.06</ele>
      </trkpt>
      <trkpt lat="49.26033" lon="19.90334">
        <ele>1182.95</ele>
      </trkpt>
      <trkpt lat="49.2603" lon="19.90349">
        <ele>1181.25</ele>
      </trkpt>
      <trkpt lat="49.26013" lon="19.90377">
        <ele>1176.33</ele>
      </trkpt>
      <trkpt lat="49.25992" lon="19.90398">
        <ele>1172.03</ele>
      </trkpt>
      <trkpt lat="49.25982" lon="19.90404">
        <ele>1171.93</ele>
      </trkpt>
      <trkpt lat="49.25978" lon="19.90415">
        <ele>1170.63</ele>
      </trkpt>
      <trkpt lat="49.25978" lon="19.90422">
        <ele>1170.18</ele>
      </trkpt>
      <trkpt lat="49.25973" lon="19.90439">
        <ele>1170.11</ele>
      </trkpt>
      <trkpt lat="49.25973" lon="19.90439">
        <ele>1170.11</ele>
      </trkpt>
      <trkpt lat="49.25973" lon="19.90439">
        <ele>1170.11</ele>
      </trkpt>
      <trkpt lat="49.25983" lon="19.90432">
        <ele>1169.28</ele>
      </trkpt>
      <trkpt lat="49.2599" lon="19.90428">
        <ele>1168.67</ele>
      </trkpt>
      <trkpt lat="49.25994" lon="19.90425">
        <ele>1168.35</ele>
      </trkpt>
      <trkpt lat="49.25998" lon="19.90428">
        <ele>1167.81</ele>
      </trkpt>
      <trkpt lat="49.2603" lon="19.90429">
        <ele>1169.96</ele>
      </trkpt>
      <trkpt lat="49.26043" lon="19.90433">
        <ele>1171.16</ele>
      </trkpt>
      <trkpt lat="49.26047" lon="19.90435">
        <ele>1171.36</ele>
      </trkpt>
      <trkpt lat="49.26047" lon="19.90435">
        <ele>1171.36</ele>
      </trkpt>
      <trkpt lat="49.26047" lon="19.90435">
        <ele>1171.36</ele>
      </trkpt>
      <trkpt lat="49.2605" lon="19.90437">
        <ele>1171.41</ele>
      </trkpt>
      <trkpt lat="49.26055" lon="19.90443">
        <ele>1171.12</ele>
      </trkpt>
      <trkpt lat="49.26068" lon="19.90477">
        <ele>1170.07</ele>
      </trkpt>
      <trkpt lat="49.26081" lon="19.90536">
        <ele>1172.32</ele>
      </trkpt>
      <trkpt lat="49.2608" lon="19.9054">
        <ele>1172.49</ele>
      </trkpt>
      <trkpt lat="49.2608" lon="19.9054">
        <ele>1172.49</ele>
      </trkpt>
      <trkpt lat="49.2608" lon="19.9054">
        <ele>1172.49</ele>
      </trkpt>
      <trkpt lat="49.2608" lon="19.90547">
        <ele>1172.78</ele>
      </trkpt>
      <trkpt lat="49.26076" lon="19.9057">
        <ele>1174.06</ele>
      </trkpt>
      <trkpt lat="49.26075" lon="19.90578">
        <ele>1174.59</ele>
      </trkpt>
      <trkpt lat="49.26073" lon="19.90591">
        <ele>1175.57</ele>
      </trkpt>
      <trkpt lat="49.2607" lon="19.90599">
        <ele>1176.3</ele>
      </trkpt>
      <trkpt lat="49.26068" lon="19.90605">
        <ele>1176.79</ele>
      </trkpt>
      <trkpt lat="49.26069" lon="19.90613">
        <ele>1177.2</ele>
      </trkpt>
      <trkpt lat="49.26069" lon="19.90615">
        <ele>1177.38</ele>
      </trkpt>
      <trkpt lat="49.2608" lon="19.90635">
        <ele>1178.06</ele>
      </trkpt>
      <trkpt lat="49.26086" lon="19.90653">
        <ele>1179.91</ele>
      </trkpt>
      <trkpt lat="49.26089" lon="19.90668">
        <ele>1181.97</ele>
      </trkpt>
      <trkpt lat="49.26093" lon="19.90677">
        <ele>1183.64</ele>
      </trkpt>
      <trkpt lat="49.26093" lon="19.90683">
        <ele>1184.36</ele>
      </trkpt>
      <trkpt lat="49.26093" lon="19.9069">
        <ele>1185.2</ele>
      </trkpt>
      <trkpt lat="49.26094" lon="19.90698">
        <ele>1186.56</ele>
      </trkpt>
      <trkpt lat="49.26099" lon="19.9071">
        <ele>1189.62</ele>
      </trkpt>
      <trkpt lat="49.26103" lon="19.90731">
        <ele>1194.94</ele>
      </trkpt>
      <trkpt lat="49.26101" lon="19.90749">
        <ele>1199.63</ele>
      </trkpt>
      <trkpt lat="49.26097" lon="19.90766">
        <ele>1203.22</ele>
      </trkpt>
      <trkpt lat="49.26094" lon="19.90781">
        <ele>1206.19</ele>
      </trkpt>
      <trkpt lat="49.26092" lon="19.90786">
        <ele>1206.72</ele>
      </trkpt>
      <trkpt lat="49.2609" lon="19.90788">
        <ele>1206.86</ele>
      </trkpt>
      <trkpt lat="49.26085" lon="19.90795">
        <ele>1207.56</ele>
      </trkpt>
      <trkpt lat="49.26083" lon="19.90805">
        <ele>1208.94</ele>
      </trkpt>
      <trkpt lat="49.26083" lon="19.90814">
        <ele>1210.53</ele>
      </trkpt>
      <trkpt lat="49.26083" lon="19.90828">
        <ele>1213.03</ele>
      </trkpt>
      <trkpt lat="49.26078" lon="19.90855">
        <ele>1214.59</ele>
      </trkpt>
      <trkpt lat="49.26071" lon="19.90867">
        <ele>1215.19</ele>
      </trkpt>
      <trkpt lat="49.26058" lon="19.90893">
        <ele>1217.69</ele>
      </trkpt>
      <trkpt lat="49.26047" lon="19.90913">
        <ele>1218.4</ele>
      </trkpt>
      <trkpt lat="49.26035" lon="19.90923">
        <ele>1215.92</ele>
      </trkpt>
      <trkpt lat="49.26032" lon="19.90925">
        <ele>1215.39</ele>
      </trkpt>
      <trkpt lat="49.2602" lon="19.9094">
        <ele>1216.33</ele>
      </trkpt>
      <trkpt lat="49.26019" lon="19.90946">
        <ele>1216.78</ele>
      </trkpt>
      <trkpt lat="49.26" lon="19.90971">
        <ele>1219.91</ele>
      </trkpt>
      <trkpt lat="49.25997" lon="19.90974">
        <ele>1220.24</ele>
      </trkpt>
      <trkpt lat="49.2599" lon="19.90984">
        <ele>1221.21</ele>
      </trkpt>
      <trkpt lat="49.2599" lon="19.90987">
        <ele>1221.42</ele>
      </trkpt>
      <trkpt lat="49.25984" lon="19.91002">
        <ele>1222.86</ele>
      </trkpt>
      <trkpt lat="49.25974" lon="19.91018">
        <ele>1225.53</ele>
      </trkpt>
      <trkpt lat="49.25964" lon="19.91029">
        <ele>1230.17</ele>
      </trkpt>
      <trkpt lat="49.25964" lon="19.91029">
        <ele>1230.17</ele>
      </trkpt>
      <trkpt lat="49.25964" lon="19.91029">
        <ele>1230.17</ele>
      </trkpt>
      <trkpt lat="49.25957" lon="19.91037">
        <ele>1233.96</ele>
      </trkpt>
      <trkpt lat="49.25951" lon="19.91048">
        <ele>1237.72</ele>
      </trkpt>
      <trkpt lat="49.25943" lon="19.91067">
        <ele>1242.82</ele>
      </trkpt>
      <trkpt lat="49.25935" lon="19.91085">
        <ele>1247.54</ele>
      </trkpt>
      <trkpt lat="49.25926" lon="19.91133">
        <ele>1254.94</ele>
      </trkpt>
      <trkpt lat="49.25913" lon="19.91223">
        <ele>1270.43</ele>
      </trkpt>
      <trkpt lat="49.25904" lon="19.9126">
        <ele>1279.2</ele>
      </trkpt>
      <trkpt lat="49.25903" lon="19.91296">
        <ele>1284.07</ele>
      </trkpt>
      <trkpt lat="49.25893" lon="19.91337">
        <ele>1290.56</ele>
      </trkpt>
      <trkpt lat="49.25874" lon="19.91404">
        <ele>1302.92</ele>
      </trkpt>
      <trkpt lat="49.25866" lon="19.91444">
        <ele>1313.58</ele>
      </trkpt>
      <trkpt lat="49.25857" lon="19.91479">
        <ele>1323.42</ele>
      </trkpt>
      <trkpt lat="49.25856" lon="19.91499">
        <ele>1325.07</ele>
      </trkpt>
      <trkpt lat="49.25851" lon="19.91517">
        <ele>1328.8</ele>
      </trkpt>
      <trkpt lat="49.2584" lon="19.91537">
        <ele>1335.42</ele>
      </trkpt>
      <trkpt lat="49.2583" lon="19.91552">
        <ele>1340.31</ele>
      </trkpt>
      <trkpt lat="49.25826" lon="19.91583">
        <ele>1341.82</ele>
      </trkpt>
      <trkpt lat="49.25825" lon="19.91591">
        <ele>1342.49</ele>
      </trkpt>
      <trkpt lat="49.25826" lon="19.91597">
        <ele>1341.58</ele>
      </trkpt>
      <trkpt lat="49.25832" lon="19.91605">
        <ele>1336.35</ele>
      </trkpt>
      <trkpt lat="49.2583" lon="19.91609">
        <ele>1337.94</ele>
      </trkpt>
      <trkpt lat="49.2582" lon="19.91612">
        <ele>1346.44</ele>
      </trkpt>
      <trkpt lat="49.25811" lon="19.91614">
        <ele>1353.94</ele>
      </trkpt>
      <trkpt lat="49.25801" lon="19.91617">
        <ele>1358.82</ele>
      </trkpt>
      <trkpt lat="49.25793" lon="19.91623">
        <ele>1359.61</ele>
      </trkpt>
      <trkpt lat="49.25777" lon="19.91652">
        <ele>1364.37</ele>
      </trkpt>
      <trkpt lat="49.2577" lon="19.91658">
        <ele>1368.47</ele>
      </trkpt>
      <trkpt lat="49.2577" lon="19.91658">
        <ele>1368.47</ele>
      </trkpt>
      <trkpt lat="49.2577" lon="19.91658">
        <ele>1368.47</ele>
      </trkpt>
      <trkpt lat="49.25764" lon="19.91654">
        <ele>1371.48</ele>
      </trkpt>
      <trkpt lat="49.25752" lon="19.91617">
        <ele>1375.6</ele>
      </trkpt>
      <trkpt lat="49.25745" lon="19.91599">
        <ele>1377.91</ele>
      </trkpt>
      <trkpt lat="49.25727" lon="19.91584">
        <ele>1388.76</ele>
      </trkpt>
      <trkpt lat="49.25709" lon="19.91569">
        <ele>1390.73</ele>
      </trkpt>
      <trkpt lat="49.25704" lon="19.91569">
        <ele>1390.45</ele>
      </trkpt>
      <trkpt lat="49.25701" lon="19.91576">
        <ele>1391.49</ele>
      </trkpt>
      <trkpt lat="49.25697" lon="19.91589">
        <ele>1393.85</ele>
      </trkpt>
      <trkpt lat="49.25692" lon="19.91602">
        <ele>1395.48</ele>
      </trkpt>
      <trkpt lat="49.25691" lon="19.91611">
        <ele>1396.86</ele>
      </trkpt>
      <trkpt lat="49.25687" lon="19.91633">
        <ele>1399.8</ele>
      </trkpt>
      <trkpt lat="49.25682" lon="19.9166">
        <ele>1403.85</ele>
      </trkpt>
      <trkpt lat="49.2567" lon="19.91678">
        <ele>1406.58</ele>
      </trkpt>
      <trkpt lat="49.2566" lon="19.9169">
        <ele>1406.61</ele>
      </trkpt>
      <trkpt lat="49.25656" lon="19.917">
        <ele>1407.53</ele>
      </trkpt>
      <trkpt lat="49.25653" lon="19.91716">
        <ele>1409.52</ele>
      </trkpt>
      <trkpt lat="49.25646" lon="19.91728">
        <ele>1410.49</ele>
      </trkpt>
      <trkpt lat="49.25642" lon="19.91743">
        <ele>1412.16</ele>
      </trkpt>
      <trkpt lat="49.25639" lon="19.91753">
        <ele>1413.11</ele>
      </trkpt>
      <trkpt lat="49.25636" lon="19.91766">
        <ele>1412.26</ele>
      </trkpt>
      <trkpt lat="49.25633" lon="19.91773">
        <ele>1411.35</ele>
      </trkpt>
      <trkpt lat="49.25622" lon="19.9178">
        <ele>1407.39</ele>
      </trkpt>
      <trkpt lat="49.25616" lon="19.91801">
        <ele>1405.77</ele>
      </trkpt>
      <trkpt lat="49.25612" lon="19.91808">
        <ele>1404.95</ele>
      </trkpt>
      <trkpt lat="49.25602" lon="19.91835">
        <ele>1409.26</ele>
      </trkpt>
      <trkpt lat="49.25594" lon="19.9185">
        <ele>1412.46</ele>
      </trkpt>
      <trkpt lat="49.25591" lon="19.91857">
        <ele>1414.22</ele>
      </trkpt>
      <trkpt lat="49.25588" lon="19.91871">
        <ele>1418.39</ele>
      </trkpt>
      <trkpt lat="49.25584" lon="19.91876">
        <ele>1419.47</ele>
      </trkpt>
      <trkpt lat="49.2558" lon="19.9189">
        <ele>1422.08</ele>
      </trkpt>
      <trkpt lat="49.25579" lon="19.91899">
        <ele>1422.44</ele>
      </trkpt>
      <trkpt lat="49.25578" lon="19.91908">
        <ele>1422.8</ele>
      </trkpt>
      <trkpt lat="49.25576" lon="19.91918">
        <ele>1422.51</ele>
      </trkpt>
      <trkpt lat="49.25576" lon="19.91931">
        <ele>1422.54</ele>
      </trkpt>
      <trkpt lat="49.25576" lon="19.91937">
        <ele>1422.55</ele>
      </trkpt>
      <trkpt lat="49.25574" lon="19.91944">
        <ele>1421.63</ele>
      </trkpt>
      <trkpt lat="49.25571" lon="19.91975">
        <ele>1421.35</ele>
      </trkpt>
      <trkpt lat="49.25568" lon="19.91999">
        <ele>1423.46</ele>
      </trkpt>
      <trkpt lat="49.25563" lon="19.92024">
        <ele>1427.96</ele>
      </trkpt>
      <trkpt lat="49.25562" lon="19.92037">
        <ele>1430.21</ele>
      </trkpt>
      <trkpt lat="49.25559" lon="19.92041">
        <ele>1430.19</ele>
      </trkpt>
      <trkpt lat="49.25552" lon="19.92071">
        <ele>1434.46</ele>
      </trkpt>
      <trkpt lat="49.25549" lon="19.92082">
        <ele>1435.85</ele>
      </trkpt>
      <trkpt lat="49.25546" lon="19.92094">
        <ele>1436.94</ele>
      </trkpt>
      <trkpt lat="49.25544" lon="19.921">
        <ele>1437.34</ele>
      </trkpt>
      <trkpt lat="49.25527" lon="19.92134">
        <ele>1435.87</ele>
      </trkpt>
      <trkpt lat="49.25519" lon="19.92149">
        <ele>1433.2</ele>
      </trkpt>
      <trkpt lat="49.25508" lon="19.92164">
        <ele>1430.44</ele>
      </trkpt>
      <trkpt lat="49.25495" lon="19.92173">
        <ele>1428.0</ele>
      </trkpt>
      <trkpt lat="49.25495" lon="19.92173">
        <ele>1428.0</ele>
      </trkpt>
      <trkpt lat="49.25495" lon="19.92172">
        <ele>1427.72</ele>
      </trkpt>
      <trkpt lat="49.25486" lon="19.92178">
        <ele>1426.84</ele>
      </trkpt>
      <trkpt lat="49.25473" lon="19.92188">
        <ele>1427.39</ele>
      </trkpt>
      <trkpt lat="49.25462" lon="19.92196">
        <ele>1425.66</ele>
      </trkpt>
      <trkpt lat="49.25457" lon="19.92201">
        <ele>1425.59</ele>
      </trkpt>
      <trkpt lat="49.25441" lon="19.9221">
        <ele>1421.52</ele>
      </trkpt>
      <trkpt lat="49.25435" lon="19.92216">
        <ele>1421.8</ele>
      </trkpt>
      <trkpt lat="49.2543" lon="19.92219">
        <ele>1421.07</ele>
      </trkpt>
      <trkpt lat="49.25418" lon="19.92228">
        <ele>1419.87</ele>
      </trkpt>
      <trkpt lat="49.25413" lon="19.92234">
        <ele>1421.1</ele>
      </trkpt>
      <trkpt lat="49.25406" lon="19.92246">
        <ele>1424.28</ele>
      </trkpt>
      <trkpt lat="49.25398" lon="19.92259">
        <ele>1425.8</ele>
      </trkpt>
      <trkpt lat="49.25398" lon="19.92264">
        <ele>1426.81</ele>
      </trkpt>
      <trkpt lat="49.25395" lon="19.92276">
        <ele>1428.09</ele>
      </trkpt>
      <trkpt lat="49.25386" lon="19.92295">
        <ele>1430.07</ele>
      </trkpt>
      <trkpt lat="49.25387" lon="19.92305">
        <ele>1432.09</ele>
      </trkpt>
      <trkpt lat="49.25383" lon="19.92314">
        <ele>1434.83</ele>
      </trkpt>
      <trkpt lat="49.25379" lon="19.92331">
        <ele>1439.81</ele>
      </trkpt>
      <trkpt lat="49.25375" lon="19.92337">
        <ele>1442.32</ele>
      </trkpt>
      <trkpt lat="49.25371" lon="19.92346">
        <ele>1446.14</ele>
      </trkpt>
      <trkpt lat="49.25363" lon="19.92348">
        <ele>1448.01</ele>
      </trkpt>
      <trkpt lat="49.2536" lon="19.9235">
        <ele>1449.51</ele>
      </trkpt>
      <trkpt lat="49.25351" lon="19.92347">
        <ele>1452.46</ele>
      </trkpt>
      <trkpt lat="49.25339" lon="19.92341">
        <ele>1455.18</ele>
      </trkpt>
      <trkpt lat="49.25329" lon="19.92333">
        <ele>1456.55</ele>
      </trkpt>
      <trkpt lat="49.25316" lon="19.92327">
        <ele>1462.7</ele>
      </trkpt>
      <trkpt lat="49.25306" lon="19.92322">
        <ele>1467.46</ele>
      </trkpt>
      <trkpt lat="49.25297" lon="19.9232">
        <ele>1471.63</ele>
      </trkpt>
      <trkpt lat="49.25286" lon="19.92314">
        <ele>1475.5</ele>
      </trkpt>
      <trkpt lat="49.25279" lon="19.9231">
        <ele>1477.82</ele>
      </trkpt>
      <trkpt lat="49.25273" lon="19.92308">
        <ele>1480.2</ele>
      </trkpt>
      <trkpt lat="49.25267" lon="19.92304">
        <ele>1481.97</ele>
      </trkpt>
      <trkpt lat="49.25263" lon="19.92303">
        <ele>1483.66</ele>
      </trkpt>
      <trkpt lat="49.2526" lon="19.92303">
        <ele>1485.14</ele>
      </trkpt>
      <trkpt lat="49.25259" lon="19.92305">
        <ele>1486.28</ele>
      </trkpt>
      <trkpt lat="49.25257" lon="19.92305">
        <ele>1487.29</ele>
      </trkpt>
      <trkpt lat="49.25253" lon="19.92301">
        <ele>1487.9</ele>
      </trkpt>
      <trkpt lat="49.25246" lon="19.92303">
        <ele>1489.86</ele>
      </trkpt>
      <trkpt lat="49.25242" lon="19.92307">
        <ele>1491.21</ele>
      </trkpt>
      <trkpt lat="49.25227" lon="19.92315">
        <ele>1493.8</ele>
      </trkpt>
      <trkpt lat="49.25217" lon="19.92319">
        <ele>1492.66</ele>
      </trkpt>
      <trkpt lat="49.2521" lon="19.92319">
        <ele>1489.09</ele>
      </trkpt>
      <trkpt lat="49.25207" lon="19.92318">
        <ele>1486.97</ele>
      </trkpt>
      <trkpt lat="49.25204" lon="19.92318">
        <ele>1485.4</ele>
      </trkpt>
      <trkpt lat="49.252" lon="19.92321">
        <ele>1485.36</ele>
      </trkpt>
      <trkpt lat="49.25196" lon="19.92325">
        <ele>1486.37</ele>
      </trkpt>
      <trkpt lat="49.25193" lon="19.92328">
        <ele>1487.21</ele>
      </trkpt>
      <trkpt lat="49.25191" lon="19.9233">
        <ele>1487.65</ele>
      </trkpt>
      <trkpt lat="49.25187" lon="19.92332">
        <ele>1487.0</ele>
      </trkpt>
      <trkpt lat="49.25184" lon="19.92338">
        <ele>1488.14</ele>
      </trkpt>
      <trkpt lat="49.25182" lon="19.92344">
        <ele>1489.33</ele>
      </trkpt>
      <trkpt lat="49.2518" lon="19.92345">
        <ele>1488.6</ele>
      </trkpt>
      <trkpt lat="49.25176" lon="19.92348">
        <ele>1487.5</ele>
      </trkpt>
      <trkpt lat="49.25172" lon="19.92352">
        <ele>1486.73</ele>
      </trkpt>
      <trkpt lat="49.25169" lon="19.92357">
        <ele>1486.85</ele>
      </trkpt>
      <trkpt lat="49.25164" lon="19.92361">
        <ele>1486.0</ele>
      </trkpt>
      <trkpt lat="49.2516" lon="19.92363">
        <ele>1485.18</ele>
      </trkpt>
      <trkpt lat="49.25158" lon="19.92365">
        <ele>1485.09</ele>
      </trkpt>
      <trkpt lat="49.25157" lon="19.92368">
        <ele>1485.68</ele>
      </trkpt>
      <trkpt lat="49.25157" lon="19.92374">
        <ele>1487.55</ele>
      </trkpt>
      <trkpt lat="49.25155" lon="19.92376">
        <ele>1487.54</ele>
      </trkpt>
      <trkpt lat="49.25154" lon="19.92383">
        <ele>1489.46</ele>
      </trkpt>
      <trkpt lat="49.25153" lon="19.92389">
        <ele>1491.11</ele>
      </trkpt>
      <trkpt lat="49.25153" lon="19.92394">
        <ele>1493.28</ele>
      </trkpt>
      <trkpt lat="49.25151" lon="19.92397">
        <ele>1493.88</ele>
      </trkpt>
      <trkpt lat="49.2515" lon="19.92399">
        <ele>1494.35</ele>
      </trkpt>
      <trkpt lat="49.25147" lon="19.92401">
        <ele>1494.02</ele>
      </trkpt>
      <trkpt lat="49.25145" lon="19.92404">
        <ele>1494.37</ele>
      </trkpt>
      <trkpt lat="49.25143" lon="19.92409">
        <ele>1495.34</ele>
      </trkpt>
      <trkpt lat="49.25142" lon="19.92411">
        <ele>1495.59</ele>
      </trkpt>
      <trkpt lat="49.25139" lon="19.92413">
        <ele>1494.86</ele>
      </trkpt>
      <trkpt lat="49.25134" lon="19.92417">
        <ele>1495.35</ele>
      </trkpt>
      <trkpt lat="49.25132" lon="19.92419">
        <ele>1496.34</ele>
      </trkpt>
      <trkpt lat="49.2513" lon="19.92424">
        <ele>1499.26</ele>
      </trkpt>
      <trkpt lat="49.25127" lon="19.92427">
        <ele>1500.5</ele>
      </trkpt>
      <trkpt lat="49.25122" lon="19.92431">
        <ele>1501.71</ele>
      </trkpt>
      <trkpt lat="49.25118" lon="19.92434">
        <ele>1502.37</ele>
      </trkpt>
      <trkpt lat="49.25116" lon="19.92438">
        <ele>1504.08</ele>
      </trkpt>
      <trkpt lat="49.25109" lon="19.9244">
        <ele>1503.13</ele>
      </trkpt>
      <trkpt lat="49.251" lon="19.92437">
        <ele>1499.47</ele>
      </trkpt>
      <trkpt lat="49.25094" lon="19.92434">
        <ele>1496.43</ele>
      </trkpt>
      <trkpt lat="49.25091" lon="19.92429">
        <ele>1492.91</ele>
      </trkpt>
      <trkpt lat="49.2509" lon="19.92427">
        <ele>1491.54</ele>
      </trkpt>
      <trkpt lat="49.25086" lon="19.92424">
        <ele>1488.87</ele>
      </trkpt>
      <trkpt lat="49.25083" lon="19.92423">
        <ele>1487.55</ele>
      </trkpt>
      <trkpt lat="49.25079" lon="19.92428">
        <ele>1489.51</ele>
      </trkpt>
      <trkpt lat="49.25069" lon="19.92434">
        <ele>1491.85</ele>
      </trkpt>
      <trkpt lat="49.25064" lon="19.92441">
        <ele>1497.07</ele>
      </trkpt>
      <trkpt lat="49.25063" lon="19.92444">
        <ele>1499.62</ele>
      </trkpt>
      <trkpt lat="49.25061" lon="19.92449">
        <ele>1502.65</ele>
      </trkpt>
      <trkpt lat="49.25061" lon="19.92456">
        <ele>1506.73</ele>
      </trkpt>
      <trkpt lat="49.25062" lon="19.92469">
        <ele>1514.49</ele>
      </trkpt>
      <trkpt lat="49.25063" lon="19.92477">
        <ele>1518.94</ele>
      </trkpt>
      <trkpt lat="49.25062" lon="19.92485">
        <ele>1522.59</ele>
      </trkpt>
      <trkpt lat="49.2506" lon="19.92492">
        <ele>1525.44</ele>
      </trkpt>
      <trkpt lat="49.25057" lon="19.92507">
        <ele>1530.5</ele>
      </trkpt>
      <trkpt lat="49.25054" lon="19.92517">
        <ele>1532.37</ele>
      </trkpt>
      <trkpt lat="49.25049" lon="19.92532">
        <ele>1535.82</ele>
      </trkpt>
      <trkpt lat="49.25049" lon="19.92536">
        <ele>1537.65</ele>
      </trkpt>
      <trkpt lat="49.25047" lon="19.92544">
        <ele>1540.64</ele>
      </trkpt>
      <trkpt lat="49.25046" lon="19.9255">
        <ele>1543.03</ele>
      </trkpt>
      <trkpt lat="49.25045" lon="19.92555">
        <ele>1544.95</ele>
      </trkpt>
      <trkpt lat="49.25044" lon="19.92558">
        <ele>1546.18</ele>
      </trkpt>
      <trkpt lat="49.25038" lon="19.92574">
        <ele>1553.23</ele>
      </trkpt>
      <trkpt lat="49.25037" lon="19.92579">
        <ele>1555.83</ele>
      </trkpt>
      <trkpt lat="49.25034" lon="19.92579">
        <ele>1555.02</ele>
      </trkpt>
      <trkpt lat="49.25019" lon="19.92595">
        <ele>1562.99</ele>
      </trkpt>
      <trkpt lat="49.25015" lon="19.92598">
        <ele>1563.47</ele>
      </trkpt>
      <trkpt lat="49.25014" lon="19.92599">
        <ele>1563.75</ele>
      </trkpt>
      <trkpt lat="49.2501" lon="19.92601">
        <ele>1563.11</ele>
      </trkpt>
      <trkpt lat="49.25007" lon="19.92609">
        <ele>1567.25</ele>
      </trkpt>
      <trkpt lat="49.25004" lon="19.92613">
        <ele>1568.54</ele>
      </trkpt>
      <trkpt lat="49.25001" lon="19.92614">
        <ele>1567.64</ele>
      </trkpt>
      <trkpt lat="49.24998" lon="19.9262">
        <ele>1572.99</ele>
      </trkpt>
      <trkpt lat="49.24996" lon="19.92623">
        <ele>1575.88</ele>
      </trkpt>
      <trkpt lat="49.24992" lon="19.92628">
        <ele>1580.72</ele>
      </trkpt>
      <trkpt lat="49.24988" lon="19.92631">
        <ele>1583.53</ele>
      </trkpt>
      <trkpt lat="49.24981" lon="19.92635">
        <ele>1587.28</ele>
      </trkpt>
      <trkpt lat="49.24977" lon="19.92635">
        <ele>1586.94</ele>
      </trkpt>
      <trkpt lat="49.24972" lon="19.92639">
        <ele>1591.11</ele>
      </trkpt>
      <trkpt lat="49.24971" lon="19.92641">
        <ele>1592.6</ele>
      </trkpt>
      <trkpt lat="49.24969" lon="19.9265">
        <ele>1598.97</ele>
      </trkpt>
      <trkpt lat="49.24967" lon="19.92653">
        <ele>1601.47</ele>
      </trkpt>
      <trkpt lat="49.24955" lon="19.92664">
        <ele>1612.61</ele>
      </trkpt>
      <trkpt lat="49.24951" lon="19.92671">
        <ele>1615.63</ele>
      </trkpt>
      <trkpt lat="49.24947" lon="19.92672">
        <ele>1616.7</ele>
      </trkpt>
      <trkpt lat="49.24943" lon="19.92671">
        <ele>1617.54</ele>
      </trkpt>
      <trkpt lat="49.24942" lon="19.92672">
        <ele>1617.45</ele>
      </trkpt>
      <trkpt lat="49.24939" lon="19.92673">
        <ele>1617.43</ele>
      </trkpt>
      <trkpt lat="49.24937" lon="19.92673">
        <ele>1617.48</ele>
      </trkpt>
      <trkpt lat="49.24935" lon="19.92672">
        <ele>1617.54</ele>
      </trkpt>
      <trkpt lat="49.24934" lon="19.92671">
        <ele>1617.57</ele>
      </trkpt>
      <trkpt lat="49.24933" lon="19.92672">
        <ele>1617.57</ele>
      </trkpt>
      <trkpt lat="49.24933" lon="19.92676">
        <ele>1617.55</ele>
      </trkpt>
      <trkpt lat="49.24933" lon="19.92682">
        <ele>1617.52</ele>
      </trkpt>
      <trkpt lat="49.24933" lon="19.92684">
        <ele>1617.52</ele>
      </trkpt>
      <trkpt lat="49.24931" lon="19.92686">
        <ele>1617.79</ele>
      </trkpt>
      <trkpt lat="49.24929" lon="19.92687">
        <ele>1618.1</ele>
      </trkpt>
      <trkpt lat="49.24922" lon="19.92689">
        <ele>1619.33</ele>
      </trkpt>
      <trkpt lat="49.24911" lon="19.9269">
        <ele>1620.12</ele>
      </trkpt>
      <trkpt lat="49.24909" lon="19.92691">
        <ele>1620.37</ele>
      </trkpt>
      <trkpt lat="49.24908" lon="19.92696">
        <ele>1621.78</ele>
      </trkpt>
      <trkpt lat="49.24907" lon="19.92702">
        <ele>1622.39</ele>
      </trkpt>
      <trkpt lat="49.24907" lon="19.92707">
        <ele>1622.85</ele>
      </trkpt>
      <trkpt lat="49.24907" lon="19.92715">
        <ele>1623.59</ele>
      </trkpt>
      <trkpt lat="49.24906" lon="19.92716">
        <ele>1623.56</ele>
      </trkpt>
      <trkpt lat="49.24905" lon="19.9272">
        <ele>1623.74</ele>
      </trkpt>
      <trkpt lat="49.24904" lon="19.92723">
        <ele>1624.06</ele>
      </trkpt>
      <trkpt lat="49.24905" lon="19.92727">
        <ele>1626.05</ele>
      </trkpt>
      <trkpt lat="49.24905" lon="19.92729">
        <ele>1626.95</ele>
      </trkpt>
      <trkpt lat="49.24906" lon="19.92732">
        <ele>1628.55</ele>
      </trkpt>
      <trkpt lat="49.24908" lon="19.92733">
        <ele>1629.53</ele>
      </trkpt>
      <trkpt lat="49.2491" lon="19.92735">
        <ele>1631.04</ele>
      </trkpt>
      <trkpt lat="49.24913" lon="19.92741">
        <ele>1634.94</ele>
      </trkpt>
      <trkpt lat="49.24917" lon="19.92747">
        <ele>1639.32</ele>
      </trkpt>
      <trkpt lat="49.24921" lon="19.92752">
        <ele>1640.47</ele>
      </trkpt>
      <trkpt lat="49.24926" lon="19.92756">
        <ele>1640.41</ele>
      </trkpt>
      <trkpt lat="49.24926" lon="19.92758">
        <ele>1640.77</ele>
      </trkpt>
      <trkpt lat="49.24925" lon="19.92767">
        <ele>1642.38</ele>
      </trkpt>
      <trkpt lat="49.24925" lon="19.92773">
        <ele>1643.39</ele>
      </trkpt>
      <trkpt lat="49.24925" lon="19.92776">
        <ele>1643.9</ele>
      </trkpt>
      <trkpt lat="49.24927" lon="19.92783">
        <ele>1646.42</ele>
      </trkpt>
      <trkpt lat="49.2493" lon="19.92784">
        <ele>1647.17</ele>
      </trkpt>
      <trkpt lat="49.24929" lon="19.92791">
        <ele>1649.59</ele>
      </trkpt>
      <trkpt lat="49.2493" lon="19.92807">
        <ele>1655.19</ele>
      </trkpt>
      <trkpt lat="49.24932" lon="19.92823">
        <ele>1658.03</ele>
      </trkpt>
      <trkpt lat="49.24932" lon="19.92828">
        <ele>1658.87</ele>
      </trkpt>
      <trkpt lat="49.24932" lon="19.9284">
        <ele>1660.93</ele>
      </trkpt>
      <trkpt lat="49.24932" lon="19.9285">
        <ele>1662.68</ele>
      </trkpt>
      <trkpt lat="49.24932" lon="19.92859">
        <ele>1664.25</ele>
      </trkpt>
      <trkpt lat="49.24935" lon="19.92878">
        <ele>1670.15</ele>
      </trkpt>
      <trkpt lat="49.24941" lon="19.92899">
        <ele>1677.59</ele>
      </trkpt>
      <trkpt lat="49.24942" lon="19.92907">
        <ele>1678.83</ele>
      </trkpt>
      <trkpt lat="49.24945" lon="19.92915">
        <ele>1681.27</ele>
      </trkpt>
      <trkpt lat="49.24947" lon="19.92919">
        <ele>1682.95</ele>
      </trkpt>
      <trkpt lat="49.24949" lon="19.92931">
        <ele>1685.05</ele>
      </trkpt>
      <trkpt lat="49.2495" lon="19.92934">
        <ele>1686.0</ele>
      </trkpt>
      <trkpt lat="49.24951" lon="19.9294">
        <ele>1687.15</ele>
      </trkpt>
      <trkpt lat="49.24953" lon="19.92949">
        <ele>1689.46</ele>
      </trkpt>
      <trkpt lat="49.24953" lon="19.92959">
        <ele>1690.29</ele>
      </trkpt>
      <trkpt lat="49.24955" lon="19.92979">
        <ele>1693.46</ele>
      </trkpt>
      <trkpt lat="49.24955" lon="19.92989">
        <ele>1693.95</ele>
      </trkpt>
      <trkpt lat="49.24956" lon="19.92997">
        <ele>1695.25</ele>
      </trkpt>
      <trkpt lat="49.24957" lon="19.9301">
        <ele>1697.38</ele>
      </trkpt>
      <trkpt lat="49.2496" lon="19.93035">
        <ele>1702.05</ele>
      </trkpt>
      <trkpt lat="49.24961" lon="19.93044">
        <ele>1702.91</ele>
      </trkpt>
      <trkpt lat="49.24961" lon="19.93056">
        <ele>1702.98</ele>
      </trkpt>
      <trkpt lat="49.2496" lon="19.93068">
        <ele>1703.79</ele>
      </trkpt>
      <trkpt lat="49.24959" lon="19.93099">
        <ele>1707.02</ele>
      </trkpt>
      <trkpt lat="49.2496" lon="19.93114">
        <ele>1709.87</ele>
      </trkpt>
      <trkpt lat="49.24959" lon="19.93131">
        <ele>1711.47</ele>
      </trkpt>
      <trkpt lat="49.24958" lon="19.93146">
        <ele>1713.75</ele>
      </trkpt>
      <trkpt lat="49.24957" lon="19.93154">
        <ele>1715.21</ele>
      </trkpt>
      <trkpt lat="49.24957" lon="19.93165">
        <ele>1718.45</ele>
      </trkpt>
      <trkpt lat="49.24958" lon="19.93181">
        <ele>1724.12</ele>
      </trkpt>
      <trkpt lat="49.24959" lon="19.93186">
        <ele>1726.46</ele>
      </trkpt>
      <trkpt lat="49.24961" lon="19.93191">
        <ele>1729.64</ele>
      </trkpt>
      <trkpt lat="49.24962" lon="19.93193">
        <ele>1731.09</ele>
      </trkpt>
      <trkpt lat="49.24961" lon="19.93203">
        <ele>1732.98</ele>
      </trkpt>
      <trkpt lat="49.24962" lon="19.93209">
        <ele>1735.48</ele>
      </trkpt>
      <trkpt lat="49.2496" lon="19.93219">
        <ele>1736.28</ele>
      </trkpt>
      <trkpt lat="49.2496" lon="19.93228">
        <ele>1739.5</ele>
      </trkpt>
      <trkpt lat="49.24958" lon="19.93242">
        <ele>1743.37</ele>
      </trkpt>
      <trkpt lat="49.24956" lon="19.93254">
        <ele>1746.99</ele>
      </trkpt>
      <trkpt lat="49.2495" lon="19.93272">
        <ele>1752.35</ele>
      </trkpt>
      <trkpt lat="49.24951" lon="19.93274">
        <ele>1754.26</ele>
      </trkpt>
      <trkpt lat="49.24948" lon="19.93279">
        <ele>1754.95</ele>
      </trkpt>
      <trkpt lat="49.24946" lon="19.93285">
        <ele>1756.15</ele>
      </trkpt>
      <trkpt lat="49.24939" lon="19.93293">
        <ele>1756.05</ele>
      </trkpt>
      <trkpt lat="49.24929" lon="19.93308">
        <ele>1758.04</ele>
      </trkpt>
      <trkpt lat="49.24916" lon="19.93331">
        <ele>1760.17</ele>
      </trkpt>
      <trkpt lat="49.24905" lon="19.93347">
        <ele>1763.18</ele>
      </trkpt>
      <trkpt lat="49.24904" lon="19.93351">
        <ele>1764.08</ele>
      </trkpt>
      <trkpt lat="49.24898" lon="19.93361">
        <ele>1765.96</ele>
      </trkpt>
      <trkpt lat="49.24886" lon="19.93374">
        <ele>1767.07</ele>
      </trkpt>
      <trkpt lat="49.24877" lon="19.93384">
        <ele>1767.63</ele>
      </trkpt>
      <trkpt lat="49.24861" lon="19.93395">
        <ele>1766.0</ele>
      </trkpt>
      <trkpt lat="49.24861" lon="19.93395">
        <ele>1766.0</ele>
      </trkpt>
      <trkpt lat="49.24861" lon="19.93395">
        <ele>1766.0</ele>
      </trkpt>
      <trkpt lat="49.24858" lon="19.93394">
        <ele>1766.03</ele>
      </trkpt>
      <trkpt lat="49.24852" lon="19.93393">
        <ele>1766.13</ele>
      </trkpt>
      <trkpt lat="49.24847" lon="19.93393">
        <ele>1766.21</ele>
      </trkpt>
      <trkpt lat="49.24843" lon="19.93394">
        <ele>1766.17</ele>
      </trkpt>
      <trkpt lat="49.24841" lon="19.93394">
        <ele>1766.19</ele>
      </trkpt>
      <trkpt lat="49.24839" lon="19.9339">
        <ele>1766.67</ele>
      </trkpt>
      <trkpt lat="49.24838" lon="19.93389">
        <ele>1766.82</ele>
      </trkpt>
      <trkpt lat="49.24835" lon="19.93387">
        <ele>1766.87</ele>
      </trkpt>
      <trkpt lat="49.24831" lon="19.93389">
        <ele>1766.57</ele>
      </trkpt>
      <trkpt lat="49.24825" lon="19.93392">
        <ele>1765.32</ele>
      </trkpt>
      <trkpt lat="49.24824" lon="19.93392">
        <ele>1765.17</ele>
      </trkpt>
      <trkpt lat="49.24821" lon="19.93391">
        <ele>1764.75</ele>
      </trkpt>
      <trkpt lat="49.24818" lon="19.93389">
        <ele>1764.24</ele>
      </trkpt>
      <trkpt lat="49.24815" lon="19.93388">
        <ele>1763.73</ele>
      </trkpt>
      <trkpt lat="49.24811" lon="19.93384">
        <ele>1763.23</ele>
      </trkpt>
      <trkpt lat="49.24809" lon="19.93384">
        <ele>1762.91</ele>
      </trkpt>
      <trkpt lat="49.24808" lon="19.93384">
        <ele>1762.75</ele>
      </trkpt>
      <trkpt lat="49.24805" lon="19.93387">
        <ele>1761.84</ele>
      </trkpt>
      <trkpt lat="49.24802" lon="19.93387">
        <ele>1760.22</ele>
      </trkpt>
      <trkpt lat="49.248" lon="19.93384">
        <ele>1759.39</ele>
      </trkpt>
      <trkpt lat="49.24799" lon="19.9338">
        <ele>1759.18</ele>
      </trkpt>
      <trkpt lat="49.24797" lon="19.93379">
        <ele>1758.2</ele>
      </trkpt>
      <trkpt lat="49.24795" lon="19.93378">
        <ele>1757.23</ele>
      </trkpt>
      <trkpt lat="49.24794" lon="19.93375">
        <ele>1756.97</ele>
      </trkpt>
      <trkpt lat="49.24794" lon="19.9337">
        <ele>1757.4</ele>
      </trkpt>
      <trkpt lat="49.24793" lon="19.93364">
        <ele>1757.42</ele>
      </trkpt>
      <trkpt lat="49.24791" lon="19.93358">
        <ele>1756.73</ele>
      </trkpt>
      <trkpt lat="49.24789" lon="19.93353">
        <ele>1755.94</ele>
      </trkpt>
      <trkpt lat="49.24789" lon="19.93349">
        <ele>1756.08</ele>
      </trkpt>
      <trkpt lat="49.24787" lon="19.93344">
        <ele>1755.47</ele>
      </trkpt>
      <trkpt lat="49.2478" lon="19.93339">
        <ele>1753.19</ele>
      </trkpt>
      <trkpt lat="49.24777" lon="19.93332">
        <ele>1752.54</ele>
      </trkpt>
      <trkpt lat="49.24776" lon="19.93327">
        <ele>1751.86</ele>
      </trkpt>
      <trkpt lat="49.24773" lon="19.93324">
        <ele>1750.26</ele>
      </trkpt>
      <trkpt lat="49.24769" lon="19.9332">
        <ele>1748.24</ele>
      </trkpt>
      <trkpt lat="49.24767" lon="19.93318">
        <ele>1747.27</ele>
      </trkpt>
      <trkpt lat="49.24765" lon="19.93312">
        <ele>1746.39</ele>
      </trkpt>
      <trkpt lat="49.24763" lon="19.93309">
        <ele>1745.54</ele>
      </trkpt>
      <trkpt lat="49.24757" lon="19.93305">
        <ele>1743.03</ele>
      </trkpt>
      <trkpt lat="49.24754" lon="19.93301">
        <ele>1741.82</ele>
      </trkpt>
      <trkpt lat="49.24749" lon="19.93291">
        <ele>1740.25</ele>
      </trkpt>
      <trkpt lat="49.24743" lon="19.93275">
        <ele>1738.18</ele>
      </trkpt>
      <trkpt lat="49.24741" lon="19.93272">
        <ele>1736.91</ele>
      </trkpt>
      <trkpt lat="49.24739" lon="19.93272">
        <ele>1736.23</ele>
      </trkpt>
      <trkpt lat="49.24736" lon="19.9327">
        <ele>1734.78</ele>
      </trkpt>
      <trkpt lat="49.24733" lon="19.9327">
        <ele>1733.75</ele>
      </trkpt>
      <trkpt lat="49.2473" lon="19.93269">
        <ele>1732.48</ele>
      </trkpt>
      <trkpt lat="49.24728" lon="19.93267">
        <ele>1731.32</ele>
      </trkpt>
      <trkpt lat="49.24726" lon="19.93265">
        <ele>1730.13</ele>
      </trkpt>
      <trkpt lat="49.2472" lon="19.93267">
        <ele>1728.64</ele>
      </trkpt>
      <trkpt lat="49.24717" lon="19.93266">
        <ele>1727.55</ele>
      </trkpt>
      <trkpt lat="49.24711" lon="19.93267">
        <ele>1726.03</ele>
      </trkpt>
      <trkpt lat="49.24708" lon="19.93264">
        <ele>1724.68</ele>
      </trkpt>
      <trkpt lat="49.24703" lon="19.9326">
        <ele>1722.81</ele>
      </trkpt>
      <trkpt lat="49.24698" lon="19.93258">
        <ele>1721.4</ele>
      </trkpt>
      <trkpt lat="49.2469" lon="19.93254">
        <ele>1720.08</ele>
      </trkpt>
      <trkpt lat="49.24688" lon="19.93255">
        <ele>1720.04</ele>
      </trkpt>
      <trkpt lat="49.24686" lon="19.93255">
        <ele>1719.95</ele>
      </trkpt>
      <trkpt lat="49.24684" lon="19.93254">
        <ele>1719.8</ele>
      </trkpt>
      <trkpt lat="49.24673" lon="19.93251">
        <ele>1719.24</ele>
      </trkpt>
      <trkpt lat="49.24662" lon="19.93246">
        <ele>1716.74</ele>
      </trkpt>
      <trkpt lat="49.24653" lon="19.93238">
        <ele>1712.2</ele>
      </trkpt>
      <trkpt lat="49.24644" lon="19.93233">
        <ele>1708.1</ele>
      </trkpt>
      <trkpt lat="49.2464" lon="19.93233">
        <ele>1706.71</ele>
      </trkpt>
      <trkpt lat="49.24636" lon="19.93234">
        <ele>1706.92</ele>
      </trkpt>
      <trkpt lat="49.24629" lon="19.93231">
        <ele>1707.21</ele>
      </trkpt>
      <trkpt lat="49.24621" lon="19.93232">
        <ele>1708.46</ele>
      </trkpt>
      <trkpt lat="49.24618" lon="19.93235">
        <ele>1709.42</ele>
      </trkpt>
      <trkpt lat="49.24616" lon="19.93235">
        <ele>1709.68</ele>
      </trkpt>
      <trkpt lat="49.24608" lon="19.93232">
        <ele>1710.81</ele>
      </trkpt>
      <trkpt lat="49.24603" lon="19.93232">
        <ele>1712.49</ele>
      </trkpt>
      <trkpt lat="49.24598" lon="19.93228">
        <ele>1713.39</ele>
      </trkpt>
      <trkpt lat="49.24592" lon="19.93228">
        <ele>1715.38</ele>
      </trkpt>
      <trkpt lat="49.24587" lon="19.93229">
        <ele>1717.24</ele>
      </trkpt>
      <trkpt lat="49.2458" lon="19.93229">
        <ele>1719.76</ele>
      </trkpt>
      <trkpt lat="49.24575" lon="19.93232">
        <ele>1722.18</ele>
      </trkpt>
      <trkpt lat="49.24569" lon="19.93229">
        <ele>1724.03</ele>
      </trkpt>
      <trkpt lat="49.24557" lon="19.93231">
        <ele>1728.77</ele>
      </trkpt>
      <trkpt lat="49.24553" lon="19.9323">
        <ele>1730.2</ele>
      </trkpt>
      <trkpt lat="49.24542" lon="19.93232">
        <ele>1734.23</ele>
      </trkpt>
      <trkpt lat="49.24531" lon="19.93229">
        <ele>1738.08</ele>
      </trkpt>
      <trkpt lat="49.24529" lon="19.93224">
        <ele>1738.62</ele>
      </trkpt>
      <trkpt lat="49.24528" lon="19.93216">
        <ele>1737.35</ele>
      </trkpt>
      <trkpt lat="49.24505" lon="19.93201">
        <ele>1742.09</ele>
      </trkpt>
      <trkpt lat="49.24494" lon="19.93215">
        <ele>1748.61</ele>
      </trkpt>
      <trkpt lat="49.2449" lon="19.93206">
        <ele>1749.19</ele>
      </trkpt>
      <trkpt lat="49.24488" lon="19.93203">
        <ele>1749.71</ele>
      </trkpt>
      <trkpt lat="49.24484" lon="19.93203">
        <ele>1751.54</ele>
      </trkpt>
      <trkpt lat="49.2448" lon="19.93203">
        <ele>1753.37</ele>
      </trkpt>
      <trkpt lat="49.24475" lon="19.93195">
        <ele>1754.76</ele>
      </trkpt>
      <trkpt lat="49.24471" lon="19.93193">
        <ele>1755.46</ele>
      </trkpt>
      <trkpt lat="49.24466" lon="19.93199">
        <ele>1758.35</ele>
      </trkpt>
      <trkpt lat="49.24457" lon="19.93198">
        <ele>1760.65</ele>
      </trkpt>
      <trkpt lat="49.24452" lon="19.93195">
        <ele>1760.63</ele>
      </trkpt>
      <trkpt lat="49.24449" lon="19.93196">
        <ele>1761.84</ele>
      </trkpt>
      <trkpt lat="49.24447" lon="19.93207">
        <ele>1768.55</ele>
      </trkpt>
      <trkpt lat="49.24444" lon="19.93211">
        <ele>1772.29</ele>
      </trkpt>
      <trkpt lat="49.24442" lon="19.93212">
        <ele>1773.57</ele>
      </trkpt>
      <trkpt lat="49.24439" lon="19.93205">
        <ele>1770.9</ele>
      </trkpt>
      <trkpt lat="49.24432" lon="19.93204">
        <ele>1773.61</ele>
      </trkpt>
      <trkpt lat="49.24421" lon="19.93208">
        <ele>1779.7</ele>
      </trkpt>
      <trkpt lat="49.2441" lon="19.93217">
        <ele>1782.88</ele>
      </trkpt>
      <trkpt lat="49.24386" lon="19.93235">
        <ele>1790.52</ele>
      </trkpt>
      <trkpt lat="49.24368" lon="19.93247">
        <ele>1795.63</ele>
      </trkpt>
      <trkpt lat="49.24352" lon="19.93261">
        <ele>1801.26</ele>
      </trkpt>
      <trkpt lat="49.24336" lon="19.93264">
        <ele>1807.57</ele>
      </trkpt>
      <trkpt lat="49.24331" lon="19.93268">
        <ele>1810.25</ele>
      </trkpt>
      <trkpt lat="49.24325" lon="19.93273">
        <ele>1813.1</ele>
      </trkpt>
      <trkpt lat="49.24309" lon="19.9328">
        <ele>1819.17</ele>
      </trkpt>
      <trkpt lat="49.24294" lon="19.93286">
        <ele>1826.42</ele>
      </trkpt>
      <trkpt lat="49.24273" lon="19.93289">
        <ele>1833.08</ele>
      </trkpt>
      <trkpt lat="49.2427" lon="19.93293">
        <ele>1834.84</ele>
      </trkpt>
      <trkpt lat="49.24245" lon="19.93312">
        <ele>1843.62</ele>
      </trkpt>
      <trkpt lat="49.24242" lon="19.93316">
        <ele>1845.88</ele>
      </trkpt>
      <trkpt lat="49.2424" lon="19.93318">
        <ele>1847.16</ele>
      </trkpt>
      <trkpt lat="49.24232" lon="19.9334">
        <ele>1857.18</ele>
      </trkpt>
      <trkpt lat="49.24231" lon="19.93347">
        <ele>1859.59</ele>
      </trkpt>
      <trkpt lat="49.24225" lon="19.93356">
        <ele>1864.38</ele>
      </trkpt>
      <trkpt lat="49.24212" lon="19.93368">
        <ele>1868.86</ele>
      </trkpt>
      <trkpt lat="49.24193" lon="19.9337">
        <ele>1869.8</ele>
      </trkpt>
      <trkpt lat="49.2419" lon="19.93372">
        <ele>1870.0</ele>
      </trkpt>
      <trkpt lat="49.24186" lon="19.93395">
        <ele>1874.64</ele>
      </trkpt>
      <trkpt lat="49.2418" lon="19.93401">
        <ele>1875.45</ele>
      </trkpt>
      <trkpt lat="49.24163" lon="19.93417">
        <ele>1878.43</ele>
      </trkpt>
      <trkpt lat="49.24155" lon="19.93421">
        <ele>1879.79</ele>
      </trkpt>
      <trkpt lat="49.24131" lon="19.93414">
        <ele>1882.73</ele>
      </trkpt>
      <trkpt lat="49.2409" lon="19.9342">
        <ele>1895.11</ele>
      </trkpt>
      <trkpt lat="49.24083" lon="19.93418">
        <ele>1896.21</ele>
      </trkpt>
      <trkpt lat="49.24068" lon="19.93423">
        <ele>1897.97</ele>
      </trkpt>
      <trkpt lat="49.24044" lon="19.93422">
        <ele>1896.46</ele>
      </trkpt>
      <trkpt lat="49.24004" lon="19.93415">
        <ele>1891.28</ele>
      </trkpt>
      <trkpt lat="49.23996" lon="19.93419">
        <ele>1892.94</ele>
      </trkpt>
      <trkpt lat="49.23989" lon="19.93415">
        <ele>1891.63</ele>
      </trkpt>
      <trkpt lat="49.2398" lon="19.93416">
        <ele>1892.4</ele>
      </trkpt>
      <trkpt lat="49.23977" lon="19.93418">
        <ele>1893.38</ele>
      </trkpt>
      <trkpt lat="49.23971" lon="19.93424">
        <ele>1896.44</ele>
      </trkpt>
      <trkpt lat="49.23944" lon="19.93429">
        <ele>1904.1</ele>
      </trkpt>
      <trkpt lat="49.23942" lon="19.93426">
        <ele>1903.64</ele>
      </trkpt>
      <trkpt lat="49.23934" lon="19.93426">
        <ele>1905.65</ele>
      </trkpt>
      <trkpt lat="49.23926" lon="19.9342">
        <ele>1906.15</ele>
      </trkpt>
      <trkpt lat="49.2392" lon="19.93424">
        <ele>1908.72</ele>
      </trkpt>
      <trkpt lat="49.2391" lon="19.93416">
        <ele>1910.29</ele>
      </trkpt>
      <trkpt lat="49.23903" lon="19.93415">
        <ele>1912.65</ele>
      </trkpt>
      <trkpt lat="49.23886" lon="19.93394">
        <ele>1916.09</ele>
      </trkpt>
      <trkpt lat="49.23875" lon="19.9339">
        <ele>1920.66</ele>
      </trkpt>
      <trkpt lat="49.23868" lon="19.93385">
        <ele>1923.35</ele>
      </trkpt>
      <trkpt lat="49.23864" lon="19.93388">
        <ele>1925.53</ele>
      </trkpt>
      <trkpt lat="49.23851" lon="19.93388">
        <ele>1932.0</ele>
      </trkpt>
      <trkpt lat="49.23849" lon="19.93386">
        <ele>1932.82</ele>
      </trkpt>
      <trkpt lat="49.23832" lon="19.93368">
        <ele>1941.08</ele>
      </trkpt>
      <trkpt lat="49.23829" lon="19.9337">
        <ele>1942.93</ele>
      </trkpt>
      <trkpt lat="49.23823" lon="19.93362">
        <ele>1947.02</ele>
      </trkpt>
      <trkpt lat="49.23818" lon="19.93363">
        <ele>1950.29</ele>
      </trkpt>
      <trkpt lat="49.23812" lon="19.9335">
        <ele>1955.11</ele>
      </trkpt>
      <trkpt lat="49.23804" lon="19.93351">
        <ele>1960.05</ele>
      </trkpt>
      <trkpt lat="49.238" lon="19.93338">
        <ele>1962.0</ele>
      </trkpt>
      <trkpt lat="49.23786" lon="19.93339">
        <ele>1965.23</ele>
      </trkpt>
      <trkpt lat="49.23783" lon="19.93331">
        <ele>1967.2</ele>
      </trkpt>
      <trkpt lat="49.23776" lon="19.93328">
        <ele>1969.87</ele>
      </trkpt>
      <trkpt lat="49.23773" lon="19.93308">
        <ele>1975.7</ele>
      </trkpt>
      <trkpt lat="49.23768" lon="19.93301">
        <ele>1976.6</ele>
      </trkpt>
      <trkpt lat="49.2377" lon="19.93285">
        <ele>1976.03</ele>
      </trkpt>
      <trkpt lat="49.23761" lon="19.93285">
        <ele>1976.91</ele>
      </trkpt>
      <trkpt lat="49.23759" lon="19.93281">
        <ele>1977.07</ele>
      </trkpt>
      <trkpt lat="49.2376" lon="19.9327">
        <ele>1975.6</ele>
      </trkpt>
      <trkpt lat="49.23745" lon="19.93256">
        <ele>1976.83</ele>
      </trkpt>
      <trkpt lat="49.2371" lon="19.93238">
        <ele>1988.14</ele>
      </trkpt>
      <trkpt lat="49.23703" lon="19.93232">
        <ele>1988.65</ele>
      </trkpt>
      <trkpt lat="49.23693" lon="19.93226">
        <ele>1989.16</ele>
      </trkpt>
      <trkpt lat="49.23689" lon="19.93227">
        <ele>1990.3</ele>
      </trkpt>
      <trkpt lat="49.23684" lon="19.93232">
        <ele>1992.35</ele>
      </trkpt>
      <trkpt lat="49.23681" lon="19.93233">
        <ele>1993.15</ele>
      </trkpt>
      <trkpt lat="49.23669" lon="19.93233">
        <ele>1995.67</ele>
      </trkpt>
      <trkpt lat="49.23655" lon="19.93224">
        <ele>1997.63</ele>
      </trkpt>
      <trkpt lat="49.2365" lon="19.93222">
        <ele>1998.58</ele>
      </trkpt>
      <trkpt lat="49.23649" lon="19.93217">
        <ele>1998.39</ele>
      </trkpt>
      <trkpt lat="49.23646" lon="19.93212">
        <ele>1998.55</ele>
      </trkpt>
      <trkpt lat="49.23646" lon="19.93205">
        <ele>1997.92</ele>
      </trkpt>
      <trkpt lat="49.23642" lon="19.93192">
        <ele>1996.97</ele>
      </trkpt>
      <trkpt lat="49.23643" lon="19.93183">
        <ele>1994.71</ele>
      </trkpt>
      <trkpt lat="49.23644" lon="19.93179">
        <ele>1993.68</ele>
      </trkpt>
      <trkpt lat="49.23646" lon="19.93174">
        <ele>1992.39</ele>
      </trkpt>
      <trkpt lat="49.23651" lon="19.93167">
        <ele>1990.63</ele>
      </trkpt>
      <trkpt lat="49.23649" lon="19.9316">
        <ele>1988.78</ele>
      </trkpt>
      <trkpt lat="49.23651" lon="19.93153">
        <ele>1986.69</ele>
      </trkpt>
      <trkpt lat="49.23647" lon="19.93142">
        <ele>1983.97</ele>
      </trkpt>
      <trkpt lat="49.23643" lon="19.93138">
        <ele>1983.13</ele>
      </trkpt>
      <trkpt lat="49.23639" lon="19.93135">
        <ele>1982.3</ele>
      </trkpt>
      <trkpt lat="49.23635" lon="19.93129">
        <ele>1978.72</ele>
      </trkpt>
      <trkpt lat="49.23631" lon="19.93121">
        <ele>1974.63</ele>
      </trkpt>
      <trkpt lat="49.23628" lon="19.93108">
        <ele>1969.93</ele>
      </trkpt>
      <trkpt lat="49.23625" lon="19.93097">
        <ele>1968.22</ele>
      </trkpt>
      <trkpt lat="49.23618" lon="19.93087">
        <ele>1967.92</ele>
      </trkpt>
      <trkpt lat="49.23615" lon="19.9308">
        <ele>1967.86</ele>
      </trkpt>
      <trkpt lat="49.23613" lon="19.93075">
        <ele>1967.66</ele>
      </trkpt>
      <trkpt lat="49.23608" lon="19.93061">
        <ele>1965.85</ele>
      </trkpt>
      <trkpt lat="49.23603" lon="19.93052">
        <ele>1963.43</ele>
      </trkpt>
      <trkpt lat="49.236" lon="19.93042">
        <ele>1961.35</ele>
      </trkpt>
      <trkpt lat="49.23598" lon="19.93035">
        <ele>1960.04</ele>
      </trkpt>
      <trkpt lat="49.23593" lon="19.9302">
        <ele>1956.8</ele>
      </trkpt>
      <trkpt lat="49.2359" lon="19.93015">
        <ele>1955.44</ele>
      </trkpt>
      <trkpt lat="49.23585" lon="19.93002">
        <ele>1952.49</ele>
      </trkpt>
      <trkpt lat="49.23582" lon="19.92996">
        <ele>1950.62</ele>
      </trkpt>
      <trkpt lat="49.23578" lon="19.92989">
        <ele>1948.02</ele>
      </trkpt>
      <trkpt lat="49.23576" lon="19.92981">
        <ele>1945.57</ele>
      </trkpt>
      <trkpt lat="49.23571" lon="19.92967">
        <ele>1941.33</ele>
      </trkpt>
      <trkpt lat="49.23566" lon="19.92957">
        <ele>1938.43</ele>
      </trkpt>
      <trkpt lat="49.23559" lon="19.92945">
        <ele>1935.25</ele>
      </trkpt>
      <trkpt lat="49.23554" lon="19.92938">
        <ele>1933.84</ele>
      </trkpt>
      <trkpt lat="49.23551" lon="19.92934">
        <ele>1932.92</ele>
      </trkpt>
      <trkpt lat="49.23552" lon="19.92929">
        <ele>1932.42</ele>
      </trkpt>
      <trkpt lat="49.23551" lon="19.92924">
        <ele>1931.72</ele>
      </trkpt>
      <trkpt lat="49.2354" lon="19.9291">
        <ele>1930.44</ele>
      </trkpt>
      <trkpt lat="49.23535" lon="19.929">
        <ele>1930.26</ele>
      </trkpt>
      <trkpt lat="49.23531" lon="19.92885">
        <ele>1930.22</ele>
      </trkpt>
      <trkpt lat="49.23529" lon="19.92877">
        <ele>1930.43</ele>
      </trkpt>
      <trkpt lat="49.23529" lon="19.92877">
        <ele>1930.43</ele>
      </trkpt>
      <trkpt lat="49.23529" lon="19.92877">
        <ele>1930.43</ele>
      </trkpt>
      <trkpt lat="49.23529" lon="19.92871">
        <ele>1930.63</ele>
      </trkpt>
      <trkpt lat="49.2353" lon="19.92859">
        <ele>1931.0</ele>
      </trkpt>
      <trkpt lat="49.2353" lon="19.92847">
        <ele>1931.43</ele>
      </trkpt>
      <trkpt lat="49.23529" lon="19.92839">
        <ele>1931.75</ele>
      </trkpt>
      <trkpt lat="49.23527" lon="19.92832">
        <ele>1931.84</ele>
      </trkpt>
      <trkpt lat="49.23524" lon="19.92824">
        <ele>1931.37</ele>
      </trkpt>
      <trkpt lat="49.23523" lon="19.92814">
        <ele>1931.45</ele>
      </trkpt>
      <trkpt lat="49.23523" lon="19.92801">
        <ele>1931.52</ele>
      </trkpt>
      <trkpt lat="49.23521" lon="19.92785">
        <ele>1930.95</ele>
      </trkpt>
      <trkpt lat="49.23522" lon="19.92776">
        <ele>1930.92</ele>
      </trkpt>
      <trkpt lat="49.23522" lon="19.92764">
        <ele>1931.78</ele>
      </trkpt>
      <trkpt lat="49.23523" lon="19.92745">
        <ele>1933.04</ele>
      </trkpt>
      <trkpt lat="49.23523" lon="19.92728">
        <ele>1933.76</ele>
      </trkpt>
      <trkpt lat="49.23523" lon="19.92718">
        <ele>1934.4</ele>
      </trkpt>
      <trkpt lat="49.23524" lon="19.92709">
        <ele>1935.3</ele>
      </trkpt>
      <trkpt lat="49.23524" lon="19.92702">
        <ele>1935.99</ele>
      </trkpt>
      <trkpt lat="49.23525" lon="19.9269">
        <ele>1937.74</ele>
      </trkpt>
      <trkpt lat="49.23522" lon="19.92681">
        <ele>1939.39</ele>
      </trkpt>
      <trkpt lat="49.23521" lon="19.92669">
        <ele>1941.78</ele>
      </trkpt>
      <trkpt lat="49.2352" lon="19.9266">
        <ele>1943.67</ele>
      </trkpt>
      <trkpt lat="49.23518" lon="19.92647">
        <ele>1946.44</ele>
      </trkpt>
      <trkpt lat="49.23516" lon="19.92624">
        <ele>1951.6</ele>
      </trkpt>
      <trkpt lat="49.23517" lon="19.9261">
        <ele>1954.79</ele>
      </trkpt>
      <trkpt lat="49.23515" lon="19.92602">
        <ele>1956.0</ele>
      </trkpt>
      <trkpt lat="49.23514" lon="19.92592">
        <ele>1957.6</ele>
      </trkpt>
      <trkpt lat="49.23514" lon="19.92586">
        <ele>1958.57</ele>
      </trkpt>
      <trkpt lat="49.23521" lon="19.92575">
        <ele>1959.67</ele>
      </trkpt>
      <trkpt lat="49.23524" lon="19.92569">
        <ele>1960.1</ele>
      </trkpt>
      <trkpt lat="49.23523" lon="19.92562">
        <ele>1960.67</ele>
      </trkpt>
      <trkpt lat="49.23524" lon="19.92554">
        <ele>1961.39</ele>
      </trkpt>
      <trkpt lat="49.23528" lon="19.92534">
        <ele>1964.88</ele>
      </trkpt>
      <trkpt lat="49.2353" lon="19.9252">
        <ele>1967.42</ele>
      </trkpt>
      <trkpt lat="49.23532" lon="19.9251">
        <ele>1969.3</ele>
      </trkpt>
      <trkpt lat="49.23531" lon="19.92505">
        <ele>1970.2</ele>
      </trkpt>
      <trkpt lat="49.23531" lon="19.92492">
        <ele>1973.45</ele>
      </trkpt>
      <trkpt lat="49.23531" lon="19.92484">
        <ele>1975.79</ele>
      </trkpt>
      <trkpt lat="49.23536" lon="19.92468">
        <ele>1980.9</ele>
      </trkpt>
      <trkpt lat="49.23541" lon="19.92449">
        <ele>1987.44</ele>
      </trkpt>
      <trkpt lat="49.23544" lon="19.92438">
        <ele>1988.81</ele>
      </trkpt>
      <trkpt lat="49.2355" lon="19.92413">
        <ele>1989.08</ele>
      </trkpt>
      <trkpt lat="49.23553" lon="19.92409">
        <ele>1990.41</ele>
      </trkpt>
      <trkpt lat="49.23555" lon="19.92406">
        <ele>1991.38</ele>
      </trkpt>
      <trkpt lat="49.23556" lon="19.92404">
        <ele>1991.84</ele>
      </trkpt>
      <trkpt lat="49.23558" lon="19.92398">
        <ele>1992.81</ele>
      </trkpt>
      <trkpt lat="49.23561" lon="19.92391">
        <ele>1994.06</ele>
      </trkpt>
      <trkpt lat="49.23562" lon="19.92387">
        <ele>1994.77</ele>
      </trkpt>
      <trkpt lat="49.23563" lon="19.92383">
        <ele>1995.48</ele>
      </trkpt>
      <trkpt lat="49.23563" lon="19.92379">
        <ele>1996.13</ele>
      </trkpt>
      <trkpt lat="49.23563" lon="19.92372">
        <ele>1997.25</ele>
      </trkpt>
      <trkpt lat="49.23563" lon="19.9237">
        <ele>1997.57</ele>
      </trkpt>
      <trkpt lat="49.23562" lon="19.92368">
        <ele>1997.88</ele>
      </trkpt>
      <trkpt lat="49.2356" lon="19.92366">
        <ele>1998.18</ele>
      </trkpt>
      <trkpt lat="49.23563" lon="19.92344">
        <ele>2002.2</ele>
      </trkpt>
      <trkpt lat="49.23564" lon="19.92335">
        <ele>2003.78</ele>
      </trkpt>
      <trkpt lat="49.23564" lon="19.9232">
        <ele>2006.68</ele>
      </trkpt>
      <trkpt lat="49.23563" lon="19.92304">
        <ele>2010.11</ele>
      </trkpt>
      <trkpt lat="49.23567" lon="19.92249">
        <ele>2017.45</ele>
      </trkpt>
      <trkpt lat="49.23568" lon="19.92222">
        <ele>2019.79</ele>
      </trkpt>
      <trkpt lat="49.23568" lon="19.92206">
        <ele>2022.1</ele>
      </trkpt>
      <trkpt lat="49.23571" lon="19.92185">
        <ele>2026.24</ele>
      </trkpt>
      <trkpt lat="49.23571" lon="19.92167">
        <ele>2032.0</ele>
      </trkpt>
      <trkpt lat="49.23573" lon="19.92154">
        <ele>2039.19</ele>
      </trkpt>
      <trkpt lat="49.23567" lon="19.92136">
        <ele>2051.13</ele>
      </trkpt>
      <trkpt lat="49.23564" lon="19.92126">
        <ele>2057.28</ele>
      </trkpt>
      <trkpt lat="49.2356" lon="19.92119">
        <ele>2061.89</ele>
      </trkpt>
      <trkpt lat="49.23553" lon="19.92103">
        <ele>2066.13</ele>
      </trkpt>
      <trkpt lat="49.23553" lon="19.92103">
        <ele>2066.13</ele>
      </trkpt>
      <trkpt lat="49.23553" lon="19.92103">
        <ele>2066.13</ele>
      </trkpt>
      <trkpt lat="49.23547" lon="19.9209">
        <ele>2065.01</ele>
      </trkpt>
      <trkpt lat="49.23541" lon="19.92065">
        <ele>2068.29</ele>
      </trkpt>
      <trkpt lat="49.23541" lon="19.92065">
        <ele>2068.29</ele>
      </trkpt>
      <trkpt lat="49.23541" lon="19.92065">
        <ele>2068.29</ele>
      </trkpt>
      <trkpt lat="49.23564" lon="19.92053">
        <ele>2076.69</ele>
      </trkpt>
      <trkpt lat="49.23567" lon="19.92051">
        <ele>2077.83</ele>
      </trkpt>
      <trkpt lat="49.2357" lon="19.92047">
        <ele>2079.32</ele>
      </trkpt>
      <trkpt lat="49.23578" lon="19.92037">
        <ele>2082.71</ele>
      </trkpt>
      <trkpt lat="49.23581" lon="19.92034">
        <ele>2083.71</ele>
      </trkpt>
      <trkpt lat="49.23582" lon="19.9203">
        <ele>2084.48</ele>
      </trkpt>
      <trkpt lat="49.2358" lon="19.92023">
        <ele>2084.88</ele>
      </trkpt>
      <trkpt lat="49.23578" lon="19.92019">
        <ele>2084.92</ele>
      </trkpt>
      <trkpt lat="49.23578" lon="19.92013">
        <ele>2085.4</ele>
      </trkpt>
      <trkpt lat="49.2358" lon="19.9201">
        <ele>2085.88</ele>
      </trkpt>
      <trkpt lat="49.23583" lon="19.92005">
        <ele>2086.6</ele>
      </trkpt>
      <trkpt lat="49.23587" lon="19.92003">
        <ele>2087.15</ele>
      </trkpt>
      <trkpt lat="49.23589" lon="19.91999">
        <ele>2087.63</ele>
      </trkpt>
      <trkpt lat="49.23592" lon="19.91994">
        <ele>2088.02</ele>
      </trkpt>
      <trkpt lat="49.23599" lon="19.9198">
        <ele>2088.6</ele>
      </trkpt>
      <trkpt lat="49.23606" lon="19.91964">
        <ele>2089.3</ele>
      </trkpt>
      <trkpt lat="49.23609" lon="19.91943">
        <ele>2090.73</ele>
      </trkpt>
      <trkpt lat="49.23603" lon="19.91929">
        <ele>2090.06</ele>
      </trkpt>
      <trkpt lat="49.23598" lon="19.9192">
        <ele>2089.95</ele>
      </trkpt>
      <trkpt lat="49.23595" lon="19.91914">
        <ele>2089.61</ele>
      </trkpt>
      <trkpt lat="49.23593" lon="19.91914">
        <ele>2089.64</ele>
      </trkpt>
      <trkpt lat="49.23582" lon="19.91908">
        <ele>2089.39</ele>
      </trkpt>
      <trkpt lat="49.23566" lon="19.91889">
        <ele>2088.63</ele>
      </trkpt>
      <trkpt lat="49.23551" lon="19.91871">
        <ele>2084.23</ele>
      </trkpt>
      <trkpt lat="49.23541" lon="19.91862">
        <ele>2080.72</ele>
      </trkpt>
      <trkpt lat="49.23526" lon="19.91844">
        <ele>2071.4</ele>
      </trkpt>
      <trkpt lat="49.23515" lon="19.91835">
        <ele>2074.36</ele>
      </trkpt>
      <trkpt lat="49.235" lon="19.91808">
        <ele>2070.32</ele>
      </trkpt>
      <trkpt lat="49.23491" lon="19.91795">
        <ele>2065.99</ele>
      </trkpt>
      <trkpt lat="49.23482" lon="19.91787">
        <ele>2064.94</ele>
      </trkpt>
      <trkpt lat="49.23473" lon="19.91775">
        <ele>2064.25</ele>
      </trkpt>
      <trkpt lat="49.23461" lon="19.91758">
        <ele>2061.94</ele>
      </trkpt>
      <trkpt lat="49.23459" lon="19.91755">
        <ele>2061.51</ele>
      </trkpt>
      <trkpt lat="49.23459" lon="19.91755">
        <ele>2061.51</ele>
      </trkpt>
      <trkpt lat="49.23459" lon="19.91755">
        <ele>2061.51</ele>
      </trkpt>
      <trkpt lat="49.23454" lon="19.91743">
        <ele>2059.87</ele>
      </trkpt>
      <trkpt lat="49.2345" lon="19.91736">
        <ele>2059.28</ele>
      </trkpt>
      <trkpt lat="49.23446" lon="19.91725">
        <ele>2058.18</ele>
      </trkpt>
      <trkpt lat="49.23436" lon="19.91712">
        <ele>2057.97</ele>
      </trkpt>
      <trkpt lat="49.23432" lon="19.91701">
        <ele>2057.42</ele>
      </trkpt>
      <trkpt lat="49.23428" lon="19.91679">
        <ele>2055.7</ele>
      </trkpt>
      <trkpt lat="49.23425" lon="19.91676">
        <ele>2055.27</ele>
      </trkpt>
      <trkpt lat="49.23419" lon="19.91675">
        <ele>2054.77</ele>
      </trkpt>
      <trkpt lat="49.23414" lon="19.91671">
        <ele>2053.72</ele>
      </trkpt>
      <trkpt lat="49.23411" lon="19.91667">
        <ele>2052.8</ele>
      </trkpt>
      <trkpt lat="49.23404" lon="19.91654">
        <ele>2049.86</ele>
      </trkpt>
      <trkpt lat="49.23403" lon="19.91647">
        <ele>2048.91</ele>
      </trkpt>
      <trkpt lat="49.23401" lon="19.91643">
        <ele>2048.17</ele>
      </trkpt>
      <trkpt lat="49.23397" lon="19.91633">
        <ele>2046.62</ele>
      </trkpt>
      <trkpt lat="49.23391" lon="19.91626">
        <ele>2045.31</ele>
      </trkpt>
      <trkpt lat="49.23388" lon="19.91619">
        <ele>2044.73</ele>
      </trkpt>
      <trkpt lat="49.23388" lon="19.91611">
        <ele>2044.18</ele>
      </trkpt>
      <trkpt lat="49.23387" lon="19.91604">
        <ele>2043.88</ele>
      </trkpt>
      <trkpt lat="49.23385" lon="19.91596">
        <ele>2043.68</ele>
      </trkpt>
      <trkpt lat="49.23381" lon="19.9158">
        <ele>2043.03</ele>
      </trkpt>
      <trkpt lat="49.23379" lon="19.91573">
        <ele>2042.53</ele>
      </trkpt>
      <trkpt lat="49.23374" lon="19.91565">
        <ele>2042.35</ele>
      </trkpt>
      <trkpt lat="49.23371" lon="19.91557">
        <ele>2041.77</ele>
      </trkpt>
      <trkpt lat="49.23367" lon="19.9155">
        <ele>2041.67</ele>
      </trkpt>
      <trkpt lat="49.23364" lon="19.91541">
        <ele>2041.43</ele>
      </trkpt>
      <trkpt lat="49.2336" lon="19.91533">
        <ele>2041.61</ele>
      </trkpt>
      <trkpt lat="49.23357" lon="19.9153">
        <ele>2042.04</ele>
      </trkpt>
      <trkpt lat="49.23357" lon="19.91525">
        <ele>2041.97</ele>
      </trkpt>
      <trkpt lat="49.23357" lon="19.91521">
        <ele>2042.1</ele>
      </trkpt>
      <trkpt lat="49.23355" lon="19.91515">
        <ele>2042.68</ele>
      </trkpt>
      <trkpt lat="49.23355" lon="19.91509">
        <ele>2042.85</ele>
      </trkpt>
      <trkpt lat="49.23351" lon="19.91498">
        <ele>2043.85</ele>
      </trkpt>
      <trkpt lat="49.23348" lon="19.91487">
        <ele>2044.58</ele>
      </trkpt>
      <trkpt lat="49.23347" lon="19.91478">
        <ele>2044.94</ele>
      </trkpt>
      <trkpt lat="49.23341" lon="19.91469">
        <ele>2046.16</ele>
      </trkpt>
      <trkpt lat="49.23334" lon="19.91451">
        <ele>2047.06</ele>
      </trkpt>
      <trkpt lat="49.23329" lon="19.9145">
        <ele>2047.61</ele>
      </trkpt>
      <trkpt lat="49.23328" lon="19.91447">
        <ele>2047.63</ele>
      </trkpt>
      <trkpt lat="49.23327" lon="19.91439">
        <ele>2047.53</ele>
      </trkpt>
      <trkpt lat="49.23325" lon="19.91435">
        <ele>2047.66</ele>
      </trkpt>
      <trkpt lat="49.23321" lon="19.91427">
        <ele>2047.98</ele>
      </trkpt>
      <trkpt lat="49.2332" lon="19.9142">
        <ele>2047.98</ele>
      </trkpt>
      <trkpt lat="49.23317" lon="19.91414">
        <ele>2048.28</ele>
      </trkpt>
      <trkpt lat="49.23311" lon="19.91396">
        <ele>2048.17</ele>
      </trkpt>
      <trkpt lat="49.23309" lon="19.91393">
        <ele>2048.12</ele>
      </trkpt>
      <trkpt lat="49.23306" lon="19.91391">
        <ele>2048.13</ele>
      </trkpt>
      <trkpt lat="49.233" lon="19.91383">
        <ele>2048.31</ele>
      </trkpt>
      <trkpt lat="49.23298" lon="19.91381">
        <ele>2048.45</ele>
      </trkpt>
      <trkpt lat="49.23295" lon="19.91377">
        <ele>2048.8</ele>
      </trkpt>
      <trkpt lat="49.23293" lon="19.91372">
        <ele>2049.31</ele>
      </trkpt>
      <trkpt lat="49.23288" lon="19.91362">
        <ele>2050.53</ele>
      </trkpt>
      <trkpt lat="49.23284" lon="19.91352">
        <ele>2052.01</ele>
      </trkpt>
      <trkpt lat="49.23278" lon="19.91346">
        <ele>2053.16</ele>
      </trkpt>
      <trkpt lat="49.23277" lon="19.91343">
        <ele>2053.61</ele>
      </trkpt>
      <trkpt lat="49.23277" lon="19.91337">
        <ele>2054.47</ele>
      </trkpt>
      <trkpt lat="49.23276" lon="19.91327">
        <ele>2056.17</ele>
      </trkpt>
      <trkpt lat="49.23275" lon="19.9132">
        <ele>2057.5</ele>
      </trkpt>
      <trkpt lat="49.23273" lon="19.91303">
        <ele>2060.74</ele>
      </trkpt>
      <trkpt lat="49.23273" lon="19.91296">
        <ele>2061.84</ele>
      </trkpt>
      <trkpt lat="49.2327" lon="19.91291">
        <ele>2062.95</ele>
      </trkpt>
      <trkpt lat="49.2327" lon="19.91285">
        <ele>2063.93</ele>
      </trkpt>
      <trkpt lat="49.23267" lon="19.91279">
        <ele>2065.34</ele>
      </trkpt>
      <trkpt lat="49.23263" lon="19.91275">
        <ele>2066.63</ele>
      </trkpt>
      <trkpt lat="49.23262" lon="19.91272">
        <ele>2067.34</ele>
      </trkpt>
      <trkpt lat="49.23257" lon="19.91269">
        <ele>2068.73</ele>
      </trkpt>
      <trkpt lat="49.23254" lon="19.91263">
        <ele>2070.46</ele>
      </trkpt>
      <trkpt lat="49.2325" lon="19.9126">
        <ele>2071.84</ele>
      </trkpt>
      <trkpt lat="49.2325" lon="19.91252">
        <ele>2073.57</ele>
      </trkpt>
      <trkpt lat="49.23254" lon="19.91238">
        <ele>2075.6</ele>
      </trkpt>
      <trkpt lat="49.23254" lon="19.91233">
        <ele>2076.63</ele>
      </trkpt>
      <trkpt lat="49.23253" lon="19.91222">
        <ele>2079.18</ele>
      </trkpt>
      <trkpt lat="49.23252" lon="19.91219">
        <ele>2080.0</ele>
      </trkpt>
      <trkpt lat="49.2325" lon="19.91215">
        <ele>2081.3</ele>
      </trkpt>
      <trkpt lat="49.23241" lon="19.91212">
        <ele>2083.99</ele>
      </trkpt>
      <trkpt lat="49.2324" lon="19.91207">
        <ele>2085.06</ele>
      </trkpt>
      <trkpt lat="49.23239" lon="19.91201">
        <ele>2086.29</ele>
      </trkpt>
      <trkpt lat="49.23239" lon="19.91186">
        <ele>2088.66</ele>
      </trkpt>
      <trkpt lat="49.23236" lon="19.91183">
        <ele>2089.67</ele>
      </trkpt>
      <trkpt lat="49.23225" lon="19.91179">
        <ele>2092.18</ele>
      </trkpt>
      <trkpt lat="49.23222" lon="19.91178">
        <ele>2092.8</ele>
      </trkpt>
      <trkpt lat="49.23219" lon="19.91169">
        <ele>2094.1</ele>
      </trkpt>
      <trkpt lat="49.23216" lon="19.91164">
        <ele>2094.86</ele>
      </trkpt>
      <trkpt lat="49.23214" lon="19.91159">
        <ele>2095.44</ele>
      </trkpt>
      <trkpt lat="49.23211" lon="19.91146">
        <ele>2096.7</ele>
      </trkpt>
      <trkpt lat="49.23207" lon="19.91135">
        <ele>2097.99</ele>
      </trkpt>
      <trkpt lat="49.23203" lon="19.91128">
        <ele>2098.98</ele>
      </trkpt>
      <trkpt lat="49.23201" lon="19.91123">
        <ele>2099.57</ele>
      </trkpt>
      <trkpt lat="49.23199" lon="19.91104">
        <ele>2101.65</ele>
      </trkpt>
      <trkpt lat="49.23198" lon="19.91095">
        <ele>2102.99</ele>
      </trkpt>
      <trkpt lat="49.23197" lon="19.91088">
        <ele>2104.07</ele>
      </trkpt>
      <trkpt lat="49.23193" lon="19.91065">
        <ele>2107.92</ele>
      </trkpt>
      <trkpt lat="49.2319" lon="19.91055">
        <ele>2109.84</ele>
      </trkpt>
      <trkpt lat="49.23189" lon="19.9105">
        <ele>2110.42</ele>
      </trkpt>
      <trkpt lat="49.23191" lon="19.91045">
        <ele>2110.43</ele>
      </trkpt>
      <trkpt lat="49.23191" lon="19.91037">
        <ele>2111.04</ele>
      </trkpt>
      <trkpt lat="49.2319" lon="19.91031">
        <ele>2111.71</ele>
      </trkpt>
      <trkpt lat="49.23188" lon="19.91029">
        <ele>2112.29</ele>
      </trkpt>
      <trkpt lat="49.23185" lon="19.91021">
        <ele>2114.42</ele>
      </trkpt>
      <trkpt lat="49.23183" lon="19.91012">
        <ele>2116.51</ele>
      </trkpt>
      <trkpt lat="49.23179" lon="19.91005">
        <ele>2118.25</ele>
      </trkpt>
      <trkpt lat="49.23174" lon="19.91">
        <ele>2119.47</ele>
      </trkpt>
      <trkpt lat="49.23167" lon="19.90998">
        <ele>2119.97</ele>
      </trkpt>
      <trkpt lat="49.23164" lon="19.90994">
        <ele>2120.1</ele>
      </trkpt>
      <trkpt lat="49.2316" lon="19.90983">
        <ele>2120.24</ele>
      </trkpt>
      <trkpt lat="49.23159" lon="19.90968">
        <ele>2120.23</ele>
      </trkpt>
      <trkpt lat="49.23157" lon="19.90961">
        <ele>2120.21</ele>
      </trkpt>
      <trkpt lat="49.23154" lon="19.90953">
        <ele>2120.14</ele>
      </trkpt>
      <trkpt lat="49.23154" lon="19.90953">
        <ele>2120.14</ele>
      </trkpt>
      <trkpt lat="49.23154" lon="19.90953">
        <ele>2120.14</ele>
      </trkpt>
      <trkpt lat="49.23158" lon="19.90949">
        <ele>2120.05</ele>
      </trkpt>
      <trkpt lat="49.23163" lon="19.90946">
        <ele>2120.01</ele>
      </trkpt>
      <trkpt lat="49.23163" lon="19.90945">
        <ele>2120.0</ele>
      </trkpt>
      <trkpt lat="49.23163" lon="19.90942">
        <ele>2119.72</ele>
      </trkpt>
      <trkpt lat="49.23163" lon="19.9094">
        <ele>2119.5</ele>
      </trkpt>
      <trkpt lat="49.23159" lon="19.90938">
        <ele>2119.24</ele>
      </trkpt>
      <trkpt lat="49.23158" lon="19.90936">
        <ele>2118.99</ele>
      </trkpt>
      <trkpt lat="49.23157" lon="19.90934">
        <ele>2118.74</ele>
      </trkpt>
      <trkpt lat="49.23155" lon="19.90931">
        <ele>2118.34</ele>
      </trkpt>
      <trkpt lat="49.23152" lon="19.90928">
        <ele>2117.91</ele>
      </trkpt>
      <trkpt lat="49.23149" lon="19.90923">
        <ele>2117.19</ele>
      </trkpt>
      <trkpt lat="49.23146" lon="19.90914">
        <ele>2115.94</ele>
      </trkpt>
      <trkpt lat="49.23144" lon="19.90904">
        <ele>2114.73</ele>
      </trkpt>
      <trkpt lat="49.23146" lon="19.90891">
        <ele>2113.25</ele>
      </trkpt>
      <trkpt lat="49.23146" lon="19.90861">
        <ele>2109.99</ele>
      </trkpt>
      <trkpt lat="49.23142" lon="19.90833">
        <ele>2107.49</ele>
      </trkpt>
      <trkpt lat="49.23144" lon="19.90818">
        <ele>2104.71</ele>
      </trkpt>
      <trkpt lat="49.23138" lon="19.90799">
        <ele>2100.2</ele>
      </trkpt>
      <trkpt lat="49.23137" lon="19.9079">
        <ele>2096.48</ele>
      </trkpt>
      <trkpt lat="49.2314" lon="19.90782">
        <ele>2093.69</ele>
      </trkpt>
      <trkpt lat="49.23139" lon="19.90775">
        <ele>2091.4</ele>
      </trkpt>
      <trkpt lat="49.23137" lon="19.90772">
        <ele>2090.48</ele>
      </trkpt>
      <trkpt lat="49.23134" lon="19.90766">
        <ele>2088.75</ele>
      </trkpt>
      <trkpt lat="49.23128" lon="19.90755">
        <ele>2085.51</ele>
      </trkpt>
      <trkpt lat="49.23128" lon="19.90743">
        <ele>2082.71</ele>
      </trkpt>
      <trkpt lat="49.23127" lon="19.90721">
        <ele>2077.46</ele>
      </trkpt>
      <trkpt lat="49.23124" lon="19.90712">
        <ele>2076.56</ele>
      </trkpt>
      <trkpt lat="49.23123" lon="19.90699">
        <ele>2075.4</ele>
      </trkpt>
      <trkpt lat="49.23121" lon="19.90696">
        <ele>2075.13</ele>
      </trkpt>
      <trkpt lat="49.23116" lon="19.90697">
        <ele>2075.2</ele>
      </trkpt>
      <trkpt lat="49.23114" lon="19.90687">
        <ele>2072.86</ele>
      </trkpt>
      <trkpt lat="49.23107" lon="19.90678">
        <ele>2069.81</ele>
      </trkpt>
      <trkpt lat="49.23104" lon="19.90671">
        <ele>2068.1</ele>
      </trkpt>
      <trkpt lat="49.23099" lon="19.9066">
        <ele>2066.43</ele>
      </trkpt>
      <trkpt lat="49.23099" lon="19.90652">
        <ele>2065.23</ele>
      </trkpt>
      <trkpt lat="49.231" lon="19.90644">
        <ele>2064.14</ele>
      </trkpt>
      <trkpt lat="49.23104" lon="19.90637">
        <ele>2063.87</ele>
      </trkpt>
      <trkpt lat="49.23103" lon="19.90627">
        <ele>2063.23</ele>
      </trkpt>
      <trkpt lat="49.23103" lon="19.90619">
        <ele>2062.82</ele>
      </trkpt>
      <trkpt lat="49.231" lon="19.90603">
        <ele>2062.49</ele>
      </trkpt>
      <trkpt lat="49.23096" lon="19.90595">
        <ele>2062.49</ele>
      </trkpt>
      <trkpt lat="49.23097" lon="19.90586">
        <ele>2062.89</ele>
      </trkpt>
      <trkpt lat="49.23096" lon="19.90576">
        <ele>2063.42</ele>
      </trkpt>
      <trkpt lat="49.23093" lon="19.90569">
        <ele>2063.57</ele>
      </trkpt>
      <trkpt lat="49.23101" lon="19.90534">
        <ele>2070.06</ele>
      </trkpt>
      <trkpt lat="49.23102" lon="19.90528">
        <ele>2071.28</ele>
      </trkpt>
      <trkpt lat="49.23106" lon="19.90512">
        <ele>2079.42</ele>
      </trkpt>
      <trkpt lat="49.23111" lon="19.90501">
        <ele>2088.28</ele>
      </trkpt>
      <trkpt lat="49.23117" lon="19.90496">
        <ele>2089.87</ele>
      </trkpt>
      <trkpt lat="49.23119" lon="19.90486">
        <ele>2091.52</ele>
      </trkpt>
      <trkpt lat="49.23122" lon="19.90477">
        <ele>2092.88</ele>
      </trkpt>
      <trkpt lat="49.23124" lon="19.90463">
        <ele>2094.71</ele>
      </trkpt>
      <trkpt lat="49.23125" lon="19.90459">
        <ele>2095.17</ele>
      </trkpt>
      <trkpt lat="49.23124" lon="19.90451">
        <ele>2096.24</ele>
      </trkpt>
      <trkpt lat="49.23126" lon="19.90442">
        <ele>2097.2</ele>
      </trkpt>
      <trkpt lat="49.23123" lon="19.90416">
        <ele>2099.81</ele>
      </trkpt>
      <trkpt lat="49.23114" lon="19.90384">
        <ele>2093.23</ele>
      </trkpt>
      <trkpt lat="49.23114" lon="19.90384">
        <ele>2093.23</ele>
      </trkpt>
      <trkpt lat="49.23114" lon="19.90384">
        <ele>2093.23</ele>
      </trkpt>
      <trkpt lat="49.23114" lon="19.90373">
        <ele>2092.44</ele>
      </trkpt>
      <trkpt lat="49.23113" lon="19.90367">
        <ele>2092.15</ele>
      </trkpt>
      <trkpt lat="49.23112" lon="19.9035">
        <ele>2094.21</ele>
      </trkpt>
      <trkpt lat="49.23114" lon="19.90343">
        <ele>2095.16</ele>
      </trkpt>
      <trkpt lat="49.23115" lon="19.90336">
        <ele>2096.23</ele>
      </trkpt>
      <trkpt lat="49.23113" lon="19.90328">
        <ele>2096.71</ele>
      </trkpt>
      <trkpt lat="49.23112" lon="19.90322">
        <ele>2096.17</ele>
      </trkpt>
      <trkpt lat="49.23112" lon="19.90318">
        <ele>2095.63</ele>
      </trkpt>
      <trkpt lat="49.23113" lon="19.90302">
        <ele>2093.28</ele>
      </trkpt>
      <trkpt lat="49.23113" lon="19.9029">
        <ele>2091.29</ele>
      </trkpt>
      <trkpt lat="49.23113" lon="19.9029">
        <ele>2091.29</ele>
      </trkpt>
      <trkpt lat="49.23113" lon="19.9029">
        <ele>2091.29</ele>
      </trkpt>
      <trkpt lat="49.23125" lon="19.90262">
        <ele>2089.86</ele>
      </trkpt>
      <trkpt lat="49.23132" lon="19.90236">
        <ele>2090.0</ele>
      </trkpt>
      <trkpt lat="49.23141" lon="19.9022">
        <ele>2088.84</ele>
      </trkpt>
      <trkpt lat="49.23153" lon="19.90213">
        <ele>2084.3</ele>
      </trkpt>
      <trkpt lat="49.23158" lon="19.90209">
        <ele>2082.24</ele>
      </trkpt>
      <trkpt lat="49.23163" lon="19.90204">
        <ele>2080.03</ele>
      </trkpt>
      <trkpt lat="49.23171" lon="19.90195">
        <ele>2075.57</ele>
      </trkpt>
      <trkpt lat="49.23181" lon="19.90182">
        <ele>2069.6</ele>
      </trkpt>
      <trkpt lat="49.23199" lon="19.90161">
        <ele>2058.87</ele>
      </trkpt>
      <trkpt lat="49.23211" lon="19.90158">
        <ele>2053.82</ele>
      </trkpt>
      <trkpt lat="49.23213" lon="19.90154">
        <ele>2052.37</ele>
      </trkpt>
      <trkpt lat="49.23216" lon="19.90145">
        <ele>2049.82</ele>
      </trkpt>
      <trkpt lat="49.23232" lon="19.90132">
        <ele>2042.14</ele>
      </trkpt>
      <trkpt lat="49.23242" lon="19.90138">
        <ele>2039.04</ele>
      </trkpt>
      <trkpt lat="49.23251" lon="19.90135">
        <ele>2035.25</ele>
      </trkpt>
      <trkpt lat="49.23261" lon="19.90132">
        <ele>2032.93</ele>
      </trkpt>
      <trkpt lat="49.23312" lon="19.90102">
        <ele>2021.2</ele>
      </trkpt>
      <trkpt lat="49.23339" lon="19.90087">
        <ele>2020.46</ele>
      </trkpt>
      <trkpt lat="49.23346" lon="19.90085">
        <ele>2020.89</ele>
      </trkpt>
      <trkpt lat="49.23365" lon="19.90075">
        <ele>2018.97</ele>
      </trkpt>
      <trkpt lat="49.23376" lon="19.90072">
        <ele>2016.61</ele>
      </trkpt>
      <trkpt lat="49.23386" lon="19.90066">
        <ele>2014.43</ele>
      </trkpt>
      <trkpt lat="49.23395" lon="19.90067">
        <ele>2014.22</ele>
      </trkpt>
      <trkpt lat="49.23404" lon="19.90066">
        <ele>2014.19</ele>
      </trkpt>
      <trkpt lat="49.23436" lon="19.90049">
        <ele>2020.41</ele>
      </trkpt>
      <trkpt lat="49.23451" lon="19.90038">
        <ele>2022.23</ele>
      </trkpt>
      <trkpt lat="49.23493" lon="19.90005">
        <ele>2016.25</ele>
      </trkpt>
      <trkpt lat="49.235" lon="19.89997">
        <ele>2014.24</ele>
      </trkpt>
      <trkpt lat="49.23509" lon="19.8999">
        <ele>2010.8</ele>
      </trkpt>
      <trkpt lat="49.23524" lon="19.89981">
        <ele>2007.12</ele>
      </trkpt>
      <trkpt lat="49.23535" lon="19.89979">
        <ele>2003.81</ele>
      </trkpt>
      <trkpt lat="49.23538" lon="19.89977">
        <ele>2002.26</ele>
      </trkpt>
      <trkpt lat="49.23542" lon="19.89977">
        <ele>2000.66</ele>
      </trkpt>
      <trkpt lat="49.23553" lon="19.89976">
        <ele>1995.83</ele>
      </trkpt>
      <trkpt lat="49.23566" lon="19.89968">
        <ele>1992.1</ele>
      </trkpt>
      <trkpt lat="49.23573" lon="19.89967">
        <ele>1991.97</ele>
      </trkpt>
      <trkpt lat="49.23583" lon="19.8997">
        <ele>1993.86</ele>
      </trkpt>
      <trkpt lat="49.2359" lon="19.89969">
        <ele>1991.54</ele>
      </trkpt>
      <trkpt lat="49.23604" lon="19.89966">
        <ele>1986.41</ele>
      </trkpt>
      <trkpt lat="49.23611" lon="19.89946">
        <ele>1976.64</ele>
      </trkpt>
      <trkpt lat="49.23617" lon="19.89942">
        <ele>1973.05</ele>
      </trkpt>
      <trkpt lat="49.23618" lon="19.89926">
        <ele>1969.87</ele>
      </trkpt>
      <trkpt lat="49.23619" lon="19.89922">
        <ele>1968.67</ele>
      </trkpt>
      <trkpt lat="49.23621" lon="19.89922">
        <ele>1967.63</ele>
      </trkpt>
      <trkpt lat="49.23624" lon="19.89924">
        <ele>1966.46</ele>
      </trkpt>
      <trkpt lat="49.23626" lon="19.89922">
        <ele>1965.04</ele>
      </trkpt>
      <trkpt lat="49.23622" lon="19.89906">
        <ele>1962.81</ele>
      </trkpt>
      <trkpt lat="49.23622" lon="19.89902">
        <ele>1961.57</ele>
      </trkpt>
      <trkpt lat="49.23627" lon="19.89899">
        <ele>1958.06</ele>
      </trkpt>
      <trkpt lat="49.23628" lon="19.89896">
        <ele>1956.64</ele>
      </trkpt>
      <trkpt lat="49.23626" lon="19.89887">
        <ele>1954.86</ele>
      </trkpt>
      <trkpt lat="49.23627" lon="19.89884">
        <ele>1953.36</ele>
      </trkpt>
      <trkpt lat="49.23632" lon="19.89884">
        <ele>1950.93</ele>
      </trkpt>
      <trkpt lat="49.23633" lon="19.89881">
        <ele>1949.52</ele>
      </trkpt>
      <trkpt lat="49.2363" lon="19.89872">
        <ele>1948.03</ele>
      </trkpt>
      <trkpt lat="49.23629" lon="19.89855">
        <ele>1942.56</ele>
      </trkpt>
      <trkpt lat="49.23631" lon="19.89853">
        <ele>1941.04</ele>
      </trkpt>
      <trkpt lat="49.23639" lon="19.89852">
        <ele>1937.69</ele>
      </trkpt>
      <trkpt lat="49.23636" lon="19.89839">
        <ele>1934.02</ele>
      </trkpt>
      <trkpt lat="49.23637" lon="19.89836">
        <ele>1932.59</ele>
      </trkpt>
      <trkpt lat="49.23641" lon="19.89834">
        <ele>1930.78</ele>
      </trkpt>
      <trkpt lat="49.23642" lon="19.8983">
        <ele>1929.53</ele>
      </trkpt>
      <trkpt lat="49.23646" lon="19.89829">
        <ele>1928.49</ele>
      </trkpt>
      <trkpt lat="49.23646" lon="19.89828">
        <ele>1928.27</ele>
      </trkpt>
      <trkpt lat="49.23642" lon="19.89816">
        <ele>1926.17</ele>
      </trkpt>
      <trkpt lat="49.23655" lon="19.89807">
        <ele>1922.53</ele>
      </trkpt>
      <trkpt lat="49.23662" lon="19.89806">
        <ele>1921.58</ele>
      </trkpt>
      <trkpt lat="49.23661" lon="19.89796">
        <ele>1919.06</ele>
      </trkpt>
      <trkpt lat="49.23674" lon="19.89789">
        <ele>1915.98</ele>
      </trkpt>
      <trkpt lat="49.23675" lon="19.89786">
        <ele>1915.21</ele>
      </trkpt>
      <trkpt lat="49.23673" lon="19.89775">
        <ele>1912.81</ele>
      </trkpt>
      <trkpt lat="49.23676" lon="19.89772">
        <ele>1911.87</ele>
      </trkpt>
      <trkpt lat="49.2368" lon="19.89769">
        <ele>1910.97</ele>
      </trkpt>
      <trkpt lat="49.23683" lon="19.89769">
        <ele>1910.85</ele>
      </trkpt>
      <trkpt lat="49.23684" lon="19.89756">
        <ele>1907.95</ele>
      </trkpt>
      <trkpt lat="49.23692" lon="19.89756">
        <ele>1908.05</ele>
      </trkpt>
      <trkpt lat="49.23693" lon="19.89743">
        <ele>1905.64</ele>
      </trkpt>
      <trkpt lat="49.23696" lon="19.89734">
        <ele>1903.95</ele>
      </trkpt>
      <trkpt lat="49.237" lon="19.89732">
        <ele>1903.16</ele>
      </trkpt>
      <trkpt lat="49.23701" lon="19.89722">
        <ele>1901.24</ele>
      </trkpt>
      <trkpt lat="49.23704" lon="19.89717">
        <ele>1899.65</ele>
      </trkpt>
      <trkpt lat="49.23711" lon="19.89715">
        <ele>1898.39</ele>
      </trkpt>
      <trkpt lat="49.23717" lon="19.897">
        <ele>1893.96</ele>
      </trkpt>
      <trkpt lat="49.23722" lon="19.89688">
        <ele>1890.4</ele>
      </trkpt>
      <trkpt lat="49.23728" lon="19.89688">
        <ele>1888.97</ele>
      </trkpt>
      <trkpt lat="49.23733" lon="19.89671">
        <ele>1883.7</ele>
      </trkpt>
      <trkpt lat="49.23738" lon="19.89661">
        <ele>1879.72</ele>
      </trkpt>
      <trkpt lat="49.23742" lon="19.89657">
        <ele>1877.79</ele>
      </trkpt>
      <trkpt lat="49.23745" lon="19.89655">
        <ele>1876.76</ele>
      </trkpt>
      <trkpt lat="49.23747" lon="19.89645">
        <ele>1873.77</ele>
      </trkpt>
      <trkpt lat="49.23773" lon="19.89611">
        <ele>1863.14</ele>
      </trkpt>
      <trkpt lat="49.23784" lon="19.89604">
        <ele>1860.45</ele>
      </trkpt>
      <trkpt lat="49.2379" lon="19.89581">
        <ele>1853.06</ele>
      </trkpt>
      <trkpt lat="49.23801" lon="19.8957">
        <ele>1850.1</ele>
      </trkpt>
      <trkpt lat="49.23803" lon="19.89561">
        <ele>1848.62</ele>
      </trkpt>
      <trkpt lat="49.23803" lon="19.89561">
        <ele>1848.62</ele>
      </trkpt>
      <trkpt lat="49.23803" lon="19.89561">
        <ele>1848.62</ele>
      </trkpt>
      <trkpt lat="49.23799" lon="19.89559">
        <ele>1847.96</ele>
      </trkpt>
      <trkpt lat="49.23792" lon="19.89557">
        <ele>1846.9</ele>
      </trkpt>
      <trkpt lat="49.23779" lon="19.89557">
        <ele>1845.64</ele>
      </trkpt>
      <trkpt lat="49.23771" lon="19.89558">
        <ele>1844.75</ele>
      </trkpt>
      <trkpt lat="49.23764" lon="19.89561">
        <ele>1844.87</ele>
      </trkpt>
      <trkpt lat="49.23755" lon="19.89569">
        <ele>1847.33</ele>
      </trkpt>
      <trkpt lat="49.23729" lon="19.89585">
        <ele>1850.15</ele>
      </trkpt>
      <trkpt lat="49.23723" lon="19.8959">
        <ele>1851.03</ele>
      </trkpt>
      <trkpt lat="49.23708" lon="19.89596">
        <ele>1850.35</ele>
      </trkpt>
      <trkpt lat="49.23697" lon="19.89603">
        <ele>1851.43</ele>
      </trkpt>
      <trkpt lat="49.23689" lon="19.89607">
        <ele>1851.78</ele>
      </trkpt>
      <trkpt lat="49.23683" lon="19.89613">
        <ele>1853.56</ele>
      </trkpt>
      <trkpt lat="49.23676" lon="19.89615">
        <ele>1853.07</ele>
      </trkpt>
      <trkpt lat="49.23669" lon="19.89622">
        <ele>1855.06</ele>
      </trkpt>
      <trkpt lat="49.23657" lon="19.89626">
        <ele>1853.16</ele>
      </trkpt>
      <trkpt lat="49.23638" lon="19.89637">
        <ele>1851.28</ele>
      </trkpt>
      <trkpt lat="49.23628" lon="19.89637">
        <ele>1851.64</ele>
      </trkpt>
      <trkpt lat="49.23621" lon="19.8964">
        <ele>1853.04</ele>
      </trkpt>
      <trkpt lat="49.23613" lon="19.89639">
        <ele>1852.96</ele>
      </trkpt>
      <trkpt lat="49.23608" lon="19.89642">
        <ele>1853.85</ele>
      </trkpt>
      <trkpt lat="49.236" lon="19.89641">
        <ele>1853.68</ele>
      </trkpt>
      <trkpt lat="49.23596" lon="19.89642">
        <ele>1854.09</ele>
      </trkpt>
      <trkpt lat="49.23583" lon="19.8964">
        <ele>1853.59</ele>
      </trkpt>
      <trkpt lat="49.23569" lon="19.89638">
        <ele>1857.27</ele>
      </trkpt>
      <trkpt lat="49.23552" lon="19.89635">
        <ele>1861.97</ele>
      </trkpt>
      <trkpt lat="49.23544" lon="19.89631">
        <ele>1864.13</ele>
      </trkpt>
      <trkpt lat="49.23535" lon="19.89625">
        <ele>1865.86</ele>
      </trkpt>
      <trkpt lat="49.23518" lon="19.89613">
        <ele>1866.02</ele>
      </trkpt>
      <trkpt lat="49.23498" lon="19.89608">
        <ele>1867.26</ele>
      </trkpt>
      <trkpt lat="49.23485" lon="19.89598">
        <ele>1860.96</ele>
      </trkpt>
      <trkpt lat="49.23473" lon="19.89593">
        <ele>1857.27</ele>
      </trkpt>
      <trkpt lat="49.23456" lon="19.89591">
        <ele>1855.89</ele>
      </trkpt>
      <trkpt lat="49.23446" lon="19.89588">
        <ele>1854.23</ele>
      </trkpt>
      <trkpt lat="49.23435" lon="19.89586">
        <ele>1855.6</ele>
      </trkpt>
      <trkpt lat="49.23412" lon="19.89576">
        <ele>1856.11</ele>
      </trkpt>
      <trkpt lat="49.23403" lon="19.89569">
        <ele>1854.51</ele>
      </trkpt>
      <trkpt lat="49.23391" lon="19.89572">
        <ele>1858.11</ele>
      </trkpt>
      <trkpt lat="49.23387" lon="19.89575">
        <ele>1859.03</ele>
      </trkpt>
      <trkpt lat="49.23383" lon="19.89583">
        <ele>1860.55</ele>
      </trkpt>
      <trkpt lat="49.23377" lon="19.89588">
        <ele>1859.49</ele>
      </trkpt>
      <trkpt lat="49.23371" lon="19.89593">
        <ele>1858.25</ele>
      </trkpt>
      <trkpt lat="49.23365" lon="19.89596">
        <ele>1856.4</ele>
      </trkpt>
      <trkpt lat="49.23361" lon="19.89599">
        <ele>1855.37</ele>
      </trkpt>
      <trkpt lat="49.23355" lon="19.89602">
        <ele>1855.08</ele>
      </trkpt>
      <trkpt lat="49.23351" lon="19.89609">
        <ele>1856.06</ele>
      </trkpt>
      <trkpt lat="49.23344" lon="19.89614">
        <ele>1856.16</ele>
      </trkpt>
      <trkpt lat="49.23344" lon="19.89614">
        <ele>1856.16</ele>
      </trkpt>
      <trkpt lat="49.23344" lon="19.89614">
        <ele>1856.16</ele>
      </trkpt>
      <trkpt lat="49.23342" lon="19.89614">
        <ele>1855.87</ele>
      </trkpt>
      <trkpt lat="49.23336" lon="19.89608">
        <ele>1853.61</ele>
      </trkpt>
      <trkpt lat="49.23328" lon="19.89591">
        <ele>1850.57</ele>
      </trkpt>
      <trkpt lat="49.23312" lon="19.89535">
        <ele>1842.93</ele>
      </trkpt>
      <trkpt lat="49.23304" lon="19.89511">
        <ele>1839.75</ele>
      </trkpt>
      <trkpt lat="49.23295" lon="19.89479">
        <ele>1831.88</ele>
      </trkpt>
      <trkpt lat="49.23288" lon="19.89454">
        <ele>1827.12</ele>
      </trkpt>
      <trkpt lat="49.23285" lon="19.89448">
        <ele>1826.93</ele>
      </trkpt>
      <trkpt lat="49.23277" lon="19.89446">
        <ele>1830.65</ele>
      </trkpt>
      <trkpt lat="49.23266" lon="19.89441">
        <ele>1831.48</ele>
      </trkpt>
      <trkpt lat="49.23261" lon="19.89427">
        <ele>1827.46</ele>
      </trkpt>
      <trkpt lat="49.2326" lon="19.89399">
        <ele>1814.8</ele>
      </trkpt>
      <trkpt lat="49.23261" lon="19.89388">
        <ele>1809.2</ele>
      </trkpt>
      <trkpt lat="49.23258" lon="19.89382">
        <ele>1808.18</ele>
      </trkpt>
      <trkpt lat="49.23259" lon="19.89372">
        <ele>1805.64</ele>
      </trkpt>
      <trkpt lat="49.23251" lon="19.89353">
        <ele>1802.42</ele>
      </trkpt>
      <trkpt lat="49.23248" lon="19.89351">
        <ele>1801.91</ele>
      </trkpt>
      <trkpt lat="49.23243" lon="19.89352">
        <ele>1801.44</ele>
      </trkpt>
      <trkpt lat="49.23239" lon="19.89352">
        <ele>1800.91</ele>
      </trkpt>
      <trkpt lat="49.23229" lon="19.89354">
        <ele>1800.06</ele>
      </trkpt>
      <trkpt lat="49.23225" lon="19.89357">
        <ele>1800.29</ele>
      </trkpt>
      <trkpt lat="49.2322" lon="19.8936">
        <ele>1800.62</ele>
      </trkpt>
      <trkpt lat="49.23209" lon="19.89366">
        <ele>1801.92</ele>
      </trkpt>
      <trkpt lat="49.23195" lon="19.89374">
        <ele>1804.18</ele>
      </trkpt>
      <trkpt lat="49.23173" lon="19.89377">
        <ele>1798.53</ele>
      </trkpt>
      <trkpt lat="49.23164" lon="19.89385">
        <ele>1797.21</ele>
      </trkpt>
      <trkpt lat="49.23151" lon="19.89399">
        <ele>1793.58</ele>
      </trkpt>
      <trkpt lat="49.23144" lon="19.89402">
        <ele>1790.59</ele>
      </trkpt>
      <trkpt lat="49.23138" lon="19.89407">
        <ele>1788.9</ele>
      </trkpt>
      <trkpt lat="49.23123" lon="19.89424">
        <ele>1784.54</ele>
      </trkpt>
      <trkpt lat="49.23114" lon="19.89427">
        <ele>1779.76</ele>
      </trkpt>
      <trkpt lat="49.23102" lon="19.89436">
        <ele>1778.21</ele>
      </trkpt>
      <trkpt lat="49.23092" lon="19.89444">
        <ele>1777.55</ele>
      </trkpt>
      <trkpt lat="49.23087" lon="19.89447">
        <ele>1776.86</ele>
      </trkpt>
      <trkpt lat="49.23084" lon="19.89451">
        <ele>1777.59</ele>
      </trkpt>
      <trkpt lat="49.23078" lon="19.89455">
        <ele>1777.74</ele>
      </trkpt>
      <trkpt lat="49.23029" lon="19.89425">
        <ele>1756.44</ele>
      </trkpt>
      <trkpt lat="49.23019" lon="19.89418">
        <ele>1751.32</ele>
      </trkpt>
      <trkpt lat="49.23008" lon="19.89417">
        <ele>1748.15</ele>
      </trkpt>
      <trkpt lat="49.22993" lon="19.89412">
        <ele>1744.82</ele>
      </trkpt>
      <trkpt lat="49.22985" lon="19.89411">
        <ele>1744.57</ele>
      </trkpt>
      <trkpt lat="49.22982" lon="19.89411">
        <ele>1744.57</ele>
      </trkpt>
      <trkpt lat="49.22974" lon="19.89417">
        <ele>1746.03</ele>
      </trkpt>
      <trkpt lat="49.22973" lon="19.89415">
        <ele>1745.58</ele>
      </trkpt>
      <trkpt lat="49.22973" lon="19.89411">
        <ele>1744.57</ele>
      </trkpt>
      <trkpt lat="49.2297" lon="19.89405">
        <ele>1742.45</ele>
      </trkpt>
      <trkpt lat="49.22971" lon="19.8939">
        <ele>1738.97</ele>
      </trkpt>
      <trkpt lat="49.22973" lon="19.89371">
        <ele>1732.54</ele>
      </trkpt>
      <trkpt lat="49.22967" lon="19.8935">
        <ele>1722.21</ele>
      </trkpt>
      <trkpt lat="49.22962" lon="19.89337">
        <ele>1714.78</ele>
      </trkpt>
      <trkpt lat="49.22959" lon="19.89334">
        <ele>1712.91</ele>
      </trkpt>
      <trkpt lat="49.22954" lon="19.89334">
        <ele>1712.36</ele>
      </trkpt>
      <trkpt lat="49.22941" lon="19.89347">
        <ele>1716.1</ele>
      </trkpt>
      <trkpt lat="49.22932" lon="19.89359">
        <ele>1717.36</ele>
      </trkpt>
      <trkpt lat="49.22929" lon="19.89364">
        <ele>1717.66</ele>
      </trkpt>
      <trkpt lat="49.22928" lon="19.89371">
        <ele>1719.36</ele>
      </trkpt>
      <trkpt lat="49.22929" lon="19.89382">
        <ele>1723.21</ele>
      </trkpt>
      <trkpt lat="49.22928" lon="19.8939">
        <ele>1725.06</ele>
      </trkpt>
      <trkpt lat="49.22922" lon="19.89398">
        <ele>1723.48</ele>
      </trkpt>
      <trkpt lat="49.22919" lon="19.89404">
        <ele>1722.78</ele>
      </trkpt>
      <trkpt lat="49.22915" lon="19.89415">
        <ele>1721.74</ele>
      </trkpt>
      <trkpt lat="49.22907" lon="19.8943">
        <ele>1717.51</ele>
      </trkpt>
      <trkpt lat="49.22904" lon="19.89443">
        <ele>1715.91</ele>
      </trkpt>
      <trkpt lat="49.22902" lon="19.89448">
        <ele>1714.57</ele>
      </trkpt>
      <trkpt lat="49.22903" lon="19.89453">
        <ele>1715.64</ele>
      </trkpt>
      <trkpt lat="49.22901" lon="19.89461">
        <ele>1714.45</ele>
      </trkpt>
      <trkpt lat="49.22895" lon="19.89469">
        <ele>1709.92</ele>
      </trkpt>
      <trkpt lat="49.22887" lon="19.89484">
        <ele>1704.22</ele>
      </trkpt>
      <trkpt lat="49.22882" lon="19.89486">
        <ele>1700.04</ele>
      </trkpt>
      <trkpt lat="49.22875" lon="19.89493">
        <ele>1694.5</ele>
      </trkpt>
      <trkpt lat="49.2287" lon="19.89494">
        <ele>1690.25</ele>
      </trkpt>
      <trkpt lat="49.22857" lon="19.89503">
        <ele>1681.21</ele>
      </trkpt>
      <trkpt lat="49.22844" lon="19.89528">
        <ele>1677.84</ele>
      </trkpt>
      <trkpt lat="49.22835" lon="19.89539">
        <ele>1676.23</ele>
      </trkpt>
      <trkpt lat="49.22824" lon="19.89558">
        <ele>1675.93</ele>
      </trkpt>
      <trkpt lat="49.22819" lon="19.8956">
        <ele>1674.02</ele>
      </trkpt>
      <trkpt lat="49.2281" lon="19.89569">
        <ele>1672.72</ele>
      </trkpt>
      <trkpt lat="49.22796" lon="19.89573">
        <ele>1668.81</ele>
      </trkpt>
      <trkpt lat="49.22791" lon="19.89581">
        <ele>1670.36</ele>
      </trkpt>
      <trkpt lat="49.22788" lon="19.89587">
        <ele>1671.15</ele>
      </trkpt>
      <trkpt lat="49.22783" lon="19.89589">
        <ele>1669.95</ele>
      </trkpt>
      <trkpt lat="49.2278" lon="19.89594">
        <ele>1670.05</ele>
      </trkpt>
      <trkpt lat="49.22765" lon="19.89604">
        <ele>1658.47</ele>
      </trkpt>
      <trkpt lat="49.22731" lon="19.89633">
        <ele>1644.55</ele>
      </trkpt>
      <trkpt lat="49.22718" lon="19.89652">
        <ele>1638.51</ele>
      </trkpt>
      <trkpt lat="49.22716" lon="19.89658">
        <ele>1637.28</ele>
      </trkpt>
      <trkpt lat="49.22711" lon="19.89663">
        <ele>1633.84</ele>
      </trkpt>
      <trkpt lat="49.22709" lon="19.89677">
        <ele>1634.5</ele>
      </trkpt>
      <trkpt lat="49.22709" lon="19.89685">
        <ele>1636.06</ele>
      </trkpt>
      <trkpt lat="49.22707" lon="19.89701">
        <ele>1637.26</ele>
      </trkpt>
      <trkpt lat="49.22706" lon="19.89711">
        <ele>1637.51</ele>
      </trkpt>
      <trkpt lat="49.22709" lon="19.89719">
        <ele>1640.14</ele>
      </trkpt>
      <trkpt lat="49.2271" lon="19.89734">
        <ele>1641.64</ele>
      </trkpt>
      <trkpt lat="49.22706" lon="19.89756">
        <ele>1641.05</ele>
      </trkpt>
      <trkpt lat="49.22704" lon="19.89781">
        <ele>1643.6</ele>
      </trkpt>
      <trkpt lat="49.22703" lon="19.89789">
        <ele>1644.28</ele>
      </trkpt>
      <trkpt lat="49.22688" lon="19.89803">
        <ele>1636.89</ele>
      </trkpt>
      <trkpt lat="49.22682" lon="19.89817">
        <ele>1636.94</ele>
      </trkpt>
      <trkpt lat="49.22678" lon="19.89823">
        <ele>1636.1</ele>
      </trkpt>
      <trkpt lat="49.22669" lon="19.8983">
        <ele>1631.64</ele>
      </trkpt>
      <trkpt lat="49.22663" lon="19.89838">
        <ele>1630.91</ele>
      </trkpt>
      <trkpt lat="49.22654" lon="19.89841">
        <ele>1626.28</ele>
      </trkpt>
      <trkpt lat="49.22644" lon="19.89841">
        <ele>1619.5</ele>
      </trkpt>
      <trkpt lat="49.22632" lon="19.89835">
        <ele>1612.67</ele>
      </trkpt>
      <trkpt lat="49.22615" lon="19.89826">
        <ele>1607.79</ele>
      </trkpt>
      <trkpt lat="49.22605" lon="19.8983">
        <ele>1609.84</ele>
      </trkpt>
      <trkpt lat="49.22598" lon="19.89832">
        <ele>1612.37</ele>
      </trkpt>
      <trkpt lat="49.22593" lon="19.89829">
        <ele>1612.82</ele>
      </trkpt>
      <trkpt lat="49.22587" lon="19.89809">
        <ele>1607.53</ele>
      </trkpt>
      <trkpt lat="49.22575" lon="19.89786">
        <ele>1599.66</ele>
      </trkpt>
      <trkpt lat="49.22563" lon="19.89764">
        <ele>1591.88</ele>
      </trkpt>
      <trkpt lat="49.22548" lon="19.89732">
        <ele>1581.25</ele>
      </trkpt>
      <trkpt lat="49.22535" lon="19.89709">
        <ele>1576.28</ele>
      </trkpt>
      <trkpt lat="49.22521" lon="19.8971">
        <ele>1578.74</ele>
      </trkpt>
      <trkpt lat="49.22448" lon="19.89684">
        <ele>1567.09</ele>
      </trkpt>
      <trkpt lat="49.22437" lon="19.89685">
        <ele>1564.36</ele>
      </trkpt>
      <trkpt lat="49.22415" lon="19.89674">
        <ele>1552.34</ele>
      </trkpt>
      <trkpt lat="49.224" lon="19.89673">
        <ele>1548.59</ele>
      </trkpt>
      <trkpt lat="49.22384" lon="19.89675">
        <ele>1547.85</ele>
      </trkpt>
      <trkpt lat="49.22374" lon="19.89674">
        <ele>1548.7</ele>
      </trkpt>
      <trkpt lat="49.22351" lon="19.89633">
        <ele>1535.19</ele>
      </trkpt>
      <trkpt lat="49.22339" lon="19.89607">
        <ele>1527.53</ele>
      </trkpt>
      <trkpt lat="49.22319" lon="19.89552">
        <ele>1520.32</ele>
      </trkpt>
      <trkpt lat="49.22299" lon="19.89493">
        <ele>1501.05</ele>
      </trkpt>
      <trkpt lat="49.2229" lon="19.89467">
        <ele>1493.65</ele>
      </trkpt>
      <trkpt lat="49.22284" lon="19.89462">
        <ele>1491.96</ele>
      </trkpt>
      <trkpt lat="49.22276" lon="19.89463">
        <ele>1492.45</ele>
      </trkpt>
      <trkpt lat="49.22265" lon="19.8947">
        <ele>1494.86</ele>
      </trkpt>
      <trkpt lat="49.2225" lon="19.89485">
        <ele>1496.38</ele>
      </trkpt>
      <trkpt lat="49.22228" lon="19.8951">
        <ele>1488.34</ele>
      </trkpt>
      <trkpt lat="49.22192" lon="19.89554">
        <ele>1483.29</ele>
      </trkpt>
      <trkpt lat="49.2218" lon="19.89575">
        <ele>1485.03</ele>
      </trkpt>
      <trkpt lat="49.22171" lon="19.89584">
        <ele>1483.26</ele>
      </trkpt>
      <trkpt lat="49.22162" lon="19.89588">
        <ele>1479.71</ele>
      </trkpt>
      <trkpt lat="49.22162" lon="19.89588">
        <ele>1479.71</ele>
      </trkpt>
      <trkpt lat="49.22162" lon="19.89588">
        <ele>1479.71</ele>
      </trkpt>
      <trkpt lat="49.22164" lon="19.8957">
        <ele>1476.2</ele>
      </trkpt>
      <trkpt lat="49.2216" lon="19.89557">
        <ele>1471.23</ele>
      </trkpt>
      <trkpt lat="49.22162" lon="19.89547">
        <ele>1468.77</ele>
      </trkpt>
      <trkpt lat="49.22158" lon="19.89533">
        <ele>1463.14</ele>
      </trkpt>
      <trkpt lat="49.22162" lon="19.89502">
        <ele>1456.0</ele>
      </trkpt>
      <trkpt lat="49.22165" lon="19.89481">
        <ele>1452.4</ele>
      </trkpt>
      <trkpt lat="49.22169" lon="19.89465">
        <ele>1449.31</ele>
      </trkpt>
      <trkpt lat="49.22173" lon="19.89454">
        <ele>1446.94</ele>
      </trkpt>
      <trkpt lat="49.22172" lon="19.89426">
        <ele>1440.46</ele>
      </trkpt>
      <trkpt lat="49.22192" lon="19.89385">
        <ele>1432.73</ele>
      </trkpt>
      <trkpt lat="49.22193" lon="19.89359">
        <ele>1425.47</ele>
      </trkpt>
      <trkpt lat="49.22206" lon="19.89315">
        <ele>1417.36</ele>
      </trkpt>
      <trkpt lat="49.22242" lon="19.89253">
        <ele>1406.94</ele>
      </trkpt>
      <trkpt lat="49.22258" lon="19.89202">
        <ele>1401.89</ele>
      </trkpt>
      <trkpt lat="49.22275" lon="19.89144">
        <ele>1392.0</ele>
      </trkpt>
      <trkpt lat="49.22295" lon="19.89093">
        <ele>1387.52</ele>
      </trkpt>
      <trkpt lat="49.22302" lon="19.89068">
        <ele>1384.87</ele>
      </trkpt>
      <trkpt lat="49.2231" lon="19.89052">
        <ele>1382.33</ele>
      </trkpt>
      <trkpt lat="49.2234" lon="19.89024">
        <ele>1378.62</ele>
      </trkpt>
      <trkpt lat="49.22357" lon="19.89006">
        <ele>1378.5</ele>
      </trkpt>
      <trkpt lat="49.22372" lon="19.88978">
        <ele>1375.22</ele>
      </trkpt>
      <trkpt lat="49.22377" lon="19.88936">
        <ele>1370.2</ele>
      </trkpt>
      <trkpt lat="49.22383" lon="19.8892">
        <ele>1368.82</ele>
      </trkpt>
      <trkpt lat="49.22391" lon="19.88869">
        <ele>1363.92</ele>
      </trkpt>
      <trkpt lat="49.22394" lon="19.88822">
        <ele>1358.29</ele>
      </trkpt>
      <trkpt lat="49.22397" lon="19.88807">
        <ele>1356.11</ele>
      </trkpt>
      <trkpt lat="49.22402" lon="19.88789">
        <ele>1354.66</ele>
      </trkpt>
      <trkpt lat="49.22414" lon="19.88758">
        <ele>1348.48</ele>
      </trkpt>
      <trkpt lat="49.22421" lon="19.88732">
        <ele>1343.46</ele>
      </trkpt>
      <trkpt lat="49.22423" lon="19.88701">
        <ele>1339.24</ele>
      </trkpt>
      <trkpt lat="49.22428" lon="19.88653">
        <ele>1333.86</ele>
      </trkpt>
      <trkpt lat="49.22434" lon="19.88615">
        <ele>1328.57</ele>
      </trkpt>
      <trkpt lat="49.22441" lon="19.88575">
        <ele>1322.04</ele>
      </trkpt>
      <trkpt lat="49.22431" lon="19.88545">
        <ele>1316.21</ele>
      </trkpt>
      <trkpt lat="49.22436" lon="19.8851">
        <ele>1312.03</ele>
      </trkpt>
      <trkpt lat="49.22446" lon="19.88472">
        <ele>1307.2</ele>
      </trkpt>
      <trkpt lat="49.22446" lon="19.88435">
        <ele>1303.34</ele>
      </trkpt>
      <trkpt lat="49.22452" lon="19.88405">
        <ele>1301.53</ele>
      </trkpt>
      <trkpt lat="49.22452" lon="19.88358">
        <ele>1295.1</ele>
      </trkpt>
      <trkpt lat="49.22456" lon="19.88283">
        <ele>1284.66</ele>
      </trkpt>
      <trkpt lat="49.2247" lon="19.88178">
        <ele>1279.37</ele>
      </trkpt>
      <trkpt lat="49.22468" lon="19.88148">
        <ele>1277.42</ele>
      </trkpt>
      <trkpt lat="49.22457" lon="19.881">
        <ele>1272.56</ele>
      </trkpt>
      <trkpt lat="49.2245" lon="19.88049">
        <ele>1267.39</ele>
      </trkpt>
      <trkpt lat="49.22441" lon="19.87952">
        <ele>1256.72</ele>
      </trkpt>
      <trkpt lat="49.22441" lon="19.87894">
        <ele>1257.73</ele>
      </trkpt>
      <trkpt lat="49.22443" lon="19.87838">
        <ele>1259.09</ele>
      </trkpt>
      <trkpt lat="49.22443" lon="19.87797">
        <ele>1254.7</ele>
      </trkpt>
      <trkpt lat="49.22449" lon="19.8772">
        <ele>1235.24</ele>
      </trkpt>
      <trkpt lat="49.22443" lon="19.87687">
        <ele>1229.4</ele>
      </trkpt>
      <trkpt lat="49.22429" lon="19.87612">
        <ele>1232.09</ele>
      </trkpt>
      <trkpt lat="49.22416" lon="19.87554">
        <ele>1230.96</ele>
      </trkpt>
      <trkpt lat="49.22414" lon="19.87488">
        <ele>1227.4</ele>
      </trkpt>
      <trkpt lat="49.22412" lon="19.87454">
        <ele>1225.18</ele>
      </trkpt>
      <trkpt lat="49.22412" lon="19.87445">
        <ele>1225.02</ele>
      </trkpt>
      <trkpt lat="49.22415" lon="19.87432">
        <ele>1225.18</ele>
      </trkpt>
      <trkpt lat="49.2243" lon="19.87404">
        <ele>1221.69</ele>
      </trkpt>
      <trkpt lat="49.2244" lon="19.87366">
        <ele>1217.44</ele>
      </trkpt>
      <trkpt lat="49.22447" lon="19.87327">
        <ele>1212.18</ele>
      </trkpt>
      <trkpt lat="49.22455" lon="19.87296">
        <ele>1207.88</ele>
      </trkpt>
      <trkpt lat="49.22464" lon="19.87273">
        <ele>1206.12</ele>
      </trkpt>
      <trkpt lat="49.22475" lon="19.87245">
        <ele>1206.36</ele>
      </trkpt>
      <trkpt lat="49.22482" lon="19.87226">
        <ele>1204.52</ele>
      </trkpt>
      <trkpt lat="49.22482" lon="19.87204">
        <ele>1205.03</ele>
      </trkpt>
      <trkpt lat="49.22485" lon="19.8719">
        <ele>1205.78</ele>
      </trkpt>
      <trkpt lat="49.22492" lon="19.87174">
        <ele>1206.01</ele>
      </trkpt>
      <trkpt lat="49.22501" lon="19.87151">
        <ele>1205.46</ele>
      </trkpt>
      <trkpt lat="49.22518" lon="19.87097">
        <ele>1201.77</ele>
      </trkpt>
      <trkpt lat="49.22528" lon="19.87074">
        <ele>1199.67</ele>
      </trkpt>
      <trkpt lat="49.22531" lon="19.87063">
        <ele>1198.39</ele>
      </trkpt>
      <trkpt lat="49.22533" lon="19.87048">
        <ele>1196.48</ele>
      </trkpt>
      <trkpt lat="49.22535" lon="19.87023">
        <ele>1192.92</ele>
      </trkpt>
      <trkpt lat="49.2254" lon="19.86993">
        <ele>1188.42</ele>
      </trkpt>
      <trkpt lat="49.22547" lon="19.86965">
        <ele>1186.07</ele>
      </trkpt>
      <trkpt lat="49.22548" lon="19.86943">
        <ele>1183.95</ele>
      </trkpt>
      <trkpt lat="49.22554" lon="19.86922">
        <ele>1180.88</ele>
      </trkpt>
      <trkpt lat="49.2256" lon="19.86903">
        <ele>1181.22</ele>
      </trkpt>
      <trkpt lat="49.22567" lon="19.86886">
        <ele>1181.84</ele>
      </trkpt>
      <trkpt lat="49.22576" lon="19.8687">
        <ele>1182.15</ele>
      </trkpt>
      <trkpt lat="49.22589" lon="19.86853">
        <ele>1181.59</ele>
      </trkpt>
      <trkpt lat="49.226" lon="19.86826">
        <ele>1179.22</ele>
      </trkpt>
      <trkpt lat="49.22611" lon="19.86809">
        <ele>1178.12</ele>
      </trkpt>
      <trkpt lat="49.22626" lon="19.86794">
        <ele>1175.08</ele>
      </trkpt>
      <trkpt lat="49.22633" lon="19.86787">
        <ele>1172.86</ele>
      </trkpt>
      <trkpt lat="49.22644" lon="19.86782">
        <ele>1170.89</ele>
      </trkpt>
      <trkpt lat="49.22651" lon="19.86782">
        <ele>1171.06</ele>
      </trkpt>
      <trkpt lat="49.22657" lon="19.86782">
        <ele>1171.21</ele>
      </trkpt>
      <trkpt lat="49.22662" lon="19.86779">
        <ele>1170.98</ele>
      </trkpt>
      <trkpt lat="49.22667" lon="19.86772">
        <ele>1171.03</ele>
      </trkpt>
      <trkpt lat="49.22676" lon="19.86755">
        <ele>1170.14</ele>
      </trkpt>
      <trkpt lat="49.22679" lon="19.86747">
        <ele>1168.72</ele>
      </trkpt>
      <trkpt lat="49.22685" lon="19.86733">
        <ele>1165.9</ele>
      </trkpt>
      <trkpt lat="49.22689" lon="19.86712">
        <ele>1163.9</ele>
      </trkpt>
      <trkpt lat="49.22698" lon="19.86691">
        <ele>1162.09</ele>
      </trkpt>
      <trkpt lat="49.22711" lon="19.86673">
        <ele>1158.19</ele>
      </trkpt>
      <trkpt lat="49.22723" lon="19.86659">
        <ele>1154.86</ele>
      </trkpt>
      <trkpt lat="49.22761" lon="19.86606">
        <ele>1158.57</ele>
      </trkpt>
      <trkpt lat="49.22783" lon="19.86576">
        <ele>1155.57</ele>
      </trkpt>
      <trkpt lat="49.22803" lon="19.86547">
        <ele>1149.76</ele>
      </trkpt>
      <trkpt lat="49.22809" lon="19.86537">
        <ele>1150.84</ele>
      </trkpt>
      <trkpt lat="49.22815" lon="19.86522">
        <ele>1151.32</ele>
      </trkpt>
      <trkpt lat="49.22819" lon="19.86506">
        <ele>1150.68</ele>
      </trkpt>
      <trkpt lat="49.22821" lon="19.8649">
        <ele>1151.3</ele>
      </trkpt>
      <trkpt lat="49.22823" lon="19.86472">
        <ele>1152.89</ele>
      </trkpt>
      <trkpt lat="49.22824" lon="19.86458">
        <ele>1154.9</ele>
      </trkpt>
      <trkpt lat="49.22824" lon="19.8644">
        <ele>1157.75</ele>
      </trkpt>
      <trkpt lat="49.22826" lon="19.86429">
        <ele>1159.43</ele>
      </trkpt>
      <trkpt lat="49.22829" lon="19.86417">
        <ele>1161.25</ele>
      </trkpt>
      <trkpt lat="49.22833" lon="19.86406">
        <ele>1161.42</ele>
      </trkpt>
      <trkpt lat="49.22846" lon="19.86388">
        <ele>1161.06</ele>
      </trkpt>
      <trkpt lat="49.22875" lon="19.86343">
        <ele>1154.57</ele>
      </trkpt>
      <trkpt lat="49.22897" lon="19.86292">
        <ele>1152.91</ele>
      </trkpt>
      <trkpt lat="49.2293" lon="19.86174">
        <ele>1139.63</ele>
      </trkpt>
      <trkpt lat="49.22947" lon="19.86088">
        <ele>1130.31</ele>
      </trkpt>
      <trkpt lat="49.22968" lon="19.85991">
        <ele>1109.0</ele>
      </trkpt>
      <trkpt lat="49.22973" lon="19.85982">
        <ele>1105.42</ele>
      </trkpt>
      <trkpt lat="49.22973" lon="19.85982">
        <ele>1105.42</ele>
      </trkpt>
      <trkpt lat="49.22973" lon="19.85982">
        <ele>1105.42</ele>
      </trkpt>
      <trkpt lat="49.22959" lon="19.85977">
        <ele>1107.7</ele>
      </trkpt>
      <trkpt lat="49.22937" lon="19.85968">
        <ele>1109.59</ele>
      </trkpt>
      <trkpt lat="49.22917" lon="19.85956">
        <ele>1108.29</ele>
      </trkpt>
      <trkpt lat="49.22906" lon="19.85937">
        <ele>1108.43</ele>
      </trkpt>
      <trkpt lat="49.22898" lon="19.85924">
        <ele>1109.63</ele>
      </trkpt>
      <trkpt lat="49.22885" lon="19.85901">
        <ele>1109.74</ele>
      </trkpt>
      <trkpt lat="49.22877" lon="19.85895">
        <ele>1108.88</ele>
      </trkpt>
      <trkpt lat="49.22871" lon="19.85887">
        <ele>1107.7</ele>
      </trkpt>
      <trkpt lat="49.22865" lon="19.85872">
        <ele>1105.48</ele>
      </trkpt>
      <trkpt lat="49.22862" lon="19.85871">
        <ele>1105.4</ele>
      </trkpt>
      <trkpt lat="49.22843" lon="19.85859">
        <ele>1101.37</ele>
      </trkpt>
      <trkpt lat="49.22834" lon="19.85856">
        <ele>1100.09</ele>
      </trkpt>
      <trkpt lat="49.2282" lon="19.85857">
        <ele>1093.28</ele>
      </trkpt>
      <trkpt lat="49.22812" lon="19.85855">
        <ele>1089.25</ele>
      </trkpt>
      <trkpt lat="49.22801" lon="19.85846">
        <ele>1084.93</ele>
      </trkpt>
      <trkpt lat="49.22799" lon="19.85842">
        <ele>1084.42</ele>
      </trkpt>
      <trkpt lat="49.22797" lon="19.85838">
        <ele>1083.9</ele>
      </trkpt>
      <trkpt lat="49.2279" lon="19.85823">
        <ele>1083.03</ele>
      </trkpt>
      <trkpt lat="49.22777" lon="19.85794">
        <ele>1084.51</ele>
      </trkpt>
      <trkpt lat="49.22763" lon="19.85782">
        <ele>1087.17</ele>
      </trkpt>
      <trkpt lat="49.22747" lon="19.8576">
        <ele>1091.07</ele>
      </trkpt>
      <trkpt lat="49.22738" lon="19.85743">
        <ele>1092.9</ele>
      </trkpt>
      <trkpt lat="49.22732" lon="19.85732">
        <ele>1094.68</ele>
      </trkpt>
      <trkpt lat="49.22731" lon="19.85728">
        <ele>1095.49</ele>
      </trkpt>
      <trkpt lat="49.22726" lon="19.85709">
        <ele>1096.24</ele>
      </trkpt>
      <trkpt lat="49.22723" lon="19.85699">
        <ele>1095.42</ele>
      </trkpt>
      <trkpt lat="49.22722" lon="19.85686">
        <ele>1095.57</ele>
      </trkpt>
      <trkpt lat="49.22726" lon="19.85669">
        <ele>1097.5</ele>
      </trkpt>
      <trkpt lat="49.22723" lon="19.85642">
        <ele>1099.02</ele>
      </trkpt>
      <trkpt lat="49.22718" lon="19.85619">
        <ele>1101.26</ele>
      </trkpt>
      <trkpt lat="49.22716" lon="19.85604">
        <ele>1104.03</ele>
      </trkpt>
      <trkpt lat="49.22719" lon="19.85597">
        <ele>1107.02</ele>
      </trkpt>
      <trkpt lat="49.2274" lon="19.85588">
        <ele>1119.3</ele>
      </trkpt>
      <trkpt lat="49.22753" lon="19.85577">
        <ele>1125.02</ele>
      </trkpt>
      <trkpt lat="49.22773" lon="19.85545">
        <ele>1124.57</ele>
      </trkpt>
      <trkpt lat="49.22792" lon="19.85503">
        <ele>1126.7</ele>
      </trkpt>
      <trkpt lat="49.22792" lon="19.85503">
        <ele>1126.7</ele>
      </trkpt>
      <trkpt lat="49.22792" lon="19.85503">
        <ele>1126.7</ele>
      </trkpt>
      <trkpt lat="49.22812" lon="19.85485">
        <ele>1131.61</ele>
      </trkpt>
      <trkpt lat="49.22831" lon="19.85472">
        <ele>1136.11</ele>
      </trkpt>
      <trkpt lat="49.22861" lon="19.85461">
        <ele>1154.41</ele>
      </trkpt>
      <trkpt lat="49.22887" lon="19.85449">
        <ele>1170.22</ele>
      </trkpt>
      <trkpt lat="49.2292" lon="19.85437">
        <ele>1178.26</ele>
      </trkpt>
      <trkpt lat="49.22942" lon="19.85427">
        <ele>1180.56</ele>
      </trkpt>
      <trkpt lat="49.22959" lon="19.85413">
        <ele>1181.87</ele>
      </trkpt>
      <trkpt lat="49.22966" lon="19.85397">
        <ele>1182.96</ele>
      </trkpt>
      <trkpt lat="49.22971" lon="19.85374">
        <ele>1184.18</ele>
      </trkpt>
      <trkpt lat="49.22971" lon="19.85356">
        <ele>1185.28</ele>
      </trkpt>
      <trkpt lat="49.22974" lon="19.85346">
        <ele>1185.19</ele>
      </trkpt>
      <trkpt lat="49.22988" lon="19.85304">
        <ele>1183.09</ele>
      </trkpt>
      <trkpt lat="49.22994" lon="19.85261">
        <ele>1184.89</ele>
      </trkpt>
      <trkpt lat="49.22998" lon="19.85225">
        <ele>1186.26</ele>
      </trkpt>
      <trkpt lat="49.2301" lon="19.85191">
        <ele>1184.08</ele>
      </trkpt>
      <trkpt lat="49.23016" lon="19.85156">
        <ele>1182.42</ele>
      </trkpt>
      <trkpt lat="49.23024" lon="19.85124">
        <ele>1182.62</ele>
      </trkpt>
      <trkpt lat="49.23053" lon="19.85054">
        <ele>1181.06</ele>
      </trkpt>
      <trkpt lat="49.23066" lon="19.85033">
        <ele>1184.5</ele>
      </trkpt>
      <trkpt lat="49.23073" lon="19.85018">
        <ele>1187.52</ele>
      </trkpt>
      <trkpt lat="49.2308" lon="19.85004">
        <ele>1189.71</ele>
      </trkpt>
      <trkpt lat="49.2309" lon="19.84996">
        <ele>1189.51</ele>
      </trkpt>
      <trkpt lat="49.23097" lon="19.84978">
        <ele>1190.8</ele>
      </trkpt>
      <trkpt lat="49.23105" lon="19.84965">
        <ele>1191.38</ele>
      </trkpt>
      <trkpt lat="49.23114" lon="19.84928">
        <ele>1195.22</ele>
      </trkpt>
      <trkpt lat="49.23115" lon="19.84904">
        <ele>1197.64</ele>
      </trkpt>
      <trkpt lat="49.23113" lon="19.84894">
        <ele>1198.02</ele>
      </trkpt>
      <trkpt lat="49.23113" lon="19.84887">
        <ele>1198.74</ele>
      </trkpt>
      <trkpt lat="49.23116" lon="19.8483">
        <ele>1206.54</ele>
      </trkpt>
      <trkpt lat="49.23117" lon="19.84779">
        <ele>1226.59</ele>
      </trkpt>
      <trkpt lat="49.23114" lon="19.84733">
        <ele>1233.75</ele>
      </trkpt>
      <trkpt lat="49.23115" lon="19.84681">
        <ele>1244.32</ele>
      </trkpt>
      <trkpt lat="49.2311" lon="19.84631">
        <ele>1240.14</ele>
      </trkpt>
      <trkpt lat="49.23108" lon="19.84598">
        <ele>1244.36</ele>
      </trkpt>
      <trkpt lat="49.23105" lon="19.84578">
        <ele>1246.74</ele>
      </trkpt>
      <trkpt lat="49.23105" lon="19.84563">
        <ele>1249.44</ele>
      </trkpt>
      <trkpt lat="49.23105" lon="19.8455">
        <ele>1251.82</ele>
      </trkpt>
      <trkpt lat="49.23106" lon="19.84538">
        <ele>1254.09</ele>
      </trkpt>
      <trkpt lat="49.23109" lon="19.84524">
        <ele>1256.91</ele>
      </trkpt>
      <trkpt lat="49.2311" lon="19.84492">
        <ele>1264.4</ele>
      </trkpt>
      <trkpt lat="49.23105" lon="19.84478">
        <ele>1269.87</ele>
      </trkpt>
      <trkpt lat="49.23105" lon="19.84461">
        <ele>1273.27</ele>
      </trkpt>
      <trkpt lat="49.23098" lon="19.84412">
        <ele>1283.43</ele>
      </trkpt>
      <trkpt lat="49.23096" lon="19.84372">
        <ele>1289.05</ele>
      </trkpt>
      <trkpt lat="49.23101" lon="19.84343">
        <ele>1294.71</ele>
      </trkpt>
      <trkpt lat="49.23104" lon="19.84323">
        <ele>1298.61</ele>
      </trkpt>
      <trkpt lat="49.2311" lon="19.84308">
        <ele>1301.57</ele>
      </trkpt>
      <trkpt lat="49.23118" lon="19.84311">
        <ele>1305.33</ele>
      </trkpt>
      <trkpt lat="49.23126" lon="19.84312">
        <ele>1309.76</ele>
      </trkpt>
      <trkpt lat="49.23128" lon="19.84298">
        <ele>1312.54</ele>
      </trkpt>
      <trkpt lat="49.23128" lon="19.84274">
        <ele>1315.05</ele>
      </trkpt>
      <trkpt lat="49.23131" lon="19.84231">
        <ele>1326.46</ele>
      </trkpt>
      <trkpt lat="49.23136" lon="19.84181">
        <ele>1337.47</ele>
      </trkpt>
      <trkpt lat="49.23136" lon="19.84141">
        <ele>1339.95</ele>
      </trkpt>
      <trkpt lat="49.23132" lon="19.84108">
        <ele>1346.52</ele>
      </trkpt>
      <trkpt lat="49.23131" lon="19.84072">
        <ele>1359.85</ele>
      </trkpt>
      <trkpt lat="49.23143" lon="19.83996">
        <ele>1380.95</ele>
      </trkpt>
      <trkpt lat="49.23179" lon="19.83943">
        <ele>1383.24</ele>
      </trkpt>
      <trkpt lat="49.23209" lon="19.83903">
        <ele>1392.31</ele>
      </trkpt>
      <trkpt lat="49.23221" lon="19.839">
        <ele>1394.06</ele>
      </trkpt>
      <trkpt lat="49.23237" lon="19.83899">
        <ele>1399.79</ele>
      </trkpt>
      <trkpt lat="49.23258" lon="19.83916">
        <ele>1409.78</ele>
      </trkpt>
      <trkpt lat="49.2326" lon="19.83913">
        <ele>1411.28</ele>
      </trkpt>
      <trkpt lat="49.23263" lon="19.83893">
        <ele>1413.81</ele>
      </trkpt>
      <trkpt lat="49.2327" lon="19.83874">
        <ele>1420.44</ele>
      </trkpt>
      <trkpt lat="49.23267" lon="19.83835">
        <ele>1427.84</ele>
      </trkpt>
      <trkpt lat="49.23259" lon="19.83795">
        <ele>1438.64</ele>
      </trkpt>
      <trkpt lat="49.23259" lon="19.83777">
        <ele>1443.84</ele>
      </trkpt>
      <trkpt lat="49.23255" lon="19.83767">
        <ele>1446.11</ele>
      </trkpt>
      <trkpt lat="49.23247" lon="19.83761">
        <ele>1447.54</ele>
      </trkpt>
      <trkpt lat="49.23228" lon="19.83754">
        <ele>1450.5</ele>
      </trkpt>
      <trkpt lat="49.23216" lon="19.83744">
        <ele>1453.43</ele>
      </trkpt>
      <trkpt lat="49.23205" lon="19.83728">
        <ele>1456.22</ele>
      </trkpt>
      <trkpt lat="49.23199" lon="19.83713">
        <ele>1457.39</ele>
      </trkpt>
      <trkpt lat="49.232" lon="19.83696">
        <ele>1458.13</ele>
      </trkpt>
      <trkpt lat="49.23209" lon="19.83671">
        <ele>1458.93</ele>
      </trkpt>
      <trkpt lat="49.23215" lon="19.83642">
        <ele>1458.57</ele>
      </trkpt>
      <trkpt lat="49.23206" lon="19.83633">
        <ele>1459.63</ele>
      </trkpt>
      <trkpt lat="49.23195" lon="19.83625">
        <ele>1461.44</ele>
      </trkpt>
      <trkpt lat="49.23185" lon="19.8362">
        <ele>1463.4</ele>
      </trkpt>
      <trkpt lat="49.23169" lon="19.8362">
        <ele>1465.7</ele>
      </trkpt>
      <trkpt lat="49.23149" lon="19.83624">
        <ele>1473.29</ele>
      </trkpt>
      <trkpt lat="49.23115" lon="19.8363">
        <ele>1484.37</ele>
      </trkpt>
      <trkpt lat="49.23061" lon="19.83628">
        <ele>1503.32</ele>
      </trkpt>
      <trkpt lat="49.23045" lon="19.83621">
        <ele>1508.53</ele>
      </trkpt>
      <trkpt lat="49.23035" lon="19.83616">
        <ele>1511.21</ele>
      </trkpt>
      <trkpt lat="49.23024" lon="19.83613">
        <ele>1513.38</ele>
      </trkpt>
      <trkpt lat="49.2302" lon="19.83612">
        <ele>1514.03</ele>
      </trkpt>
      <trkpt lat="49.2302" lon="19.83612">
        <ele>1514.03</ele>
      </trkpt>
      <trkpt lat="49.2302" lon="19.83612">
        <ele>1514.03</ele>
      </trkpt>
      <trkpt lat="49.23016" lon="19.8361">
        <ele>1514.83</ele>
      </trkpt>
      <trkpt lat="49.23003" lon="19.83607">
        <ele>1517.14</ele>
      </trkpt>
      <trkpt lat="49.22996" lon="19.83611">
        <ele>1519.61</ele>
      </trkpt>
      <trkpt lat="49.22986" lon="19.83612">
        <ele>1525.83</ele>
      </trkpt>
      <trkpt lat="49.22979" lon="19.83611">
        <ele>1530.63</ele>
      </trkpt>
      <trkpt lat="49.22975" lon="19.83605">
        <ele>1534.67</ele>
      </trkpt>
      <trkpt lat="49.22969" lon="19.83597">
        <ele>1540.7</ele>
      </trkpt>
      <trkpt lat="49.22947" lon="19.83584">
        <ele>1559.93</ele>
      </trkpt>
      <trkpt lat="49.22912" lon="19.83579">
        <ele>1570.76</ele>
      </trkpt>
      <trkpt lat="49.22907" lon="19.83581">
        <ele>1571.31</ele>
      </trkpt>
      <trkpt lat="49.22879" lon="19.83579">
        <ele>1579.62</ele>
      </trkpt>
      <trkpt lat="49.2286" lon="19.83576">
        <ele>1586.58</ele>
      </trkpt>
      <trkpt lat="49.2285" lon="19.83573">
        <ele>1591.42</ele>
      </trkpt>
      <trkpt lat="49.22828" lon="19.83578">
        <ele>1599.58</ele>
      </trkpt>
      <trkpt lat="49.22822" lon="19.83578">
        <ele>1603.9</ele>
      </trkpt>
      <trkpt lat="49.22821" lon="19.83574">
        <ele>1605.6</ele>
      </trkpt>
      <trkpt lat="49.22822" lon="19.83561">
        <ele>1608.16</ele>
      </trkpt>
      <trkpt lat="49.22824" lon="19.83553">
        <ele>1609.33</ele>
      </trkpt>
      <trkpt lat="49.22827" lon="19.83534">
        <ele>1615.08</ele>
      </trkpt>
      <trkpt lat="49.22831" lon="19.83527">
        <ele>1616.21</ele>
      </trkpt>
      <trkpt lat="49.22835" lon="19.83512">
        <ele>1619.96</ele>
      </trkpt>
      <trkpt lat="49.22834" lon="19.83497">
        <ele>1627.15</ele>
      </trkpt>
      <trkpt lat="49.2283" lon="19.83492">
        <ele>1632.77</ele>
      </trkpt>
      <trkpt lat="49.2283" lon="19.83487">
        <ele>1636.58</ele>
      </trkpt>
      <trkpt lat="49.22832" lon="19.83479">
        <ele>1642.05</ele>
      </trkpt>
      <trkpt lat="49.22833" lon="19.83466">
        <ele>1649.77</ele>
      </trkpt>
      <trkpt lat="49.2283" lon="19.83461">
        <ele>1652.59</ele>
      </trkpt>
      <trkpt lat="49.22819" lon="19.83457">
        <ele>1656.62</ele>
      </trkpt>
      <trkpt lat="49.22809" lon="19.8346">
        <ele>1657.64</ele>
      </trkpt>
      <trkpt lat="49.22797" lon="19.8346">
        <ele>1662.44</ele>
      </trkpt>
      <trkpt lat="49.22791" lon="19.83462">
        <ele>1664.63</ele>
      </trkpt>
      <trkpt lat="49.2278" lon="19.83461">
        <ele>1670.18</ele>
      </trkpt>
      <trkpt lat="49.22773" lon="19.8346">
        <ele>1673.94</ele>
      </trkpt>
      <trkpt lat="49.22771" lon="19.83458">
        <ele>1675.65</ele>
      </trkpt>
      <trkpt lat="49.22773" lon="19.83451">
        <ele>1676.92</ele>
      </trkpt>
      <trkpt lat="49.22773" lon="19.83446">
        <ele>1678.58</ele>
      </trkpt>
      <trkpt lat="49.22772" lon="19.83444">
        <ele>1679.95</ele>
      </trkpt>
      <trkpt lat="49.22764" lon="19.83446">
        <ele>1684.29</ele>
      </trkpt>
      <trkpt lat="49.22756" lon="19.83451">
        <ele>1686.93</ele>
      </trkpt>
      <trkpt lat="49.22746" lon="19.83464">
        <ele>1687.89</ele>
      </trkpt>
      <trkpt lat="49.22733" lon="19.83474">
        <ele>1698.58</ele>
      </trkpt>
      <trkpt lat="49.22727" lon="19.83481">
        <ele>1703.22</ele>
      </trkpt>
      <trkpt lat="49.22707" lon="19.83489">
        <ele>1715.17</ele>
      </trkpt>
      <trkpt lat="49.22698" lon="19.83494">
        <ele>1719.29</ele>
      </trkpt>
      <trkpt lat="49.22689" lon="19.83494">
        <ele>1724.26</ele>
      </trkpt>
      <trkpt lat="49.22677" lon="19.83511">
        <ele>1726.21</ele>
      </trkpt>
      <trkpt lat="49.22667" lon="19.83519">
        <ele>1728.39</ele>
      </trkpt>
      <trkpt lat="49.22663" lon="19.83522">
        <ele>1728.93</ele>
      </trkpt>
      <trkpt lat="49.22656" lon="19.83525">
        <ele>1730.56</ele>
      </trkpt>
      <trkpt lat="49.22639" lon="19.83526">
        <ele>1736.34</ele>
      </trkpt>
      <trkpt lat="49.2263" lon="19.83522">
        <ele>1739.42</ele>
      </trkpt>
      <trkpt lat="49.22621" lon="19.83525">
        <ele>1741.04</ele>
      </trkpt>
      <trkpt lat="49.22617" lon="19.83527">
        <ele>1741.66</ele>
      </trkpt>
      <trkpt lat="49.22615" lon="19.83524">
        <ele>1742.72</ele>
      </trkpt>
      <trkpt lat="49.22608" lon="19.83495">
        <ele>1748.42</ele>
      </trkpt>
      <trkpt lat="49.22599" lon="19.83476">
        <ele>1750.86</ele>
      </trkpt>
      <trkpt lat="49.22598" lon="19.83462">
        <ele>1752.5</ele>
      </trkpt>
      <trkpt lat="49.22596" lon="19.8345">
        <ele>1754.1</ele>
      </trkpt>
      <trkpt lat="49.2258" lon="19.83409">
        <ele>1760.78</ele>
      </trkpt>
      <trkpt lat="49.22569" lon="19.83391">
        <ele>1765.22</ele>
      </trkpt>
      <trkpt lat="49.22567" lon="19.83377">
        <ele>1764.7</ele>
      </trkpt>
      <trkpt lat="49.22554" lon="19.83342">
        <ele>1763.09</ele>
      </trkpt>
      <trkpt lat="49.22544" lon="19.83328">
        <ele>1763.12</ele>
      </trkpt>
      <trkpt lat="49.22527" lon="19.83324">
        <ele>1769.01</ele>
      </trkpt>
      <trkpt lat="49.22499" lon="19.83312">
        <ele>1779.17</ele>
      </trkpt>
      <trkpt lat="49.22493" lon="19.83306">
        <ele>1781.13</ele>
      </trkpt>
      <trkpt lat="49.22487" lon="19.83297">
        <ele>1782.0</ele>
      </trkpt>
      <trkpt lat="49.2248" lon="19.83281">
        <ele>1781.84</ele>
      </trkpt>
      <trkpt lat="49.22471" lon="19.8327">
        <ele>1784.06</ele>
      </trkpt>
      <trkpt lat="49.22466" lon="19.83265">
        <ele>1784.88</ele>
      </trkpt>
      <trkpt lat="49.22463" lon="19.83266">
        <ele>1786.64</ele>
      </trkpt>
      <trkpt lat="49.2246" lon="19.83269">
        <ele>1789.02</ele>
      </trkpt>
      <trkpt lat="49.22458" lon="19.83273">
        <ele>1791.2</ele>
      </trkpt>
      <trkpt lat="49.22454" lon="19.83277">
        <ele>1794.29</ele>
      </trkpt>
      <trkpt lat="49.22451" lon="19.83285">
        <ele>1796.96</ele>
      </trkpt>
      <trkpt lat="49.22448" lon="19.83287">
        <ele>1798.5</ele>
      </trkpt>
      <trkpt lat="49.22444" lon="19.83286">
        <ele>1799.92</ele>
      </trkpt>
      <trkpt lat="49.22441" lon="19.83284">
        <ele>1799.88</ele>
      </trkpt>
      <trkpt lat="49.22438" lon="19.83279">
        <ele>1799.39</ele>
      </trkpt>
      <trkpt lat="49.22436" lon="19.83274">
        <ele>1798.34</ele>
      </trkpt>
      <trkpt lat="49.22433" lon="19.83271">
        <ele>1797.76</ele>
      </trkpt>
      <trkpt lat="49.22393" lon="19.83256">
        <ele>1805.27</ele>
      </trkpt>
      <trkpt lat="49.2238" lon="19.83252">
        <ele>1806.61</ele>
      </trkpt>
      <trkpt lat="49.22371" lon="19.83258">
        <ele>1807.8</ele>
      </trkpt>
      <trkpt lat="49.22364" lon="19.8327">
        <ele>1809.78</ele>
      </trkpt>
      <trkpt lat="49.22357" lon="19.8328">
        <ele>1810.96</ele>
      </trkpt>
      <trkpt lat="49.22338" lon="19.83289">
        <ele>1810.88</ele>
      </trkpt>
      <trkpt lat="49.22318" lon="19.83293">
        <ele>1809.59</ele>
      </trkpt>
      <trkpt lat="49.22307" lon="19.83294">
        <ele>1808.65</ele>
      </trkpt>
      <trkpt lat="49.22294" lon="19.83313">
        <ele>1810.37</ele>
      </trkpt>
      <trkpt lat="49.22292" lon="19.83318">
        <ele>1811.02</ele>
      </trkpt>
      <trkpt lat="49.22291" lon="19.83324">
        <ele>1812.05</ele>
      </trkpt>
      <trkpt lat="49.22277" lon="19.83341">
        <ele>1813.8</ele>
      </trkpt>
      <trkpt lat="49.2227" lon="19.83349">
        <ele>1814.51</ele>
      </trkpt>
      <trkpt lat="49.22263" lon="19.83355">
        <ele>1814.5</ele>
      </trkpt>
      <trkpt lat="49.22258" lon="19.83363">
        <ele>1815.11</ele>
      </trkpt>
      <trkpt lat="49.22254" lon="19.83363">
        <ele>1814.29</ele>
      </trkpt>
      <trkpt lat="49.22249" lon="19.8336">
        <ele>1813.0</ele>
      </trkpt>
      <trkpt lat="49.22233" lon="19.8336">
        <ele>1816.25</ele>
      </trkpt>
      <trkpt lat="49.22205" lon="19.83368">
        <ele>1815.59</ele>
      </trkpt>
      <trkpt lat="49.22199" lon="19.83369">
        <ele>1814.09</ele>
      </trkpt>
      <trkpt lat="49.22193" lon="19.83366">
        <ele>1812.42</ele>
      </trkpt>
      <trkpt lat="49.22189" lon="19.83362">
        <ele>1811.7</ele>
      </trkpt>
      <trkpt lat="49.22184" lon="19.83361">
        <ele>1811.22</ele>
      </trkpt>
      <trkpt lat="49.2218" lon="19.83361">
        <ele>1810.94</ele>
      </trkpt>
      <trkpt lat="49.22173" lon="19.83361">
        <ele>1810.44</ele>
      </trkpt>
      <trkpt lat="49.22164" lon="19.83356">
        <ele>1809.68</ele>
      </trkpt>
      <trkpt lat="49.22146" lon="19.83352">
        <ele>1812.15</ele>
      </trkpt>
      <trkpt lat="49.22141" lon="19.83351">
        <ele>1812.91</ele>
      </trkpt>
      <trkpt lat="49.22134" lon="19.83351">
        <ele>1813.5</ele>
      </trkpt>
      <trkpt lat="49.22126" lon="19.83351">
        <ele>1813.86</ele>
      </trkpt>
      <trkpt lat="49.22121" lon="19.8335">
        <ele>1813.97</ele>
      </trkpt>
      <trkpt lat="49.22086" lon="19.83353">
        <ele>1809.78</ele>
      </trkpt>
      <trkpt lat="49.22045" lon="19.83356">
        <ele>1806.12</ele>
      </trkpt>
      <trkpt lat="49.22038" lon="19.83355">
        <ele>1806.29</ele>
      </trkpt>
      <trkpt lat="49.22025" lon="19.83354">
        <ele>1807.79</ele>
      </trkpt>
      <trkpt lat="49.22014" lon="19.83353">
        <ele>1811.85</ele>
      </trkpt>
      <trkpt lat="49.2201" lon="19.83355">
        <ele>1813.8</ele>
      </trkpt>
      <trkpt lat="49.22007" lon="19.83354">
        <ele>1814.76</ele>
      </trkpt>
      <trkpt lat="49.22002" lon="19.83353">
        <ele>1816.48</ele>
      </trkpt>
      <trkpt lat="49.21995" lon="19.8335">
        <ele>1818.22</ele>
      </trkpt>
      <trkpt lat="49.21984" lon="19.83345">
        <ele>1821.22</ele>
      </trkpt>
      <trkpt lat="49.21975" lon="19.83343">
        <ele>1824.32</ele>
      </trkpt>
      <trkpt lat="49.21969" lon="19.83343">
        <ele>1825.62</ele>
      </trkpt>
      <trkpt lat="49.21963" lon="19.83342">
        <ele>1826.1</ele>
      </trkpt>
      <trkpt lat="49.21959" lon="19.83337">
        <ele>1826.43</ele>
      </trkpt>
      <trkpt lat="49.21951" lon="19.83331">
        <ele>1827.01</ele>
      </trkpt>
      <trkpt lat="49.21947" lon="19.83327">
        <ele>1827.14</ele>
      </trkpt>
      <trkpt lat="49.21942" lon="19.83323">
        <ele>1828.02</ele>
      </trkpt>
      <trkpt lat="49.21939" lon="19.8332">
        <ele>1828.71</ele>
      </trkpt>
      <trkpt lat="49.21939" lon="19.83316">
        <ele>1828.39</ele>
      </trkpt>
      <trkpt lat="49.21924" lon="19.83305">
        <ele>1831.82</ele>
      </trkpt>
      <trkpt lat="49.21919" lon="19.83306">
        <ele>1833.37</ele>
      </trkpt>
      <trkpt lat="49.21913" lon="19.83303">
        <ele>1834.08</ele>
      </trkpt>
      <trkpt lat="49.21908" lon="19.83304">
        <ele>1834.51</ele>
      </trkpt>
      <trkpt lat="49.21904" lon="19.83297">
        <ele>1834.3</ele>
      </trkpt>
      <trkpt lat="49.21904" lon="19.83297">
        <ele>1834.3</ele>
      </trkpt>
      <trkpt lat="49.21904" lon="19.83297">
        <ele>1834.3</ele>
      </trkpt>
      <trkpt lat="49.21903" lon="19.83295">
        <ele>1834.22</ele>
      </trkpt>
      <trkpt lat="49.21895" lon="19.83294">
        <ele>1834.73</ele>
      </trkpt>
      <trkpt lat="49.21894" lon="19.83294">
        <ele>1834.8</ele>
      </trkpt>
      <trkpt lat="49.21892" lon="19.83298">
        <ele>1835.23</ele>
      </trkpt>
      <trkpt lat="49.21888" lon="19.83297">
        <ele>1835.33</ele>
      </trkpt>
      <trkpt lat="49.21884" lon="19.83298">
        <ele>1835.18</ele>
      </trkpt>
      <trkpt lat="49.21872" lon="19.83298">
        <ele>1834.52</ele>
      </trkpt>
      <trkpt lat="49.21866" lon="19.83303">
        <ele>1834.84</ele>
      </trkpt>
      <trkpt lat="49.21855" lon="19.83307">
        <ele>1836.55</ele>
      </trkpt>
      <trkpt lat="49.21852" lon="19.83308">
        <ele>1837.32</ele>
      </trkpt>
      <trkpt lat="49.21802" lon="19.83312">
        <ele>1844.44</ele>
      </trkpt>
      <trkpt lat="49.21794" lon="19.83307">
        <ele>1844.5</ele>
      </trkpt>
      <trkpt lat="49.21782" lon="19.83307">
        <ele>1844.09</ele>
      </trkpt>
      <trkpt lat="49.21774" lon="19.83301">
        <ele>1843.45</ele>
      </trkpt>
      <trkpt lat="49.21768" lon="19.83302">
        <ele>1844.06</ele>
      </trkpt>
      <trkpt lat="49.21755" lon="19.83298">
        <ele>1844.28</ele>
      </trkpt>
      <trkpt lat="49.21737" lon="19.83296">
        <ele>1843.31</ele>
      </trkpt>
      <trkpt lat="49.21725" lon="19.83309">
        <ele>1846.11</ele>
      </trkpt>
      <trkpt lat="49.21713" lon="19.83312">
        <ele>1843.24</ele>
      </trkpt>
      <trkpt lat="49.21708" lon="19.83319">
        <ele>1841.88</ele>
      </trkpt>
      <trkpt lat="49.217" lon="19.83324">
        <ele>1839.46</ele>
      </trkpt>
      <trkpt lat="49.2169" lon="19.83337">
        <ele>1833.83</ele>
      </trkpt>
      <trkpt lat="49.21676" lon="19.83342">
        <ele>1823.05</ele>
      </trkpt>
      <trkpt lat="49.2167" lon="19.83351">
        <ele>1817.55</ele>
      </trkpt>
      <trkpt lat="49.2166" lon="19.83356">
        <ele>1811.48</ele>
      </trkpt>
      <trkpt lat="49.21648" lon="19.83371">
        <ele>1803.73</ele>
      </trkpt>
      <trkpt lat="49.21632" lon="19.83382">
        <ele>1796.14</ele>
      </trkpt>
      <trkpt lat="49.21595" lon="19.83418">
        <ele>1785.74</ele>
      </trkpt>
      <trkpt lat="49.21574" lon="19.83432">
        <ele>1785.89</ele>
      </trkpt>
      <trkpt lat="49.21568" lon="19.83435">
        <ele>1786.14</ele>
      </trkpt>
      <trkpt lat="49.21568" lon="19.83435">
        <ele>1786.14</ele>
      </trkpt>
      <trkpt lat="49.21568" lon="19.83435">
        <ele>1786.14</ele>
      </trkpt>
      <trkpt lat="49.21565" lon="19.83437">
        <ele>1786.45</ele>
      </trkpt>
      <trkpt lat="49.21556" lon="19.8344">
        <ele>1786.6</ele>
      </trkpt>
      <trkpt lat="49.21548" lon="19.8344">
        <ele>1787.51</ele>
      </trkpt>
      <trkpt lat="49.21541" lon="19.83441">
        <ele>1788.65</ele>
      </trkpt>
      <trkpt lat="49.21531" lon="19.8344">
        <ele>1789.64</ele>
      </trkpt>
      <trkpt lat="49.21519" lon="19.83437">
        <ele>1792.15</ele>
      </trkpt>
      <trkpt lat="49.21508" lon="19.83438">
        <ele>1795.85</ele>
      </trkpt>
      <trkpt lat="49.21493" lon="19.83437">
        <ele>1801.84</ele>
      </trkpt>
      <trkpt lat="49.21473" lon="19.83437">
        <ele>1812.44</ele>
      </trkpt>
      <trkpt lat="49.21449" lon="19.83433">
        <ele>1821.88</ele>
      </trkpt>
      <trkpt lat="49.21433" lon="19.83433">
        <ele>1826.69</ele>
      </trkpt>
      <trkpt lat="49.21428" lon="19.83433">
        <ele>1827.92</ele>
      </trkpt>
      <trkpt lat="49.21422" lon="19.83436">
        <ele>1830.3</ele>
      </trkpt>
      <trkpt lat="49.21419" lon="19.83439">
        <ele>1831.9</ele>
      </trkpt>
      <trkpt lat="49.21419" lon="19.83439">
        <ele>1831.9</ele>
      </trkpt>
      <trkpt lat="49.21419" lon="19.83439">
        <ele>1831.9</ele>
      </trkpt>
      <trkpt lat="49.21411" lon="19.83444">
        <ele>1833.06</ele>
      </trkpt>
      <trkpt lat="49.21403" lon="19.83446">
        <ele>1832.14</ele>
      </trkpt>
      <trkpt lat="49.21398" lon="19.83454">
        <ele>1832.24</ele>
      </trkpt>
      <trkpt lat="49.2138" lon="19.83466">
        <ele>1831.96</ele>
      </trkpt>
      <trkpt lat="49.21372" lon="19.83477">
        <ele>1833.13</ele>
      </trkpt>
      <trkpt lat="49.21364" lon="19.83485">
        <ele>1833.81</ele>
      </trkpt>
      <trkpt lat="49.21352" lon="19.83494">
        <ele>1834.78</ele>
      </trkpt>
      <trkpt lat="49.21341" lon="19.83504">
        <ele>1836.79</ele>
      </trkpt>
      <trkpt lat="49.21337" lon="19.83507">
        <ele>1837.72</ele>
      </trkpt>
      <trkpt lat="49.21329" lon="19.83512">
        <ele>1840.28</ele>
      </trkpt>
      <trkpt lat="49.21318" lon="19.83519">
        <ele>1844.81</ele>
      </trkpt>
      <trkpt lat="49.2131" lon="19.83524">
        <ele>1848.45</ele>
      </trkpt>
      <trkpt lat="49.21304" lon="19.83529">
        <ele>1851.11</ele>
      </trkpt>
      <trkpt lat="49.21299" lon="19.83533">
        <ele>1851.42</ele>
      </trkpt>
      <trkpt lat="49.21294" lon="19.83537">
        <ele>1851.69</ele>
      </trkpt>
      <trkpt lat="49.2129" lon="19.8354">
        <ele>1851.83</ele>
      </trkpt>
      <trkpt lat="49.2128" lon="19.83543">
        <ele>1851.4</ele>
      </trkpt>
      <trkpt lat="49.2128" lon="19.83543">
        <ele>1851.4</ele>
      </trkpt>
      <trkpt lat="49.2128" lon="19.83543">
        <ele>1851.4</ele>
      </trkpt>
      <trkpt lat="49.21275" lon="19.83544">
        <ele>1850.65</ele>
      </trkpt>
      <trkpt lat="49.21267" lon="19.83544">
        <ele>1848.69</ele>
      </trkpt>
      <trkpt lat="49.21263" lon="19.83548">
        <ele>1848.43</ele>
      </trkpt>
      <trkpt lat="49.21255" lon="19.83548">
        <ele>1846.55</ele>
      </trkpt>
      <trkpt lat="49.21249" lon="19.83551">
        <ele>1845.67</ele>
      </trkpt>
      <trkpt lat="49.21231" lon="19.83554">
        <ele>1840.35</ele>
      </trkpt>
      <trkpt lat="49.2122" lon="19.83561">
        <ele>1838.22</ele>
      </trkpt>
      <trkpt lat="49.2121" lon="19.8357">
        <ele>1837.0</ele>
      </trkpt>
      <trkpt lat="49.21194" lon="19.83577">
        <ele>1834.02</ele>
      </trkpt>
      <trkpt lat="49.21188" lon="19.83572">
        <ele>1832.59</ele>
      </trkpt>
      <trkpt lat="49.21184" lon="19.83572">
        <ele>1832.1</ele>
      </trkpt>
      <trkpt lat="49.21181" lon="19.83571">
        <ele>1831.66</ele>
      </trkpt>
      <trkpt lat="49.21171" lon="19.83571">
        <ele>1830.5</ele>
      </trkpt>
      <trkpt lat="49.21166" lon="19.83574">
        <ele>1829.79</ele>
      </trkpt>
      <trkpt lat="49.21166" lon="19.83574">
        <ele>1829.79</ele>
      </trkpt>
      <trkpt lat="49.21166" lon="19.83574">
        <ele>1829.79</ele>
      </trkpt>
      <trkpt lat="49.2116" lon="19.83579">
        <ele>1828.26</ele>
      </trkpt>
      <trkpt lat="49.21157" lon="19.83583">
        <ele>1827.88</ele>
      </trkpt>
      <trkpt lat="49.21152" lon="19.83583">
        <ele>1826.78</ele>
      </trkpt>
      <trkpt lat="49.21149" lon="19.83585">
        <ele>1826.76</ele>
      </trkpt>
      <trkpt lat="49.21145" lon="19.83586">
        <ele>1826.41</ele>
      </trkpt>
      <trkpt lat="49.21143" lon="19.83586">
        <ele>1826.06</ele>
      </trkpt>
      <trkpt lat="49.2114" lon="19.83587">
        <ele>1826.02</ele>
      </trkpt>
      <trkpt lat="49.21135" lon="19.83591">
        <ele>1826.49</ele>
      </trkpt>
      <trkpt lat="49.21129" lon="19.83598">
        <ele>1827.62</ele>
      </trkpt>
      <trkpt lat="49.21124" lon="19.836">
        <ele>1826.61</ele>
      </trkpt>
      <trkpt lat="49.21116" lon="19.83598">
        <ele>1822.67</ele>
      </trkpt>
      <trkpt lat="49.21103" lon="19.83596">
        <ele>1818.4</ele>
      </trkpt>
      <trkpt lat="49.21098" lon="19.83597">
        <ele>1817.81</ele>
      </trkpt>
      <trkpt lat="49.2109" lon="19.83593">
        <ele>1814.53</ele>
      </trkpt>
      <trkpt lat="49.2108" lon="19.83592">
        <ele>1811.91</ele>
      </trkpt>
      <trkpt lat="49.21069" lon="19.83592">
        <ele>1809.17</ele>
      </trkpt>
      <trkpt lat="49.21058" lon="19.83592">
        <ele>1806.42</ele>
      </trkpt>
      <trkpt lat="49.21023" lon="19.83579">
        <ele>1793.64</ele>
      </trkpt>
      <trkpt lat="49.21003" lon="19.83578">
        <ele>1789.43</ele>
      </trkpt>
      <trkpt lat="49.20996" lon="19.83576">
        <ele>1788.52</ele>
      </trkpt>
      <trkpt lat="49.20976" lon="19.83574">
        <ele>1788.56</ele>
      </trkpt>
      <trkpt lat="49.20963" lon="19.83569">
        <ele>1789.22</ele>
      </trkpt>
      <trkpt lat="49.20926" lon="19.83551">
        <ele>1792.45</ele>
      </trkpt>
      <trkpt lat="49.20912" lon="19.83541">
        <ele>1791.7</ele>
      </trkpt>
      <trkpt lat="49.20896" lon="19.83535">
        <ele>1793.23</ele>
      </trkpt>
      <trkpt lat="49.20887" lon="19.83537">
        <ele>1795.71</ele>
      </trkpt>
      <trkpt lat="49.20879" lon="19.83538">
        <ele>1797.58</ele>
      </trkpt>
      <trkpt lat="49.2087" lon="19.83535">
        <ele>1798.72</ele>
      </trkpt>
      <trkpt lat="49.20861" lon="19.83533">
        <ele>1800.17</ele>
      </trkpt>
      <trkpt lat="49.20853" lon="19.83535">
        <ele>1803.16</ele>
      </trkpt>
      <trkpt lat="49.20845" lon="19.83535">
        <ele>1805.73</ele>
      </trkpt>
      <trkpt lat="49.20829" lon="19.8353">
        <ele>1811.06</ele>
      </trkpt>
      <trkpt lat="49.20812" lon="19.83528">
        <ele>1816.12</ele>
      </trkpt>
      <trkpt lat="49.20795" lon="19.83525">
        <ele>1820.42</ele>
      </trkpt>
      <trkpt lat="49.20776" lon="19.83526">
        <ele>1825.87</ele>
      </trkpt>
      <trkpt lat="49.20754" lon="19.83521">
        <ele>1827.14</ele>
      </trkpt>
      <trkpt lat="49.20735" lon="19.83513">
        <ele>1830.16</ele>
      </trkpt>
      <trkpt lat="49.20709" lon="19.83495">
        <ele>1834.7</ele>
      </trkpt>
      <trkpt lat="49.20703" lon="19.83486">
        <ele>1835.18</ele>
      </trkpt>
      <trkpt lat="49.20689" lon="19.83476">
        <ele>1836.58</ele>
      </trkpt>
      <trkpt lat="49.2068" lon="19.83468">
        <ele>1836.06</ele>
      </trkpt>
      <trkpt lat="49.20661" lon="19.83464">
        <ele>1835.01</ele>
      </trkpt>
      <trkpt lat="49.20616" lon="19.83452">
        <ele>1828.4</ele>
      </trkpt>
      <trkpt lat="49.20601" lon="19.83444">
        <ele>1827.19</ele>
      </trkpt>
      <trkpt lat="49.20584" lon="19.8343">
        <ele>1824.95</ele>
      </trkpt>
      <trkpt lat="49.20575" lon="19.83415">
        <ele>1824.62</ele>
      </trkpt>
      <trkpt lat="49.20561" lon="19.83406">
        <ele>1824.8</ele>
      </trkpt>
      <trkpt lat="49.20545" lon="19.83392">
        <ele>1826.53</ele>
      </trkpt>
      <trkpt lat="49.20529" lon="19.83375">
        <ele>1827.63</ele>
      </trkpt>
      <trkpt lat="49.20514" lon="19.83353">
        <ele>1826.04</ele>
      </trkpt>
      <trkpt lat="49.205" lon="19.83329">
        <ele>1830.47</ele>
      </trkpt>
      <trkpt lat="49.20482" lon="19.83293">
        <ele>1833.71</ele>
      </trkpt>
      <trkpt lat="49.20467" lon="19.8327">
        <ele>1836.58</ele>
      </trkpt>
      <trkpt lat="49.20455" lon="19.83248">
        <ele>1834.86</ele>
      </trkpt>
      <trkpt lat="49.20449" lon="19.83242">
        <ele>1834.52</ele>
      </trkpt>
      <trkpt lat="49.20441" lon="19.83238">
        <ele>1834.56</ele>
      </trkpt>
      <trkpt lat="49.20438" lon="19.83233">
        <ele>1833.98</ele>
      </trkpt>
      <trkpt lat="49.20425" lon="19.83224">
        <ele>1833.1</ele>
      </trkpt>
      <trkpt lat="49.20418" lon="19.83214">
        <ele>1830.86</ele>
      </trkpt>
      <trkpt lat="49.20409" lon="19.83206">
        <ele>1830.87</ele>
      </trkpt>
      <trkpt lat="49.20407" lon="19.83202">
        <ele>1830.72</ele>
      </trkpt>
      <trkpt lat="49.20395" lon="19.83191">
        <ele>1833.26</ele>
      </trkpt>
      <trkpt lat="49.20395" lon="19.83187">
        <ele>1832.63</ele>
      </trkpt>
      <trkpt lat="49.2039" lon="19.8318">
        <ele>1832.21</ele>
      </trkpt>
      <trkpt lat="49.20383" lon="19.83178">
        <ele>1833.37</ele>
      </trkpt>
      <trkpt lat="49.20381" lon="19.83166">
        <ele>1831.84</ele>
      </trkpt>
      <trkpt lat="49.20375" lon="19.83162">
        <ele>1833.83</ele>
      </trkpt>
      <trkpt lat="49.20364" lon="19.83155">
        <ele>1836.87</ele>
      </trkpt>
      <trkpt lat="49.20344" lon="19.83148">
        <ele>1849.31</ele>
      </trkpt>
      <trkpt lat="49.20339" lon="19.83145">
        <ele>1852.85</ele>
      </trkpt>
      <trkpt lat="49.20323" lon="19.83146">
        <ele>1863.76</ele>
      </trkpt>
      <trkpt lat="49.20315" lon="19.83142">
        <ele>1870.05</ele>
      </trkpt>
      <trkpt lat="49.20308" lon="19.83144">
        <ele>1874.31</ele>
      </trkpt>
      <trkpt lat="49.20299" lon="19.83151">
        <ele>1875.64</ele>
      </trkpt>
      <trkpt lat="49.20293" lon="19.83152">
        <ele>1877.52</ele>
      </trkpt>
      <trkpt lat="49.20291" lon="19.83154">
        <ele>1877.59</ele>
      </trkpt>
      <trkpt lat="49.20282" lon="19.83156">
        <ele>1880.42</ele>
      </trkpt>
      <trkpt lat="49.20279" lon="19.83159">
        <ele>1880.72</ele>
      </trkpt>
      <trkpt lat="49.20278" lon="19.8316">
        <ele>1880.83</ele>
      </trkpt>
      <trkpt lat="49.20276" lon="19.8316">
        <ele>1881.27</ele>
      </trkpt>
      <trkpt lat="49.20274" lon="19.8316">
        <ele>1881.67</ele>
      </trkpt>
      <trkpt lat="49.20271" lon="19.8316">
        <ele>1882.26</ele>
      </trkpt>
      <trkpt lat="49.20269" lon="19.8316">
        <ele>1882.65</ele>
      </trkpt>
      <trkpt lat="49.20267" lon="19.83159">
        <ele>1883.36</ele>
      </trkpt>
      <trkpt lat="49.20266" lon="19.8316">
        <ele>1883.24</ele>
      </trkpt>
      <trkpt lat="49.20261" lon="19.8316">
        <ele>1884.23</ele>
      </trkpt>
      <trkpt lat="49.20259" lon="19.83158">
        <ele>1885.3</ele>
      </trkpt>
      <trkpt lat="49.20259" lon="19.83158">
        <ele>1885.3</ele>
      </trkpt>
      <trkpt lat="49.20259" lon="19.83158">
        <ele>1885.3</ele>
      </trkpt>
      <trkpt lat="49.20255" lon="19.83152">
        <ele>1888.19</ele>
      </trkpt>
      <trkpt lat="49.20255" lon="19.8315">
        <ele>1888.88</ele>
      </trkpt>
      <trkpt lat="49.20256" lon="19.83148">
        <ele>1889.35</ele>
      </trkpt>
      <trkpt lat="49.20257" lon="19.83147">
        <ele>1889.46</ele>
      </trkpt>
      <trkpt lat="49.20258" lon="19.83145">
        <ele>1889.91</ele>
      </trkpt>
      <trkpt lat="49.20259" lon="19.83144">
        <ele>1890.01</ele>
      </trkpt>
      <trkpt lat="49.2026" lon="19.83143">
        <ele>1890.11</ele>
      </trkpt>
      <trkpt lat="49.20259" lon="19.83142">
        <ele>1890.68</ele>
      </trkpt>
      <trkpt lat="49.20258" lon="19.83141">
        <ele>1891.27</ele>
      </trkpt>
      <trkpt lat="49.20257" lon="19.83141">
        <ele>1891.51</ele>
      </trkpt>
      <trkpt lat="49.20256" lon="19.83141">
        <ele>1891.76</ele>
      </trkpt>
      <trkpt lat="49.20257" lon="19.8314">
        <ele>1891.86</ele>
      </trkpt>
      <trkpt lat="49.20256" lon="19.83139">
        <ele>1892.45</ele>
      </trkpt>
      <trkpt lat="49.20258" lon="19.83137">
        <ele>1893.1</ele>
      </trkpt>
      <trkpt lat="49.20259" lon="19.83136">
        <ele>1893.4</ele>
      </trkpt>
      <trkpt lat="49.20262" lon="19.8313">
        <ele>1895.81</ele>
      </trkpt>
      <trkpt lat="49.20267" lon="19.83118">
        <ele>1899.86</ele>
      </trkpt>
      <trkpt lat="49.20255" lon="19.83109">
        <ele>1910.69</ele>
      </trkpt>
      <trkpt lat="49.20236" lon="19.83099">
        <ele>1919.26</ele>
      </trkpt>
      <trkpt lat="49.20233" lon="19.8309">
        <ele>1924.37</ele>
      </trkpt>
      <trkpt lat="49.20226" lon="19.83086">
        <ele>1929.52</ele>
      </trkpt>
      <trkpt lat="49.20224" lon="19.83085">
        <ele>1931.07</ele>
      </trkpt>
      <trkpt lat="49.20224" lon="19.83085">
        <ele>1931.07</ele>
      </trkpt>
      <trkpt lat="49.20224" lon="19.83085">
        <ele>1931.07</ele>
      </trkpt>
      <trkpt lat="49.2022" lon="19.83081">
        <ele>1934.61</ele>
      </trkpt>
      <trkpt lat="49.20215" lon="19.83079">
        <ele>1936.85</ele>
      </trkpt>
      <trkpt lat="49.2021" lon="19.83079">
        <ele>1938.33</ele>
      </trkpt>
      <trkpt lat="49.20205" lon="19.83075">
        <ele>1940.95</ele>
      </trkpt>
      <trkpt lat="49.20201" lon="19.83072">
        <ele>1942.81</ele>
      </trkpt>
      <trkpt lat="49.20197" lon="19.8307">
        <ele>1944.27</ele>
      </trkpt>
      <trkpt lat="49.20193" lon="19.83068">
        <ele>1945.42</ele>
      </trkpt>
      <trkpt lat="49.20184" lon="19.83064">
        <ele>1947.08</ele>
      </trkpt>
      <trkpt lat="49.20178" lon="19.8306">
        <ele>1948.63</ele>
      </trkpt>
      <trkpt lat="49.20173" lon="19.83054">
        <ele>1950.86</ele>
      </trkpt>
      <trkpt lat="49.20166" lon="19.83049">
        <ele>1953.51</ele>
      </trkpt>
      <trkpt lat="49.20164" lon="19.83046">
        <ele>1954.43</ele>
      </trkpt>
      <trkpt lat="49.20161" lon="19.83046">
        <ele>1954.03</ele>
      </trkpt>
      <trkpt lat="49.20156" lon="19.83041">
        <ele>1955.21</ele>
      </trkpt>
      <trkpt lat="49.20152" lon="19.83033">
        <ele>1957.49</ele>
      </trkpt>
      <trkpt lat="49.2015" lon="19.83031">
        <ele>1957.86</ele>
      </trkpt>
      <trkpt lat="49.20148" lon="19.83022">
        <ele>1958.85</ele>
      </trkpt>
      <trkpt lat="49.20143" lon="19.83011">
        <ele>1958.68</ele>
      </trkpt>
      <trkpt lat="49.20139" lon="19.83008">
        <ele>1958.44</ele>
      </trkpt>
      <trkpt lat="49.20134" lon="19.83003">
        <ele>1956.87</ele>
      </trkpt>
      <trkpt lat="49.20128" lon="19.83001">
        <ele>1954.63</ele>
      </trkpt>
      <trkpt lat="49.20119" lon="19.82998">
        <ele>1951.16</ele>
      </trkpt>
      <trkpt lat="49.20117" lon="19.82995">
        <ele>1950.44</ele>
      </trkpt>
      <trkpt lat="49.20114" lon="19.82993">
        <ele>1949.34</ele>
      </trkpt>
      <trkpt lat="49.20112" lon="19.8299">
        <ele>1948.69</ele>
      </trkpt>
      <trkpt lat="49.20111" lon="19.82995">
        <ele>1948.12</ele>
      </trkpt>
      <trkpt lat="49.20111" lon="19.82995">
        <ele>1948.12</ele>
      </trkpt>
      <trkpt lat="49.20112" lon="19.8299">
        <ele>1948.69</ele>
      </trkpt>
      <trkpt lat="49.20122" lon="19.82985">
        <ele>1952.43</ele>
      </trkpt>
      <trkpt lat="49.20129" lon="19.82978">
        <ele>1954.86</ele>
      </trkpt>
      <trkpt lat="49.20142" lon="19.82964">
        <ele>1958.07</ele>
      </trkpt>
      <trkpt lat="49.20156" lon="19.82955">
        <ele>1960.99</ele>
      </trkpt>
      <trkpt lat="49.20162" lon="19.8295">
        <ele>1962.56</ele>
      </trkpt>
      <trkpt lat="49.20164" lon="19.82953">
        <ele>1963.01</ele>
      </trkpt>
      <trkpt lat="49.20169" lon="19.82959">
        <ele>1963.02</ele>
      </trkpt>
      <trkpt lat="49.20169" lon="19.82959">
        <ele>1963.02</ele>
      </trkpt>
      <trkpt lat="49.20169" lon="19.82959">
        <ele>1963.02</ele>
      </trkpt>
      <trkpt lat="49.20164" lon="19.82953">
        <ele>1963.01</ele>
      </trkpt>
      <trkpt lat="49.20162" lon="19.8295">
        <ele>1962.56</ele>
      </trkpt>
      <trkpt lat="49.20164" lon="19.82948">
        <ele>1963.14</ele>
      </trkpt>
      <trkpt lat="49.20167" lon="19.82936">
        <ele>1963.3</ele>
      </trkpt>
      <trkpt lat="49.20168" lon="19.82915">
        <ele>1961.38</ele>
      </trkpt>
      <trkpt lat="49.20171" lon="19.82891">
        <ele>1957.34</ele>
      </trkpt>
      <trkpt lat="49.20172" lon="19.8287">
        <ele>1955.62</ele>
      </trkpt>
      <trkpt lat="49.20171" lon="19.82851">
        <ele>1955.28</ele>
      </trkpt>
      <trkpt lat="49.20168" lon="19.82838">
        <ele>1955.8</ele>
      </trkpt>
      <trkpt lat="49.20168" lon="19.82816">
        <ele>1957.3</ele>
      </trkpt>
      <trkpt lat="49.20169" lon="19.82797">
        <ele>1957.31</ele>
      </trkpt>
      <trkpt lat="49.20174" lon="19.8277">
        <ele>1953.64</ele>
      </trkpt>
      <trkpt lat="49.20172" lon="19.82755">
        <ele>1951.44</ele>
      </trkpt>
      <trkpt lat="49.20166" lon="19.8274">
        <ele>1950.91</ele>
      </trkpt>
      <trkpt lat="49.20152" lon="19.82712">
        <ele>1949.55</ele>
      </trkpt>
      <trkpt lat="49.20141" lon="19.82689">
        <ele>1951.15</ele>
      </trkpt>
      <trkpt lat="49.20135" lon="19.82678">
        <ele>1950.98</ele>
      </trkpt>
      <trkpt lat="49.20133" lon="19.82668">
        <ele>1951.01</ele>
      </trkpt>
      <trkpt lat="49.20132" lon="19.82661">
        <ele>1951.38</ele>
      </trkpt>
      <trkpt lat="49.20134" lon="19.8265">
        <ele>1953.22</ele>
      </trkpt>
      <trkpt lat="49.20143" lon="19.82633">
        <ele>1956.68</ele>
      </trkpt>
      <trkpt lat="49.20144" lon="19.82618">
        <ele>1959.48</ele>
      </trkpt>
      <trkpt lat="49.20147" lon="19.82609">
        <ele>1961.32</ele>
      </trkpt>
      <trkpt lat="49.20147" lon="19.82596">
        <ele>1965.06</ele>
      </trkpt>
      <trkpt lat="49.20149" lon="19.82586">
        <ele>1967.87</ele>
      </trkpt>
      <trkpt lat="49.20149" lon="19.82579">
        <ele>1969.77</ele>
      </trkpt>
      <trkpt lat="49.20147" lon="19.82569">
        <ele>1972.53</ele>
      </trkpt>
      <trkpt lat="49.20144" lon="19.82551">
        <ele>1977.83</ele>
      </trkpt>
      <trkpt lat="49.20146" lon="19.8254">
        <ele>1980.84</ele>
      </trkpt>
      <trkpt lat="49.2015" lon="19.82533">
        <ele>1982.13</ele>
      </trkpt>
      <trkpt lat="49.20152" lon="19.82525">
        <ele>1983.76</ele>
      </trkpt>
      <trkpt lat="49.20151" lon="19.82519">
        <ele>1985.24</ele>
      </trkpt>
      <trkpt lat="49.20151" lon="19.8251">
        <ele>1987.14</ele>
      </trkpt>
      <trkpt lat="49.20154" lon="19.82501">
        <ele>1988.6</ele>
      </trkpt>
      <trkpt lat="49.20156" lon="19.82495">
        <ele>1990.05</ele>
      </trkpt>
      <trkpt lat="49.20152" lon="19.82488">
        <ele>1992.8</ele>
      </trkpt>
      <trkpt lat="49.20147" lon="19.82478">
        <ele>1996.73</ele>
      </trkpt>
      <trkpt lat="49.20145" lon="19.82464">
        <ele>1999.36</ele>
      </trkpt>
      <trkpt lat="49.20141" lon="19.8245">
        <ele>2001.1</ele>
      </trkpt>
      <trkpt lat="49.20132" lon="19.82418">
        <ele>2006.81</ele>
      </trkpt>
      <trkpt lat="49.20126" lon="19.82408">
        <ele>2009.1</ele>
      </trkpt>
      <trkpt lat="49.20124" lon="19.82394">
        <ele>2011.41</ele>
      </trkpt>
      <trkpt lat="49.20126" lon="19.82385">
        <ele>2012.35</ele>
      </trkpt>
      <trkpt lat="49.20123" lon="19.82379">
        <ele>2013.51</ele>
      </trkpt>
      <trkpt lat="49.20124" lon="19.82375">
        <ele>2013.88</ele>
      </trkpt>
      <trkpt lat="49.20129" lon="19.8237">
        <ele>2013.9</ele>
      </trkpt>
      <trkpt lat="49.2013" lon="19.82358">
        <ele>2015.41</ele>
      </trkpt>
      <trkpt lat="49.20127" lon="19.82343">
        <ele>2017.89</ele>
      </trkpt>
      <trkpt lat="49.20126" lon="19.82337">
        <ele>2018.86</ele>
      </trkpt>
      <trkpt lat="49.20128" lon="19.8233">
        <ele>2019.92</ele>
      </trkpt>
      <trkpt lat="49.20133" lon="19.82322">
        <ele>2020.94</ele>
      </trkpt>
      <trkpt lat="49.20137" lon="19.82314">
        <ele>2021.83</ele>
      </trkpt>
      <trkpt lat="49.20136" lon="19.82305">
        <ele>2023.77</ele>
      </trkpt>
      <trkpt lat="49.20135" lon="19.82292">
        <ele>2027.33</ele>
      </trkpt>
      <trkpt lat="49.20135" lon="19.82283">
        <ele>2029.65</ele>
      </trkpt>
      <trkpt lat="49.20134" lon="19.82276">
        <ele>2031.34</ele>
      </trkpt>
      <trkpt lat="49.20131" lon="19.82272">
        <ele>2032.39</ele>
      </trkpt>
      <trkpt lat="49.20129" lon="19.82269">
        <ele>2033.41</ele>
      </trkpt>
      <trkpt lat="49.20114" lon="19.82257">
        <ele>2041.96</ele>
      </trkpt>
      <trkpt lat="49.201" lon="19.82241">
        <ele>2056.65</ele>
      </trkpt>
      <trkpt lat="49.20096" lon="19.82229">
        <ele>2065.01</ele>
      </trkpt>
      <trkpt lat="49.2009" lon="19.82219">
        <ele>2071.77</ele>
      </trkpt>
      <trkpt lat="49.20091" lon="19.82211">
        <ele>2073.71</ele>
      </trkpt>
      <trkpt lat="49.2009" lon="19.82207">
        <ele>2075.25</ele>
      </trkpt>
      <trkpt lat="49.20086" lon="19.82204">
        <ele>2077.79</ele>
      </trkpt>
      <trkpt lat="49.20086" lon="19.822">
        <ele>2079.03</ele>
      </trkpt>
      <trkpt lat="49.20084" lon="19.82195">
        <ele>2081.51</ele>
      </trkpt>
      <trkpt lat="49.20085" lon="19.8219">
        <ele>2081.89</ele>
      </trkpt>
      <trkpt lat="49.20083" lon="19.82185">
        <ele>2083.38</ele>
      </trkpt>
      <trkpt lat="49.20083" lon="19.82181">
        <ele>2083.98</ele>
      </trkpt>
      <trkpt lat="49.20086" lon="19.82177">
        <ele>2083.44</ele>
      </trkpt>
      <trkpt lat="49.20083" lon="19.82168">
        <ele>2085.91</ele>
      </trkpt>
      <trkpt lat="49.20082" lon="19.82166">
        <ele>2086.58</ele>
      </trkpt>
      <trkpt lat="49.20082" lon="19.82157">
        <ele>2088.57</ele>
      </trkpt>
      <trkpt lat="49.20079" lon="19.82154">
        <ele>2090.35</ele>
      </trkpt>
      <trkpt lat="49.20075" lon="19.82149">
        <ele>2093.09</ele>
      </trkpt>
      <trkpt lat="49.20077" lon="19.82141">
        <ele>2094.23</ele>
      </trkpt>
      <trkpt lat="49.20075" lon="19.82136">
        <ele>2095.7</ele>
      </trkpt>
      <trkpt lat="49.20076" lon="19.82131">
        <ele>2095.45</ele>
      </trkpt>
      <trkpt lat="49.2007" lon="19.82127">
        <ele>2098.19</ele>
      </trkpt>
      <trkpt lat="49.20069" lon="19.82124">
        <ele>2098.73</ele>
      </trkpt>
      <trkpt lat="49.20062" lon="19.82122">
        <ele>2101.82</ele>
      </trkpt>
      <trkpt lat="49.20064" lon="19.82117">
        <ele>2101.14</ele>
      </trkpt>
      <trkpt lat="49.20061" lon="19.82112">
        <ele>2102.62</ele>
      </trkpt>
      <trkpt lat="49.20056" lon="19.82111">
        <ele>2104.82</ele>
      </trkpt>
      <trkpt lat="49.20052" lon="19.82109">
        <ele>2108.06</ele>
      </trkpt>
      <trkpt lat="49.20047" lon="19.82101">
        <ele>2114.24</ele>
      </trkpt>
      <trkpt lat="49.20041" lon="19.82099">
        <ele>2120.74</ele>
      </trkpt>
      <trkpt lat="49.20034" lon="19.82093">
        <ele>2130.84</ele>
      </trkpt>
      <trkpt lat="49.20031" lon="19.82083">
        <ele>2139.8</ele>
      </trkpt>
      <trkpt lat="49.20028" lon="19.8208">
        <ele>2143.36</ele>
      </trkpt>
      <trkpt lat="49.20024" lon="19.82081">
        <ele>2144.76</ele>
      </trkpt>
      <trkpt lat="49.20021" lon="19.82075">
        <ele>2145.17</ele>
      </trkpt>
      <trkpt lat="49.2001" lon="19.82067">
        <ele>2148.6</ele>
      </trkpt>
      <trkpt lat="49.20005" lon="19.8206">
        <ele>2150.66</ele>
      </trkpt>
      <trkpt lat="49.20001" lon="19.82054">
        <ele>2152.67</ele>
      </trkpt>
      <trkpt lat="49.19998" lon="19.82052">
        <ele>2153.74</ele>
      </trkpt>
      <trkpt lat="49.19994" lon="19.82047">
        <ele>2154.99</ele>
      </trkpt>
      <trkpt lat="49.19988" lon="19.82041">
        <ele>2156.62</ele>
      </trkpt>
      <trkpt lat="49.19987" lon="19.82037">
        <ele>2156.99</ele>
      </trkpt>
      <trkpt lat="49.19987" lon="19.82026">
        <ele>2157.27</ele>
      </trkpt>
      <trkpt lat="49.19982" lon="19.82021">
        <ele>2158.07</ele>
      </trkpt>
      <trkpt lat="49.19977" lon="19.82014">
        <ele>2158.97</ele>
      </trkpt>
      <trkpt lat="49.19973" lon="19.82009">
        <ele>2159.82</ele>
      </trkpt>
      <trkpt lat="49.19971" lon="19.82006">
        <ele>2160.04</ele>
      </trkpt>
      <trkpt lat="49.19968" lon="19.82005">
        <ele>2160.11</ele>
      </trkpt>
      <trkpt lat="49.19966" lon="19.82001">
        <ele>2160.03</ele>
      </trkpt>
      <trkpt lat="49.19962" lon="19.81992">
        <ele>2159.32</ele>
      </trkpt>
      <trkpt lat="49.1996" lon="19.81991">
        <ele>2159.21</ele>
      </trkpt>
      <trkpt lat="49.19955" lon="19.81983">
        <ele>2158.4</ele>
      </trkpt>
      <trkpt lat="49.19955" lon="19.81983">
        <ele>2158.4</ele>
      </trkpt>
      <trkpt lat="49.19955" lon="19.81983">
        <ele>2158.4</ele>
      </trkpt>
      <trkpt lat="49.19957" lon="19.81977">
        <ele>2157.89</ele>
      </trkpt>
      <trkpt lat="49.19962" lon="19.81966">
        <ele>2157.09</ele>
      </trkpt>
      <trkpt lat="49.1997" lon="19.81956">
        <ele>2155.33</ele>
      </trkpt>
      <trkpt lat="49.19974" lon="19.81949">
        <ele>2153.33</ele>
      </trkpt>
      <trkpt lat="49.19979" lon="19.81945">
        <ele>2151.16</ele>
      </trkpt>
      <trkpt lat="49.19979" lon="19.81936">
        <ele>2148.68</ele>
      </trkpt>
      <trkpt lat="49.19976" lon="19.81932">
        <ele>2147.98</ele>
      </trkpt>
      <trkpt lat="49.19973" lon="19.81925">
        <ele>2145.95</ele>
      </trkpt>
      <trkpt lat="49.19975" lon="19.81917">
        <ele>2143.21</ele>
      </trkpt>
      <trkpt lat="49.19982" lon="19.81909">
        <ele>2140.04</ele>
      </trkpt>
      <trkpt lat="49.1999" lon="19.81903">
        <ele>2137.74</ele>
      </trkpt>
      <trkpt lat="49.19999" lon="19.81891">
        <ele>2132.88</ele>
      </trkpt>
      <trkpt lat="49.20006" lon="19.81887">
        <ele>2131.33</ele>
      </trkpt>
      <trkpt lat="49.20013" lon="19.81878">
        <ele>2129.5</ele>
      </trkpt>
      <trkpt lat="49.20018" lon="19.81874">
        <ele>2129.15</ele>
      </trkpt>
      <trkpt lat="49.20023" lon="19.81871">
        <ele>2129.22</ele>
      </trkpt>
      <trkpt lat="49.20029" lon="19.81865">
        <ele>2128.94</ele>
      </trkpt>
      <trkpt lat="49.20041" lon="19.81862">
        <ele>2125.29</ele>
      </trkpt>
      <trkpt lat="49.20047" lon="19.8186">
        <ele>2123.12</ele>
      </trkpt>
      <trkpt lat="49.20047" lon="19.8185">
        <ele>2120.05</ele>
      </trkpt>
      <trkpt lat="49.20058" lon="19.81852">
        <ele>2117.88</ele>
      </trkpt>
      <trkpt lat="49.20065" lon="19.81845">
        <ele>2114.44</ele>
      </trkpt>
      <trkpt lat="49.20075" lon="19.81846">
        <ele>2111.84</ele>
      </trkpt>
      <trkpt lat="49.20076" lon="19.81838">
        <ele>2111.24</ele>
      </trkpt>
      <trkpt lat="49.20074" lon="19.8182">
        <ele>2108.63</ele>
      </trkpt>
      <trkpt lat="49.20076" lon="19.8181">
        <ele>2106.24</ele>
      </trkpt>
      <trkpt lat="49.20076" lon="19.81803">
        <ele>2104.97</ele>
      </trkpt>
      <trkpt lat="49.20085" lon="19.81804">
        <ele>2102.92</ele>
      </trkpt>
      <trkpt lat="49.20086" lon="19.818">
        <ele>2101.9</ele>
      </trkpt>
      <trkpt lat="49.20085" lon="19.81789">
        <ele>2101.2</ele>
      </trkpt>
      <trkpt lat="49.20087" lon="19.81777">
        <ele>2098.47</ele>
      </trkpt>
      <trkpt lat="49.20091" lon="19.81774">
        <ele>2095.16</ele>
      </trkpt>
      <trkpt lat="49.20099" lon="19.81776">
        <ele>2090.35</ele>
      </trkpt>
      <trkpt lat="49.2011" lon="19.81776">
        <ele>2083.09</ele>
      </trkpt>
      <trkpt lat="49.20123" lon="19.81776">
        <ele>2070.75</ele>
      </trkpt>
      <trkpt lat="49.20125" lon="19.81774">
        <ele>2068.0</ele>
      </trkpt>
      <trkpt lat="49.20124" lon="19.81763">
        <ele>2064.66</ele>
      </trkpt>
      <trkpt lat="49.20126" lon="19.81747">
        <ele>2056.61</ele>
      </trkpt>
      <trkpt lat="49.20125" lon="19.81728">
        <ele>2052.16</ele>
      </trkpt>
      <trkpt lat="49.20122" lon="19.8171">
        <ele>2049.66</ele>
      </trkpt>
      <trkpt lat="49.2012" lon="19.81696">
        <ele>2047.07</ele>
      </trkpt>
      <trkpt lat="49.20122" lon="19.81693">
        <ele>2044.67</ele>
      </trkpt>
      <trkpt lat="49.20126" lon="19.81689">
        <ele>2040.54</ele>
      </trkpt>
      <trkpt lat="49.20141" lon="19.81687">
        <ele>2029.97</ele>
      </trkpt>
      <trkpt lat="49.20151" lon="19.81684">
        <ele>2023.88</ele>
      </trkpt>
      <trkpt lat="49.20163" lon="19.8168">
        <ele>2016.83</ele>
      </trkpt>
      <trkpt lat="49.20167" lon="19.81671">
        <ele>2013.54</ele>
      </trkpt>
      <trkpt lat="49.20172" lon="19.8167">
        <ele>2012.16</ele>
      </trkpt>
      <trkpt lat="49.20183" lon="19.81668">
        <ele>2009.1</ele>
      </trkpt>
      <trkpt lat="49.2019" lon="19.81661">
        <ele>2005.72</ele>
      </trkpt>
      <trkpt lat="49.20198" lon="19.81646">
        <ele>2000.69</ele>
      </trkpt>
      <trkpt lat="49.2021" lon="19.81635">
        <ele>1998.12</ele>
      </trkpt>
      <trkpt lat="49.20219" lon="19.81631">
        <ele>1997.48</ele>
      </trkpt>
      <trkpt lat="49.20233" lon="19.81613">
        <ele>1994.21</ele>
      </trkpt>
      <trkpt lat="49.20242" lon="19.81593">
        <ele>1993.53</ele>
      </trkpt>
      <trkpt lat="49.20247" lon="19.81585">
        <ele>1994.33</ele>
      </trkpt>
      <trkpt lat="49.20252" lon="19.8157">
        <ele>1991.36</ele>
      </trkpt>
      <trkpt lat="49.20253" lon="19.81554">
        <ele>1987.6</ele>
      </trkpt>
      <trkpt lat="49.20261" lon="19.81527">
        <ele>1987.42</ele>
      </trkpt>
      <trkpt lat="49.20268" lon="19.81511">
        <ele>1986.81</ele>
      </trkpt>
      <trkpt lat="49.20277" lon="19.81489">
        <ele>1987.32</ele>
      </trkpt>
      <trkpt lat="49.20281" lon="19.81472">
        <ele>1987.88</ele>
      </trkpt>
      <trkpt lat="49.20287" lon="19.81455">
        <ele>1986.55</ele>
      </trkpt>
      <trkpt lat="49.20291" lon="19.81439">
        <ele>1985.89</ele>
      </trkpt>
      <trkpt lat="49.20302" lon="19.81411">
        <ele>1987.2</ele>
      </trkpt>
      <trkpt lat="49.20306" lon="19.81392">
        <ele>1989.07</ele>
      </trkpt>
      <trkpt lat="49.20314" lon="19.81369">
        <ele>1982.49</ele>
      </trkpt>
      <trkpt lat="49.20328" lon="19.81319">
        <ele>1971.22</ele>
      </trkpt>
      <trkpt lat="49.20331" lon="19.81312">
        <ele>1969.72</ele>
      </trkpt>
      <trkpt lat="49.20348" lon="19.81261">
        <ele>1960.56</ele>
      </trkpt>
      <trkpt lat="49.20354" lon="19.81246">
        <ele>1958.98</ele>
      </trkpt>
      <trkpt lat="49.20361" lon="19.81224">
        <ele>1959.02</ele>
      </trkpt>
      <trkpt lat="49.20363" lon="19.81214">
        <ele>1957.61</ele>
      </trkpt>
      <trkpt lat="49.20367" lon="19.81201">
        <ele>1955.55</ele>
      </trkpt>
      <trkpt lat="49.20375" lon="19.81169">
        <ele>1950.42</ele>
      </trkpt>
      <trkpt lat="49.20377" lon="19.81152">
        <ele>1949.16</ele>
      </trkpt>
      <trkpt lat="49.20388" lon="19.81111">
        <ele>1948.82</ele>
      </trkpt>
      <trkpt lat="49.20395" lon="19.81091">
        <ele>1953.1</ele>
      </trkpt>
      <trkpt lat="49.20402" lon="19.8108">
        <ele>1953.44</ele>
      </trkpt>
      <trkpt lat="49.20407" lon="19.81069">
        <ele>1951.14</ele>
      </trkpt>
      <trkpt lat="49.20417" lon="19.81051">
        <ele>1949.95</ele>
      </trkpt>
      <trkpt lat="49.20433" lon="19.81008">
        <ele>1953.41</ele>
      </trkpt>
      <trkpt lat="49.2045" lon="19.80981">
        <ele>1955.45</ele>
      </trkpt>
      <trkpt lat="49.20475" lon="19.80922">
        <ele>1962.65</ele>
      </trkpt>
      <trkpt lat="49.20492" lon="19.80888">
        <ele>1966.31</ele>
      </trkpt>
      <trkpt lat="49.20507" lon="19.80851">
        <ele>1970.34</ele>
      </trkpt>
      <trkpt lat="49.20521" lon="19.80818">
        <ele>1984.78</ele>
      </trkpt>
      <trkpt lat="49.2054" lon="19.80793">
        <ele>1997.73</ele>
      </trkpt>
      <trkpt lat="49.20553" lon="19.80768">
        <ele>2003.88</ele>
      </trkpt>
      <trkpt lat="49.20558" lon="19.8076">
        <ele>2004.39</ele>
      </trkpt>
      <trkpt lat="49.20564" lon="19.80755">
        <ele>2003.64</ele>
      </trkpt>
      <trkpt lat="49.20573" lon="19.80753">
        <ele>2001.91</ele>
      </trkpt>
      <trkpt lat="49.20575" lon="19.80752">
        <ele>2001.58</ele>
      </trkpt>
      <trkpt lat="49.2058" lon="19.80755">
        <ele>2000.18</ele>
      </trkpt>
      <trkpt lat="49.20594" lon="19.80757">
        <ele>1996.17</ele>
      </trkpt>
      <trkpt lat="49.20603" lon="19.80758">
        <ele>1993.47</ele>
      </trkpt>
      <trkpt lat="49.2061" lon="19.80754">
        <ele>1991.89</ele>
      </trkpt>
      <trkpt lat="49.20612" lon="19.8075">
        <ele>1991.01</ele>
      </trkpt>
      <trkpt lat="49.20617" lon="19.80747">
        <ele>1984.01</ele>
      </trkpt>
      <trkpt lat="49.20623" lon="19.80744">
        <ele>1976.08</ele>
      </trkpt>
      <trkpt lat="49.20629" lon="19.80742">
        <ele>1968.75</ele>
      </trkpt>
      <trkpt lat="49.20635" lon="19.80742">
        <ele>1962.3</ele>
      </trkpt>
      <trkpt lat="49.20641" lon="19.80741">
        <ele>1956.21</ele>
      </trkpt>
      <trkpt lat="49.20651" lon="19.80735">
        <ele>1947.19</ele>
      </trkpt>
      <trkpt lat="49.20655" lon="19.8073">
        <ele>1943.13</ele>
      </trkpt>
      <trkpt lat="49.20665" lon="19.80727">
        <ele>1935.93</ele>
      </trkpt>
      <trkpt lat="49.2067" lon="19.80722">
        <ele>1932.46</ele>
      </trkpt>
      <trkpt lat="49.20674" lon="19.80722">
        <ele>1930.73</ele>
      </trkpt>
      <trkpt lat="49.20682" lon="19.80726">
        <ele>1928.06</ele>
      </trkpt>
      <trkpt lat="49.20692" lon="19.80727">
        <ele>1923.92</ele>
      </trkpt>
      <trkpt lat="49.2071" lon="19.80723">
        <ele>1913.2</ele>
      </trkpt>
      <trkpt lat="49.20737" lon="19.80726">
        <ele>1896.78</ele>
      </trkpt>
      <trkpt lat="49.20763" lon="19.80729">
        <ele>1882.98</ele>
      </trkpt>
      <trkpt lat="49.20779" lon="19.80733">
        <ele>1876.95</ele>
      </trkpt>
      <trkpt lat="49.20799" lon="19.80734">
        <ele>1870.9</ele>
      </trkpt>
      <trkpt lat="49.20808" lon="19.80732">
        <ele>1868.04</ele>
      </trkpt>
      <trkpt lat="49.20826" lon="19.80734">
        <ele>1863.47</ele>
      </trkpt>
      <trkpt lat="49.20834" lon="19.8073">
        <ele>1860.5</ele>
      </trkpt>
      <trkpt lat="49.20841" lon="19.80726">
        <ele>1857.68</ele>
      </trkpt>
      <trkpt lat="49.20854" lon="19.80727">
        <ele>1854.34</ele>
      </trkpt>
      <trkpt lat="49.20872" lon="19.80727">
        <ele>1845.4</ele>
      </trkpt>
      <trkpt lat="49.20888" lon="19.80725">
        <ele>1834.09</ele>
      </trkpt>
      <trkpt lat="49.20896" lon="19.80723">
        <ele>1832.3</ele>
      </trkpt>
      <trkpt lat="49.2091" lon="19.80719">
        <ele>1831.33</ele>
      </trkpt>
      <trkpt lat="49.20926" lon="19.80713">
        <ele>1826.88</ele>
      </trkpt>
      <trkpt lat="49.2093" lon="19.80712">
        <ele>1825.36</ele>
      </trkpt>
      <trkpt lat="49.20948" lon="19.80708">
        <ele>1818.74</ele>
      </trkpt>
      <trkpt lat="49.20959" lon="19.80707">
        <ele>1816.5</ele>
      </trkpt>
      <trkpt lat="49.20959" lon="19.80707">
        <ele>1816.5</ele>
      </trkpt>
      <trkpt lat="49.20959" lon="19.80707">
        <ele>1816.5</ele>
      </trkpt>
      <trkpt lat="49.20967" lon="19.80706">
        <ele>1814.93</ele>
      </trkpt>
      <trkpt lat="49.20976" lon="19.80706">
        <ele>1814.11</ele>
      </trkpt>
      <trkpt lat="49.20991" lon="19.80709">
        <ele>1815.01</ele>
      </trkpt>
      <trkpt lat="49.21001" lon="19.80712">
        <ele>1815.71</ele>
      </trkpt>
      <trkpt lat="49.21013" lon="19.80714">
        <ele>1812.04</ele>
      </trkpt>
      <trkpt lat="49.21028" lon="19.80718">
        <ele>1807.38</ele>
      </trkpt>
      <trkpt lat="49.21042" lon="19.80721">
        <ele>1807.64</ele>
      </trkpt>
      <trkpt lat="49.21054" lon="19.80725">
        <ele>1807.92</ele>
      </trkpt>
      <trkpt lat="49.21066" lon="19.80729">
        <ele>1804.64</ele>
      </trkpt>
      <trkpt lat="49.2108" lon="19.80731">
        <ele>1800.83</ele>
      </trkpt>
      <trkpt lat="49.21094" lon="19.80728">
        <ele>1800.54</ele>
      </trkpt>
      <trkpt lat="49.2111" lon="19.80729">
        <ele>1802.6</ele>
      </trkpt>
      <trkpt lat="49.21129" lon="19.80726">
        <ele>1805.8</ele>
      </trkpt>
      <trkpt lat="49.21143" lon="19.80718">
        <ele>1805.61</ele>
      </trkpt>
      <trkpt lat="49.21152" lon="19.80716">
        <ele>1804.63</ele>
      </trkpt>
      <trkpt lat="49.21167" lon="19.80718">
        <ele>1804.64</ele>
      </trkpt>
      <trkpt lat="49.21181" lon="19.80719">
        <ele>1805.41</ele>
      </trkpt>
      <trkpt lat="49.21191" lon="19.80719">
        <ele>1805.73</ele>
      </trkpt>
      <trkpt lat="49.2122" lon="19.80719">
        <ele>1800.92</ele>
      </trkpt>
      <trkpt lat="49.21244" lon="19.80719">
        <ele>1793.44</ele>
      </trkpt>
      <trkpt lat="49.21282" lon="19.80714">
        <ele>1779.11</ele>
      </trkpt>
      <trkpt lat="49.21292" lon="19.80716">
        <ele>1778.01</ele>
      </trkpt>
      <trkpt lat="49.21308" lon="19.80716">
        <ele>1774.37</ele>
      </trkpt>
      <trkpt lat="49.21341" lon="19.80731">
        <ele>1773.1</ele>
      </trkpt>
      <trkpt lat="49.21344" lon="19.8073">
        <ele>1772.53</ele>
      </trkpt>
      <trkpt lat="49.21355" lon="19.80734">
        <ele>1773.77</ele>
      </trkpt>
      <trkpt lat="49.21371" lon="19.80735">
        <ele>1774.75</ele>
      </trkpt>
      <trkpt lat="49.214" lon="19.80728">
        <ele>1774.97</ele>
      </trkpt>
      <trkpt lat="49.21428" lon="19.80709">
        <ele>1765.84</ele>
      </trkpt>
      <trkpt lat="49.2143" lon="19.80706">
        <ele>1764.18</ele>
      </trkpt>
      <trkpt lat="49.21446" lon="19.807">
        <ele>1759.43</ele>
      </trkpt>
      <trkpt lat="49.2147" lon="19.80698">
        <ele>1747.01</ele>
      </trkpt>
      <trkpt lat="49.21481" lon="19.80703">
        <ele>1745.41</ele>
      </trkpt>
      <trkpt lat="49.21495" lon="19.80706">
        <ele>1742.93</ele>
      </trkpt>
      <trkpt lat="49.21498" lon="19.8071">
        <ele>1742.61</ele>
      </trkpt>
      <trkpt lat="49.21501" lon="19.80711">
        <ele>1741.94</ele>
      </trkpt>
      <trkpt lat="49.21504" lon="19.8071">
        <ele>1741.11</ele>
      </trkpt>
      <trkpt lat="49.21507" lon="19.80708">
        <ele>1740.21</ele>
      </trkpt>
      <trkpt lat="49.21509" lon="19.8071">
        <ele>1739.85</ele>
      </trkpt>
      <trkpt lat="49.21511" lon="19.80713">
        <ele>1739.56</ele>
      </trkpt>
      <trkpt lat="49.21533" lon="19.80723">
        <ele>1736.23</ele>
      </trkpt>
      <trkpt lat="49.21539" lon="19.80723">
        <ele>1736.43</ele>
      </trkpt>
      <trkpt lat="49.21557" lon="19.80711">
        <ele>1734.58</ele>
      </trkpt>
      <trkpt lat="49.21577" lon="19.80698">
        <ele>1733.59</ele>
      </trkpt>
      <trkpt lat="49.21581" lon="19.80694">
        <ele>1733.71</ele>
      </trkpt>
      <trkpt lat="49.21592" lon="19.80678">
        <ele>1735.01</ele>
      </trkpt>
      <trkpt lat="49.216" lon="19.80672">
        <ele>1735.96</ele>
      </trkpt>
      <trkpt lat="49.21624" lon="19.8066">
        <ele>1740.33</ele>
      </trkpt>
      <trkpt lat="49.21636" lon="19.80652">
        <ele>1742.27</ele>
      </trkpt>
      <trkpt lat="49.21647" lon="19.80647">
        <ele>1741.32</ele>
      </trkpt>
      <trkpt lat="49.21667" lon="19.80637">
        <ele>1739.75</ele>
      </trkpt>
      <trkpt lat="49.21677" lon="19.80633">
        <ele>1741.7</ele>
      </trkpt>
      <trkpt lat="49.21692" lon="19.80623">
        <ele>1744.57</ele>
      </trkpt>
      <trkpt lat="49.21702" lon="19.80615">
        <ele>1745.43</ele>
      </trkpt>
      <trkpt lat="49.21715" lon="19.80607">
        <ele>1746.7</ele>
      </trkpt>
      <trkpt lat="49.21723" lon="19.806">
        <ele>1747.69</ele>
      </trkpt>
      <trkpt lat="49.21733" lon="19.80591">
        <ele>1748.89</ele>
      </trkpt>
      <trkpt lat="49.2174" lon="19.80581">
        <ele>1750.09</ele>
      </trkpt>
      <trkpt lat="49.21745" lon="19.80577">
        <ele>1750.83</ele>
      </trkpt>
      <trkpt lat="49.21745" lon="19.80577">
        <ele>1750.83</ele>
      </trkpt>
      <trkpt lat="49.21745" lon="19.80577">
        <ele>1750.83</ele>
      </trkpt>
      <trkpt lat="49.2175" lon="19.8057">
        <ele>1751.52</ele>
      </trkpt>
      <trkpt lat="49.21757" lon="19.80555">
        <ele>1750.48</ele>
      </trkpt>
      <trkpt lat="49.21766" lon="19.8054">
        <ele>1750.02</ele>
      </trkpt>
      <trkpt lat="49.21787" lon="19.8049">
        <ele>1750.64</ele>
      </trkpt>
      <trkpt lat="49.21807" lon="19.80466">
        <ele>1751.9</ele>
      </trkpt>
      <trkpt lat="49.21822" lon="19.80461">
        <ele>1749.66</ele>
      </trkpt>
      <trkpt lat="49.21832" lon="19.80449">
        <ele>1746.16</ele>
      </trkpt>
      <trkpt lat="49.21859" lon="19.80429">
        <ele>1744.4</ele>
      </trkpt>
      <trkpt lat="49.21873" lon="19.80408">
        <ele>1748.02</ele>
      </trkpt>
      <trkpt lat="49.21877" lon="19.80404">
        <ele>1748.74</ele>
      </trkpt>
      <trkpt lat="49.2188" lon="19.80402">
        <ele>1749.25</ele>
      </trkpt>
      <trkpt lat="49.21887" lon="19.80394">
        <ele>1750.54</ele>
      </trkpt>
      <trkpt lat="49.21894" lon="19.80383">
        <ele>1749.54</ele>
      </trkpt>
      <trkpt lat="49.21904" lon="19.80371">
        <ele>1747.55</ele>
      </trkpt>
      <trkpt lat="49.21904" lon="19.80371">
        <ele>1747.55</ele>
      </trkpt>
      <trkpt lat="49.21904" lon="19.80371">
        <ele>1747.55</ele>
      </trkpt>
      <trkpt lat="49.21909" lon="19.80368">
        <ele>1747.25</ele>
      </trkpt>
      <trkpt lat="49.21913" lon="19.8037">
        <ele>1747.36</ele>
      </trkpt>
      <trkpt lat="49.21919" lon="19.80375">
        <ele>1746.79</ele>
      </trkpt>
      <trkpt lat="49.21929" lon="19.8038">
        <ele>1744.31</ele>
      </trkpt>
      <trkpt lat="49.21946" lon="19.80396">
        <ele>1740.48</ele>
      </trkpt>
      <trkpt lat="49.21985" lon="19.80412">
        <ele>1719.43</ele>
      </trkpt>
      <trkpt lat="49.21999" lon="19.80413">
        <ele>1710.87</ele>
      </trkpt>
      <trkpt lat="49.22013" lon="19.80418">
        <ele>1707.27</ele>
      </trkpt>
      <trkpt lat="49.2204" lon="19.80433">
        <ele>1698.87</ele>
      </trkpt>
      <trkpt lat="49.22045" lon="19.80445">
        <ele>1697.75</ele>
      </trkpt>
      <trkpt lat="49.22078" lon="19.80457">
        <ele>1686.2</ele>
      </trkpt>
      <trkpt lat="49.22093" lon="19.80472">
        <ele>1682.55</ele>
      </trkpt>
      <trkpt lat="49.22107" lon="19.80465">
        <ele>1678.33</ele>
      </trkpt>
      <trkpt lat="49.22123" lon="19.80468">
        <ele>1675.21</ele>
      </trkpt>
      <trkpt lat="49.22133" lon="19.80481">
        <ele>1674.63</ele>
      </trkpt>
      <trkpt lat="49.2215" lon="19.8049">
        <ele>1675.05</ele>
      </trkpt>
      <trkpt lat="49.22176" lon="19.80487">
        <ele>1673.13</ele>
      </trkpt>
      <trkpt lat="49.22205" lon="19.80482">
        <ele>1663.78</ele>
      </trkpt>
      <trkpt lat="49.22243" lon="19.80467">
        <ele>1654.97</ele>
      </trkpt>
      <trkpt lat="49.22268" lon="19.80462">
        <ele>1655.03</ele>
      </trkpt>
      <trkpt lat="49.22291" lon="19.80463">
        <ele>1651.22</ele>
      </trkpt>
      <trkpt lat="49.22314" lon="19.80474">
        <ele>1646.66</ele>
      </trkpt>
      <trkpt lat="49.22333" lon="19.80488">
        <ele>1645.19</ele>
      </trkpt>
      <trkpt lat="49.22367" lon="19.80515">
        <ele>1647.35</ele>
      </trkpt>
      <trkpt lat="49.22392" lon="19.80538">
        <ele>1644.43</ele>
      </trkpt>
      <trkpt lat="49.22451" lon="19.80593">
        <ele>1632.21</ele>
      </trkpt>
      <trkpt lat="49.225" lon="19.80641">
        <ele>1605.08</ele>
      </trkpt>
      <trkpt lat="49.22517" lon="19.80646">
        <ele>1603.11</ele>
      </trkpt>
      <trkpt lat="49.22538" lon="19.80647">
        <ele>1598.15</ele>
      </trkpt>
      <trkpt lat="49.22574" lon="19.80651">
        <ele>1582.14</ele>
      </trkpt>
      <trkpt lat="49.22578" lon="19.80658">
        <ele>1581.33</ele>
      </trkpt>
      <trkpt lat="49.22596" lon="19.80667">
        <ele>1575.43</ele>
      </trkpt>
      <trkpt lat="49.22609" lon="19.80665">
        <ele>1570.29</ele>
      </trkpt>
      <trkpt lat="49.22618" lon="19.80668">
        <ele>1569.44</ele>
      </trkpt>
      <trkpt lat="49.22635" lon="19.80663">
        <ele>1566.88</ele>
      </trkpt>
      <trkpt lat="49.22644" lon="19.80668">
        <ele>1566.2</ele>
      </trkpt>
      <trkpt lat="49.2267" lon="19.80675">
        <ele>1559.62</ele>
      </trkpt>
      <trkpt lat="49.22689" lon="19.80671">
        <ele>1552.75</ele>
      </trkpt>
      <trkpt lat="49.22704" lon="19.80679">
        <ele>1550.46</ele>
      </trkpt>
      <trkpt lat="49.22719" lon="19.80674">
        <ele>1549.47</ele>
      </trkpt>
      <trkpt lat="49.22737" lon="19.80681">
        <ele>1547.1</ele>
      </trkpt>
      <trkpt lat="49.22753" lon="19.80683">
        <ele>1544.38</ele>
      </trkpt>
      <trkpt lat="49.22776" lon="19.80687">
        <ele>1542.03</ele>
      </trkpt>
      <trkpt lat="49.22787" lon="19.807">
        <ele>1543.4</ele>
      </trkpt>
      <trkpt lat="49.22802" lon="19.8071">
        <ele>1544.55</ele>
      </trkpt>
      <trkpt lat="49.22821" lon="19.8073">
        <ele>1540.82</ele>
      </trkpt>
      <trkpt lat="49.22841" lon="19.80747">
        <ele>1532.58</ele>
      </trkpt>
      <trkpt lat="49.22853" lon="19.80745">
        <ele>1525.67</ele>
      </trkpt>
      <trkpt lat="49.2286" lon="19.80753">
        <ele>1521.31</ele>
      </trkpt>
      <trkpt lat="49.2286" lon="19.8076">
        <ele>1520.53</ele>
      </trkpt>
      <trkpt lat="49.2286" lon="19.80771">
        <ele>1519.31</ele>
      </trkpt>
      <trkpt lat="49.22862" lon="19.80781">
        <ele>1517.69</ele>
      </trkpt>
      <trkpt lat="49.22867" lon="19.80789">
        <ele>1515.39</ele>
      </trkpt>
      <trkpt lat="49.22876" lon="19.80793">
        <ele>1510.7</ele>
      </trkpt>
      <trkpt lat="49.22892" lon="19.80794">
        <ele>1502.95</ele>
      </trkpt>
      <trkpt lat="49.22897" lon="19.80796">
        <ele>1501.44</ele>
      </trkpt>
      <trkpt lat="49.229" lon="19.80799">
        <ele>1500.48</ele>
      </trkpt>
      <trkpt lat="49.22909" lon="19.80808">
        <ele>1497.32</ele>
      </trkpt>
      <trkpt lat="49.22915" lon="19.80814">
        <ele>1494.29</ele>
      </trkpt>
      <trkpt lat="49.22925" lon="19.80816">
        <ele>1490.74</ele>
      </trkpt>
      <trkpt lat="49.22936" lon="19.80819">
        <ele>1486.98</ele>
      </trkpt>
      <trkpt lat="49.22942" lon="19.80827">
        <ele>1484.79</ele>
      </trkpt>
      <trkpt lat="49.2295" lon="19.80836">
        <ele>1480.84</ele>
      </trkpt>
      <trkpt lat="49.22955" lon="19.8084">
        <ele>1477.71</ele>
      </trkpt>
      <trkpt lat="49.22965" lon="19.80835">
        <ele>1474.06</ele>
      </trkpt>
      <trkpt lat="49.22974" lon="19.80839">
        <ele>1469.01</ele>
      </trkpt>
      <trkpt lat="49.22983" lon="19.80841">
        <ele>1463.84</ele>
      </trkpt>
      <trkpt lat="49.22994" lon="19.80836">
        <ele>1458.28</ele>
      </trkpt>
      <trkpt lat="49.23009" lon="19.80839">
        <ele>1447.87</ele>
      </trkpt>
      <trkpt lat="49.2302" lon="19.80849">
        <ele>1439.81</ele>
      </trkpt>
      <trkpt lat="49.23037" lon="19.80858">
        <ele>1431.49</ele>
      </trkpt>
      <trkpt lat="49.23048" lon="19.80859">
        <ele>1427.85</ele>
      </trkpt>
      <trkpt lat="49.23055" lon="19.80859">
        <ele>1425.43</ele>
      </trkpt>
      <trkpt lat="49.23063" lon="19.80858">
        <ele>1421.55</ele>
      </trkpt>
      <trkpt lat="49.23075" lon="19.80857">
        <ele>1415.94</ele>
      </trkpt>
      <trkpt lat="49.23081" lon="19.80855">
        <ele>1412.9</ele>
      </trkpt>
      <trkpt lat="49.23086" lon="19.80853">
        <ele>1410.12</ele>
      </trkpt>
      <trkpt lat="49.23091" lon="19.80849">
        <ele>1406.51</ele>
      </trkpt>
      <trkpt lat="49.23099" lon="19.80834">
        <ele>1397.49</ele>
      </trkpt>
      <trkpt lat="49.23109" lon="19.80822">
        <ele>1387.87</ele>
      </trkpt>
      <trkpt lat="49.23116" lon="19.80812">
        <ele>1382.85</ele>
      </trkpt>
      <trkpt lat="49.23122" lon="19.80805">
        <ele>1379.35</ele>
      </trkpt>
      <trkpt lat="49.23127" lon="19.80802">
        <ele>1377.08</ele>
      </trkpt>
      <trkpt lat="49.23133" lon="19.80799">
        <ele>1374.49</ele>
      </trkpt>
      <trkpt lat="49.23139" lon="19.80789">
        <ele>1370.38</ele>
      </trkpt>
      <trkpt lat="49.23148" lon="19.80772">
        <ele>1363.22</ele>
      </trkpt>
      <trkpt lat="49.23156" lon="19.80754">
        <ele>1355.16</ele>
      </trkpt>
      <trkpt lat="49.23161" lon="19.80741">
        <ele>1350.23</ele>
      </trkpt>
      <trkpt lat="49.23166" lon="19.80731">
        <ele>1346.32</ele>
      </trkpt>
      <trkpt lat="49.23173" lon="19.80721">
        <ele>1343.17</ele>
      </trkpt>
      <trkpt lat="49.23176" lon="19.80714">
        <ele>1341.17</ele>
      </trkpt>
      <trkpt lat="49.23182" lon="19.80706">
        <ele>1338.6</ele>
      </trkpt>
      <trkpt lat="49.23187" lon="19.80695">
        <ele>1336.15</ele>
      </trkpt>
      <trkpt lat="49.23196" lon="19.80682">
        <ele>1333.44</ele>
      </trkpt>
      <trkpt lat="49.23206" lon="19.80678">
        <ele>1325.93</ele>
      </trkpt>
      <trkpt lat="49.23222" lon="19.80676">
        <ele>1313.85</ele>
      </trkpt>
      <trkpt lat="49.23229" lon="19.80665">
        <ele>1309.69</ele>
      </trkpt>
      <trkpt lat="49.23235" lon="19.80658">
        <ele>1309.74</ele>
      </trkpt>
      <trkpt lat="49.23241" lon="19.80648">
        <ele>1311.06</ele>
      </trkpt>
      <trkpt lat="49.23244" lon="19.80638">
        <ele>1313.6</ele>
      </trkpt>
      <trkpt lat="49.23252" lon="19.80635">
        <ele>1310.83</ele>
      </trkpt>
      <trkpt lat="49.23261" lon="19.80634">
        <ele>1306.6</ele>
      </trkpt>
      <trkpt lat="49.23272" lon="19.80634">
        <ele>1301.15</ele>
      </trkpt>
      <trkpt lat="49.23284" lon="19.8063">
        <ele>1296.41</ele>
      </trkpt>
      <trkpt lat="49.23296" lon="19.80632">
        <ele>1288.07</ele>
      </trkpt>
      <trkpt lat="49.23304" lon="19.80634">
        <ele>1281.96</ele>
      </trkpt>
      <trkpt lat="49.23316" lon="19.80639">
        <ele>1273.07</ele>
      </trkpt>
      <trkpt lat="49.23328" lon="19.80645">
        <ele>1264.98</ele>
      </trkpt>
      <trkpt lat="49.2334" lon="19.80649">
        <ele>1256.75</ele>
      </trkpt>
      <trkpt lat="49.23353" lon="19.80655">
        <ele>1247.35</ele>
      </trkpt>
      <trkpt lat="49.23362" lon="19.8066">
        <ele>1241.62</ele>
      </trkpt>
      <trkpt lat="49.23371" lon="19.80662">
        <ele>1240.52</ele>
      </trkpt>
      <trkpt lat="49.23385" lon="19.80666">
        <ele>1238.47</ele>
      </trkpt>
      <trkpt lat="49.23397" lon="19.80669">
        <ele>1234.36</ele>
      </trkpt>
      <trkpt lat="49.23407" lon="19.80671">
        <ele>1230.26</ele>
      </trkpt>
      <trkpt lat="49.23424" lon="19.80674">
        <ele>1221.82</ele>
      </trkpt>
      <trkpt lat="49.23436" lon="19.80672">
        <ele>1215.96</ele>
      </trkpt>
      <trkpt lat="49.23451" lon="19.80664">
        <ele>1211.5</ele>
      </trkpt>
      <trkpt lat="49.2347" lon="19.8066">
        <ele>1203.81</ele>
      </trkpt>
      <trkpt lat="49.23498" lon="19.80649">
        <ele>1185.38</ele>
      </trkpt>
      <trkpt lat="49.2352" lon="19.8064">
        <ele>1185.66</ele>
      </trkpt>
      <trkpt lat="49.23531" lon="19.80637">
        <ele>1185.92</ele>
      </trkpt>
      <trkpt lat="49.2354" lon="19.80636">
        <ele>1185.1</ele>
      </trkpt>
      <trkpt lat="49.23554" lon="19.80637">
        <ele>1183.44</ele>
      </trkpt>
      <trkpt lat="49.23583" lon="19.80635">
        <ele>1175.06</ele>
      </trkpt>
      <trkpt lat="49.23607" lon="19.80639">
        <ele>1173.84</ele>
      </trkpt>
      <trkpt lat="49.2362" lon="19.80642">
        <ele>1173.14</ele>
      </trkpt>
      <trkpt lat="49.23636" lon="19.80645">
        <ele>1171.77</ele>
      </trkpt>
      <trkpt lat="49.23648" lon="19.80644">
        <ele>1168.24</ele>
      </trkpt>
      <trkpt lat="49.23666" lon="19.80637">
        <ele>1160.49</ele>
      </trkpt>
      <trkpt lat="49.23685" lon="19.80632">
        <ele>1158.6</ele>
      </trkpt>
      <trkpt lat="49.23705" lon="19.80624">
        <ele>1159.92</ele>
      </trkpt>
      <trkpt lat="49.23724" lon="19.80606">
        <ele>1162.46</ele>
      </trkpt>
      <trkpt lat="49.23736" lon="19.80607">
        <ele>1160.46</ele>
      </trkpt>
      <trkpt lat="49.2375" lon="19.80609">
        <ele>1158.15</ele>
      </trkpt>
      <trkpt lat="49.23762" lon="19.80613">
        <ele>1153.96</ele>
      </trkpt>
      <trkpt lat="49.23776" lon="19.80621">
        <ele>1149.48</ele>
      </trkpt>
      <trkpt lat="49.23786" lon="19.80631">
        <ele>1146.08</ele>
      </trkpt>
      <trkpt lat="49.23803" lon="19.80633">
        <ele>1140.25</ele>
      </trkpt>
      <trkpt lat="49.23811" lon="19.80631">
        <ele>1135.93</ele>
      </trkpt>
      <trkpt lat="49.2382" lon="19.80635">
        <ele>1131.42</ele>
      </trkpt>
      <trkpt lat="49.23835" lon="19.80624">
        <ele>1120.05</ele>
      </trkpt>
      <trkpt lat="49.23852" lon="19.80613">
        <ele>1110.15</ele>
      </trkpt>
      <trkpt lat="49.23869" lon="19.80608">
        <ele>1106.54</ele>
      </trkpt>
      <trkpt lat="49.23912" lon="19.80605">
        <ele>1100.84</ele>
      </trkpt>
      <trkpt lat="49.23947" lon="19.80611">
        <ele>1100.26</ele>
      </trkpt>
      <trkpt lat="49.2396" lon="19.80611">
        <ele>1096.52</ele>
      </trkpt>
      <trkpt lat="49.23975" lon="19.80609">
        <ele>1092.6</ele>
      </trkpt>
      <trkpt lat="49.23988" lon="19.80629">
        <ele>1090.44</ele>
      </trkpt>
      <trkpt lat="49.24004" lon="19.80649">
        <ele>1090.59</ele>
      </trkpt>
      <trkpt lat="49.24013" lon="19.80658">
        <ele>1095.77</ele>
      </trkpt>
      <trkpt lat="49.24044" lon="19.80683">
        <ele>1110.89</ele>
      </trkpt>
      <trkpt lat="49.24055" lon="19.80692">
        <ele>1110.84</ele>
      </trkpt>
      <trkpt lat="49.24055" lon="19.80692">
        <ele>1110.84</ele>
      </trkpt>
      <trkpt lat="49.24055" lon="19.80691">
        <ele>1110.73</ele>
      </trkpt>
      <trkpt lat="49.24078" lon="19.8071">
        <ele>1114.81</ele>
      </trkpt>
      <trkpt lat="49.24114" lon="19.80734">
        <ele>1105.93</ele>
      </trkpt>
      <trkpt lat="49.24141" lon="19.80758">
        <ele>1096.61</ele>
      </trkpt>
      <trkpt lat="49.2415" lon="19.80772">
        <ele>1097.35</ele>
      </trkpt>
      <trkpt lat="49.24157" lon="19.80784">
        <ele>1096.02</ele>
      </trkpt>
      <trkpt lat="49.24175" lon="19.8083">
        <ele>1082.13</ele>
      </trkpt>
      <trkpt lat="49.24184" lon="19.80846">
        <ele>1081.32</ele>
      </trkpt>
      <trkpt lat="49.24217" lon="19.80896">
        <ele>1076.35</ele>
      </trkpt>
      <trkpt lat="49.24222" lon="19.80907">
        <ele>1076.66</ele>
      </trkpt>
      <trkpt lat="49.24234" lon="19.80945">
        <ele>1075.49</ele>
      </trkpt>
      <trkpt lat="49.24247" lon="19.80969">
        <ele>1072.93</ele>
      </trkpt>
      <trkpt lat="49.24273" lon="19.81012">
        <ele>1069.33</ele>
      </trkpt>
      <trkpt lat="49.2431" lon="19.81065">
        <ele>1065.64</ele>
      </trkpt>
      <trkpt lat="49.24322" lon="19.81079">
        <ele>1065.5</ele>
      </trkpt>
      <trkpt lat="49.24333" lon="19.81088">
        <ele>1065.31</ele>
      </trkpt>
      <trkpt lat="49.24342" lon="19.81094">
        <ele>1065.35</ele>
      </trkpt>
      <trkpt lat="49.24384" lon="19.8112">
        <ele>1061.89</ele>
      </trkpt>
      <trkpt lat="49.2443" lon="19.81162">
        <ele>1053.73</ele>
      </trkpt>
      <trkpt lat="49.2447" lon="19.81198">
        <ele>1056.37</ele>
      </trkpt>
      <trkpt lat="49.24489" lon="19.81216">
        <ele>1060.84</ele>
      </trkpt>
      <trkpt lat="49.24504" lon="19.81235">
        <ele>1064.97</ele>
      </trkpt>
      <trkpt lat="49.24521" lon="19.81256">
        <ele>1069.59</ele>
      </trkpt>
      <trkpt lat="49.24538" lon="19.81277">
        <ele>1072.43</ele>
      </trkpt>
      <trkpt lat="49.24548" lon="19.81285">
        <ele>1071.47</ele>
      </trkpt>
      <trkpt lat="49.24561" lon="19.81292">
        <ele>1070.12</ele>
      </trkpt>
      <trkpt lat="49.24577" lon="19.81294">
        <ele>1066.98</ele>
      </trkpt>
      <trkpt lat="49.24613" lon="19.81292">
        <ele>1061.72</ele>
      </trkpt>
      <trkpt lat="49.24629" lon="19.8129">
        <ele>1064.93</ele>
      </trkpt>
      <trkpt lat="49.24641" lon="19.81293">
        <ele>1065.93</ele>
      </trkpt>
      <trkpt lat="49.24651" lon="19.813">
        <ele>1066.23</ele>
      </trkpt>
      <trkpt lat="49.24667" lon="19.8131">
        <ele>1069.1</ele>
      </trkpt>
      <trkpt lat="49.24747" lon="19.81373">
        <ele>1060.72</ele>
      </trkpt>
      <trkpt lat="49.24775" lon="19.81394">
        <ele>1052.62</ele>
      </trkpt>
      <trkpt lat="49.24788" lon="19.81401">
        <ele>1052.96</ele>
      </trkpt>
      <trkpt lat="49.24809" lon="19.81406">
        <ele>1052.09</ele>
      </trkpt>
      <trkpt lat="49.2487" lon="19.81423">
        <ele>1043.48</ele>
      </trkpt>
      <trkpt lat="49.24911" lon="19.81446">
        <ele>1038.73</ele>
      </trkpt>
      <trkpt lat="49.24962" lon="19.81472">
        <ele>1036.31</ele>
      </trkpt>
      <trkpt lat="49.24976" lon="19.81476">
        <ele>1036.56</ele>
      </trkpt>
      <trkpt lat="49.24991" lon="19.81477">
        <ele>1037.76</ele>
      </trkpt>
      <trkpt lat="49.25025" lon="19.81479">
        <ele>1034.67</ele>
      </trkpt>
      <trkpt lat="49.25046" lon="19.81476">
        <ele>1030.72</ele>
      </trkpt>
      <trkpt lat="49.25064" lon="19.81477">
        <ele>1026.29</ele>
      </trkpt>
      <trkpt lat="49.25083" lon="19.81481">
        <ele>1021.44</ele>
      </trkpt>
      <trkpt lat="49.25149" lon="19.81499">
        <ele>1016.12</ele>
      </trkpt>
      <trkpt lat="49.25232" lon="19.81522">
        <ele>1025.28</ele>
      </trkpt>
      <trkpt lat="49.25246" lon="19.81525">
        <ele>1026.91</ele>
      </trkpt>
      <trkpt lat="49.25246" lon="19.81525">
        <ele>1026.91</ele>
      </trkpt>
      <trkpt lat="49.25246" lon="19.81525">
        <ele>1026.91</ele>
      </trkpt>
      <trkpt lat="49.2526" lon="19.81528">
        <ele>1026.28</ele>
      </trkpt>
      <trkpt lat="49.25264" lon="19.81542">
        <ele>1025.73</ele>
      </trkpt>
      <trkpt lat="49.25275" lon="19.81558">
        <ele>1024.18</ele>
      </trkpt>
      <trkpt lat="49.25287" lon="19.81568">
        <ele>1021.82</ele>
      </trkpt>
      <trkpt lat="49.25303" lon="19.81577">
        <ele>1019.68</ele>
      </trkpt>
      <trkpt lat="49.25324" lon="19.81583">
        <ele>1021.3</ele>
      </trkpt>
      <trkpt lat="49.25346" lon="19.81582">
        <ele>1018.76</ele>
      </trkpt>
      <trkpt lat="49.25355" lon="19.81584">
        <ele>1016.56</ele>
      </trkpt>
      <trkpt lat="49.25361" lon="19.81595">
        <ele>1015.45</ele>
      </trkpt>
      <trkpt lat="49.25369" lon="19.81617">
        <ele>1015.61</ele>
      </trkpt>
      <trkpt lat="49.25371" lon="19.81632">
        <ele>1017.66</ele>
      </trkpt>
      <trkpt lat="49.2537" lon="19.81648">
        <ele>1019.11</ele>
      </trkpt>
      <trkpt lat="49.25371" lon="19.81668">
        <ele>1019.03</ele>
      </trkpt>
      <trkpt lat="49.25371" lon="19.81676">
        <ele>1020.01</ele>
      </trkpt>
      <trkpt lat="49.25373" lon="19.81683">
        <ele>1020.61</ele>
      </trkpt>
      <trkpt lat="49.25375" lon="19.81688">
        <ele>1021.07</ele>
      </trkpt>
      <trkpt lat="49.25377" lon="19.8169">
        <ele>1021.17</ele>
      </trkpt>
      <trkpt lat="49.25378" lon="19.8169">
        <ele>1021.07</ele>
      </trkpt>
      <trkpt lat="49.25381" lon="19.81691">
        <ele>1020.96</ele>
      </trkpt>
      <trkpt lat="49.25392" lon="19.81709">
        <ele>1020.91</ele>
      </trkpt>
      <trkpt lat="49.25395" lon="19.81713">
        <ele>1020.42</ele>
      </trkpt>
      <trkpt lat="49.25395" lon="19.81713">
        <ele>1020.42</ele>
      </trkpt>
      <trkpt lat="49.25395" lon="19.81713">
        <ele>1020.42</ele>
      </trkpt>
      <trkpt lat="49.25411" lon="19.81731">
        <ele>1018.49</ele>
      </trkpt>
      <trkpt lat="49.25424" lon="19.81752">
        <ele>1023.0</ele>
      </trkpt>
      <trkpt lat="49.25441" lon="19.81776">
        <ele>1033.14</ele>
      </trkpt>
      <trkpt lat="49.2545" lon="19.81803">
        <ele>1043.41</ele>
      </trkpt>
      <trkpt lat="49.25472" lon="19.81854">
        <ele>1050.74</ele>
      </trkpt>
      <trkpt lat="49.25488" lon="19.81885">
        <ele>1049.94</ele>
      </trkpt>
      <trkpt lat="49.25504" lon="19.81909">
        <ele>1056.43</ele>
      </trkpt>
      <trkpt lat="49.25515" lon="19.81924">
        <ele>1062.0</ele>
      </trkpt>
      <trkpt lat="49.25517" lon="19.81933">
        <ele>1063.82</ele>
      </trkpt>
      <trkpt lat="49.25536" lon="19.81958">
        <ele>1070.7</ele>
      </trkpt>
      <trkpt lat="49.25543" lon="19.81964">
        <ele>1072.66</ele>
      </trkpt>
      <trkpt lat="49.25551" lon="19.81977">
        <ele>1073.43</ele>
      </trkpt>
      <trkpt lat="49.25565" lon="19.81991">
        <ele>1075.93</ele>
      </trkpt>
      <trkpt lat="49.25592" lon="19.82029">
        <ele>1086.19</ele>
      </trkpt>
      <trkpt lat="49.25605" lon="19.82067">
        <ele>1087.98</ele>
      </trkpt>
      <trkpt lat="49.25606" lon="19.82089">
        <ele>1086.25</ele>
      </trkpt>
      <trkpt lat="49.25613" lon="19.8212">
        <ele>1086.75</ele>
      </trkpt>
      <trkpt lat="49.2562" lon="19.8214">
        <ele>1086.41</ele>
      </trkpt>
      <trkpt lat="49.25621" lon="19.82172">
        <ele>1089.28</ele>
      </trkpt>
      <trkpt lat="49.25625" lon="19.82191">
        <ele>1091.13</ele>
      </trkpt>
      <trkpt lat="49.25632" lon="19.82246">
        <ele>1097.27</ele>
      </trkpt>
      <trkpt lat="49.25634" lon="19.82277">
        <ele>1099.35</ele>
      </trkpt>
      <trkpt lat="49.2564" lon="19.8233">
        <ele>1109.58</ele>
      </trkpt>
      <trkpt lat="49.25652" lon="19.82402">
        <ele>1119.97</ele>
      </trkpt>
      <trkpt lat="49.25674" lon="19.82463">
        <ele>1119.01</ele>
      </trkpt>
      <trkpt lat="49.25676" lon="19.82478">
        <ele>1117.75</ele>
      </trkpt>
      <trkpt lat="49.25676" lon="19.82492">
        <ele>1116.4</ele>
      </trkpt>
      <trkpt lat="49.25672" lon="19.82503">
        <ele>1117.92</ele>
      </trkpt>
      <trkpt lat="49.25659" lon="19.82529">
        <ele>1129.44</ele>
      </trkpt>
      <trkpt lat="49.25655" lon="19.82538">
        <ele>1133.51</ele>
      </trkpt>
      <trkpt lat="49.25652" lon="19.8255">
        <ele>1137.19</ele>
      </trkpt>
      <trkpt lat="49.25654" lon="19.82561">
        <ele>1139.05</ele>
      </trkpt>
      <trkpt lat="49.25662" lon="19.82583">
        <ele>1144.86</ele>
      </trkpt>
      <trkpt lat="49.25674" lon="19.82577">
        <ele>1136.65</ele>
      </trkpt>
      <trkpt lat="49.25687" lon="19.8257">
        <ele>1129.19</ele>
      </trkpt>
      <trkpt lat="49.25703" lon="19.82565">
        <ele>1122.74</ele>
      </trkpt>
      <trkpt lat="49.25719" lon="19.82566">
        <ele>1117.6</ele>
      </trkpt>
      <trkpt lat="49.25757" lon="19.82578">
        <ele>1124.7</ele>
      </trkpt>
      <trkpt lat="49.25762" lon="19.82578">
        <ele>1125.86</ele>
      </trkpt>
      <trkpt lat="49.25767" lon="19.82586">
        <ele>1130.4</ele>
      </trkpt>
      <trkpt lat="49.2577" lon="19.82589">
        <ele>1132.43</ele>
      </trkpt>
      <trkpt lat="49.25783" lon="19.82601">
        <ele>1139.34</ele>
      </trkpt>
      <trkpt lat="49.25832" lon="19.82655">
        <ele>1150.96</ele>
      </trkpt>
      <trkpt lat="49.25838" lon="19.82657">
        <ele>1150.8</ele>
      </trkpt>
      <trkpt lat="49.25841" lon="19.8268">
        <ele>1156.8</ele>
      </trkpt>
      <trkpt lat="49.25848" lon="19.82688">
        <ele>1156.48</ele>
      </trkpt>
      <trkpt lat="49.25849" lon="19.82704">
        <ele>1159.08</ele>
      </trkpt>
      <trkpt lat="49.2586" lon="19.82757">
        <ele>1164.71</ele>
      </trkpt>
      <trkpt lat="49.25873" lon="19.82789">
        <ele>1171.84</ele>
      </trkpt>
      <trkpt lat="49.25883" lon="19.82806">
        <ele>1175.19</ele>
      </trkpt>
      <trkpt lat="49.25883" lon="19.82806">
        <ele>1175.19</ele>
      </trkpt>
      <trkpt lat="49.25883" lon="19.82806">
        <ele>1175.19</ele>
      </trkpt>
      <trkpt lat="49.25889" lon="19.82817">
        <ele>1176.88</ele>
      </trkpt>
      <trkpt lat="49.25903" lon="19.82838">
        <ele>1181.75</ele>
      </trkpt>
      <trkpt lat="49.25914" lon="19.82853">
        <ele>1184.55</ele>
      </trkpt>
      <trkpt lat="49.2592" lon="19.82869">
        <ele>1187.78</ele>
      </trkpt>
      <trkpt lat="49.25922" lon="19.82888">
        <ele>1191.66</ele>
      </trkpt>
      <trkpt lat="49.25923" lon="19.82907">
        <ele>1192.94</ele>
      </trkpt>
      <trkpt lat="49.25922" lon="19.82929">
        <ele>1195.52</ele>
      </trkpt>
      <trkpt lat="49.25919" lon="19.82959">
        <ele>1198.4</ele>
      </trkpt>
      <trkpt lat="49.25914" lon="19.82985">
        <ele>1199.75</ele>
      </trkpt>
      <trkpt lat="49.25908" lon="19.83004">
        <ele>1201.66</ele>
      </trkpt>
      <trkpt lat="49.25901" lon="19.83018">
        <ele>1204.93</ele>
      </trkpt>
      <trkpt lat="49.25886" lon="19.83032">
        <ele>1208.9</ele>
      </trkpt>
      <trkpt lat="49.25864" lon="19.83054">
        <ele>1213.57</ele>
      </trkpt>
      <trkpt lat="49.25848" lon="19.83092">
        <ele>1222.52</ele>
      </trkpt>
      <trkpt lat="49.25831" lon="19.83124">
        <ele>1229.02</ele>
      </trkpt>
      <trkpt lat="49.25757" lon="19.83218">
        <ele>1260.93</ele>
      </trkpt>
      <trkpt lat="49.25724" lon="19.83253">
        <ele>1267.04</ele>
      </trkpt>
      <trkpt lat="49.25694" lon="19.83289">
        <ele>1274.8</ele>
      </trkpt>
      <trkpt lat="49.25667" lon="19.83322">
        <ele>1285.86</ele>
      </trkpt>
      <trkpt lat="49.25654" lon="19.83334">
        <ele>1289.24</ele>
      </trkpt>
      <trkpt lat="49.25635" lon="19.83338">
        <ele>1294.5</ele>
      </trkpt>
      <trkpt lat="49.2562" lon="19.83345">
        <ele>1299.36</ele>
      </trkpt>
      <trkpt lat="49.25584" lon="19.83377">
        <ele>1310.52</ele>
      </trkpt>
      <trkpt lat="49.25573" lon="19.83381">
        <ele>1316.3</ele>
      </trkpt>
      <trkpt lat="49.25558" lon="19.83379">
        <ele>1325.22</ele>
      </trkpt>
      <trkpt lat="49.25549" lon="19.83375">
        <ele>1328.51</ele>
      </trkpt>
      <trkpt lat="49.2554" lon="19.8338">
        <ele>1331.34</ele>
      </trkpt>
      <trkpt lat="49.25525" lon="19.83394">
        <ele>1334.31</ele>
      </trkpt>
      <trkpt lat="49.25513" lon="19.83411">
        <ele>1332.78</ele>
      </trkpt>
      <trkpt lat="49.25501" lon="19.83421">
        <ele>1332.61</ele>
      </trkpt>
      <trkpt lat="49.25481" lon="19.83434">
        <ele>1331.23</ele>
      </trkpt>
      <trkpt lat="49.25461" lon="19.83455">
        <ele>1328.23</ele>
      </trkpt>
      <trkpt lat="49.25451" lon="19.83465">
        <ele>1327.3</ele>
      </trkpt>
      <trkpt lat="49.25445" lon="19.83475">
        <ele>1326.19</ele>
      </trkpt>
      <trkpt lat="49.25439" lon="19.83553">
        <ele>1305.78</ele>
      </trkpt>
      <trkpt lat="49.25434" lon="19.83609">
        <ele>1294.38</ele>
      </trkpt>
      <trkpt lat="49.25455" lon="19.83689">
        <ele>1274.19</ele>
      </trkpt>
      <trkpt lat="49.25473" lon="19.83727">
        <ele>1267.56</ele>
      </trkpt>
      <trkpt lat="49.25486" lon="19.83763">
        <ele>1261.85</ele>
      </trkpt>
      <trkpt lat="49.25499" lon="19.83818">
        <ele>1255.44</ele>
      </trkpt>
      <trkpt lat="49.25511" lon="19.8388">
        <ele>1240.18</ele>
      </trkpt>
      <trkpt lat="49.25512" lon="19.83909">
        <ele>1236.85</ele>
      </trkpt>
      <trkpt lat="49.25508" lon="19.83932">
        <ele>1237.48</ele>
      </trkpt>
      <trkpt lat="49.255" lon="19.83957">
        <ele>1240.55</ele>
      </trkpt>
      <trkpt lat="49.25511" lon="19.83976">
        <ele>1230.74</ele>
      </trkpt>
      <trkpt lat="49.25514" lon="19.83989">
        <ele>1226.81</ele>
      </trkpt>
      <trkpt lat="49.25515" lon="19.84011">
        <ele>1223.24</ele>
      </trkpt>
      <trkpt lat="49.25515" lon="19.84045">
        <ele>1218.96</ele>
      </trkpt>
      <trkpt lat="49.2551" lon="19.84065">
        <ele>1220.5</ele>
      </trkpt>
      <trkpt lat="49.25508" lon="19.84083">
        <ele>1220.43</ele>
      </trkpt>
      <trkpt lat="49.25513" lon="19.84095">
        <ele>1216.86</ele>
      </trkpt>
      <trkpt lat="49.25526" lon="19.84096">
        <ele>1213.12</ele>
      </trkpt>
      <trkpt lat="49.25534" lon="19.84086">
        <ele>1212.3</ele>
      </trkpt>
      <trkpt lat="49.25546" lon="19.84063">
        <ele>1206.66</ele>
      </trkpt>
      <trkpt lat="49.25553" lon="19.84059">
        <ele>1204.25</ele>
      </trkpt>
      <trkpt lat="49.25558" lon="19.84061">
        <ele>1203.35</ele>
      </trkpt>
      <trkpt lat="49.25572" lon="19.84099">
        <ele>1199.88</ele>
      </trkpt>
      <trkpt lat="49.25582" lon="19.84134">
        <ele>1188.46</ele>
      </trkpt>
      <trkpt lat="49.25584" lon="19.84158">
        <ele>1182.23</ele>
      </trkpt>
      <trkpt lat="49.25579" lon="19.84188">
        <ele>1174.5</ele>
      </trkpt>
      <trkpt lat="49.25573" lon="19.84212">
        <ele>1170.26</ele>
      </trkpt>
      <trkpt lat="49.25564" lon="19.84236">
        <ele>1166.57</ele>
      </trkpt>
      <trkpt lat="49.25549" lon="19.84255">
        <ele>1164.13</ele>
      </trkpt>
      <trkpt lat="49.25534" lon="19.84267">
        <ele>1164.02</ele>
      </trkpt>
      <trkpt lat="49.25519" lon="19.84283">
        <ele>1165.03</ele>
      </trkpt>
      <trkpt lat="49.25501" lon="19.84308">
        <ele>1166.1</ele>
      </trkpt>
      <trkpt lat="49.25489" lon="19.84357">
        <ele>1162.87</ele>
      </trkpt>
      <trkpt lat="49.25479" lon="19.84416">
        <ele>1159.91</ele>
      </trkpt>
      <trkpt lat="49.25473" lon="19.84444">
        <ele>1160.82</ele>
      </trkpt>
      <trkpt lat="49.2546" lon="19.84495">
        <ele>1157.04</ele>
      </trkpt>
      <trkpt lat="49.25444" lon="19.84545">
        <ele>1152.01</ele>
      </trkpt>
      <trkpt lat="49.25433" lon="19.84565">
        <ele>1150.64</ele>
      </trkpt>
      <trkpt lat="49.25422" lon="19.84579">
        <ele>1150.43</ele>
      </trkpt>
      <trkpt lat="49.25412" lon="19.84599">
        <ele>1148.25</ele>
      </trkpt>
      <trkpt lat="49.25411" lon="19.84616">
        <ele>1144.75</ele>
      </trkpt>
      <trkpt lat="49.25416" lon="19.8463">
        <ele>1140.79</ele>
      </trkpt>
      <trkpt lat="49.25425" lon="19.84653">
        <ele>1135.53</ele>
      </trkpt>
      <trkpt lat="49.2544" lon="19.8468">
        <ele>1129.44</ele>
      </trkpt>
      <trkpt lat="49.25465" lon="19.84709">
        <ele>1126.56</ele>
      </trkpt>
      <trkpt lat="49.25477" lon="19.84728">
        <ele>1126.37</ele>
      </trkpt>
      <trkpt lat="49.25484" lon="19.84756">
        <ele>1124.63</ele>
      </trkpt>
      <trkpt lat="49.25494" lon="19.84817">
        <ele>1120.68</ele>
      </trkpt>
      <trkpt lat="49.25497" lon="19.84855">
        <ele>1118.07</ele>
      </trkpt>
      <trkpt lat="49.25497" lon="19.84899">
        <ele>1115.53</ele>
      </trkpt>
      <trkpt lat="49.255" lon="19.84925">
        <ele>1114.4</ele>
      </trkpt>
      <trkpt lat="49.255" lon="19.84949">
        <ele>1112.67</ele>
      </trkpt>
      <trkpt lat="49.25494" lon="19.84995">
        <ele>1106.72</ele>
      </trkpt>
      <trkpt lat="49.25494" lon="19.84995">
        <ele>1106.72</ele>
      </trkpt>
      <trkpt lat="49.25494" lon="19.84995">
        <ele>1106.72</ele>
      </trkpt>
      <trkpt lat="49.25485" lon="19.85022">
        <ele>1101.5</ele>
      </trkpt>
      <trkpt lat="49.25471" lon="19.85042">
        <ele>1098.11</ele>
      </trkpt>
      <trkpt lat="49.25468" lon="19.85069">
        <ele>1099.35</ele>
      </trkpt>
      <trkpt lat="49.25476" lon="19.85087">
        <ele>1099.96</ele>
      </trkpt>
      <trkpt lat="49.25527" lon="19.8522">
        <ele>1087.52</ele>
      </trkpt>
      <trkpt lat="49.25541" lon="19.85252">
        <ele>1086.26</ele>
      </trkpt>
      <trkpt lat="49.25555" lon="19.85296">
        <ele>1081.95</ele>
      </trkpt>
      <trkpt lat="49.25574" lon="19.85344">
        <ele>1084.56</ele>
      </trkpt>
      <trkpt lat="49.25585" lon="19.85375">
        <ele>1089.12</ele>
      </trkpt>
      <trkpt lat="49.25597" lon="19.85398">
        <ele>1088.34</ele>
      </trkpt>
      <trkpt lat="49.25607" lon="19.85421">
        <ele>1086.0</ele>
      </trkpt>
      <trkpt lat="49.25616" lon="19.85448">
        <ele>1081.14</ele>
      </trkpt>
      <trkpt lat="49.25639" lon="19.85482">
        <ele>1078.67</ele>
      </trkpt>
      <trkpt lat="49.25658" lon="19.85498">
        <ele>1073.12</ele>
      </trkpt>
      <trkpt lat="49.25673" lon="19.85503">
        <ele>1068.64</ele>
      </trkpt>
      <trkpt lat="49.25698" lon="19.85494">
        <ele>1063.36</ele>
      </trkpt>
      <trkpt lat="49.25698" lon="19.85486">
        <ele>1063.5</ele>
      </trkpt>
      <trkpt lat="49.25699" lon="19.85466">
        <ele>1064.23</ele>
      </trkpt>
      <trkpt lat="49.25705" lon="19.85447">
        <ele>1064.93</ele>
      </trkpt>
      <trkpt lat="49.25717" lon="19.85422">
        <ele>1065.21</ele>
      </trkpt>
      <trkpt lat="49.25722" lon="19.85412">
        <ele>1065.37</ele>
      </trkpt>
      <trkpt lat="49.25726" lon="19.85411">
        <ele>1064.62</ele>
      </trkpt>
      <trkpt lat="49.2573" lon="19.85408">
        <ele>1063.87</ele>
      </trkpt>
      <trkpt lat="49.25732" lon="19.85402">
        <ele>1063.55</ele>
      </trkpt>
      <trkpt lat="49.25732" lon="19.85391">
        <ele>1063.79</ele>
      </trkpt>
      <trkpt lat="49.25733" lon="19.85388">
        <ele>1063.51</ele>
      </trkpt>
      <trkpt lat="49.25748" lon="19.85361">
        <ele>1058.66</ele>
      </trkpt>
      <trkpt lat="49.25766" lon="19.85342">
        <ele>1054.51</ele>
      </trkpt>
      <trkpt lat="49.25781" lon="19.85327">
        <ele>1049.04</ele>
      </trkpt>
      <trkpt lat="49.25811" lon="19.85306">
        <ele>1039.23</ele>
      </trkpt>
      <trkpt lat="49.25865" lon="19.85247">
        <ele>1033.5</ele>
      </trkpt>
      <trkpt lat="49.25918" lon="19.85195">
        <ele>1030.9</ele>
      </trkpt>
      <trkpt lat="49.25941" lon="19.85165">
        <ele>1034.43</ele>
      </trkpt>
      <trkpt lat="49.25946" lon="19.85155">
        <ele>1033.38</ele>
      </trkpt>
      <trkpt lat="49.25995" lon="19.85041">
        <ele>1025.68</ele>
      </trkpt>
      <trkpt lat="49.26036" lon="19.84973">
        <ele>1017.68</ele>
      </trkpt>
      <trkpt lat="49.26045" lon="19.84956">
        <ele>1017.54</ele>
      </trkpt>
      <trkpt lat="49.26056" lon="19.84927">
        <ele>1014.37</ele>
      </trkpt>
      <trkpt lat="49.26071" lon="19.84892">
        <ele>1012.85</ele>
      </trkpt>
      <trkpt lat="49.26092" lon="19.84846">
        <ele>1010.38</ele>
      </trkpt>
      <trkpt lat="49.26119" lon="19.84806">
        <ele>1011.95</ele>
      </trkpt>
      <trkpt lat="49.26177" lon="19.8469">
        <ele>1016.46</ele>
      </trkpt>
      <trkpt lat="49.2618" lon="19.84682">
        <ele>1018.57</ele>
      </trkpt>
      <trkpt lat="49.26185" lon="19.84677">
        <ele>1016.03</ele>
      </trkpt>
      <trkpt lat="49.26198" lon="19.84663">
        <ele>1007.3</ele>
      </trkpt>
      <trkpt lat="49.26208" lon="19.84655">
        <ele>1007.08</ele>
      </trkpt>
      <trkpt lat="49.26218" lon="19.84645">
        <ele>1003.18</ele>
      </trkpt>
      <trkpt lat="49.26233" lon="19.84629">
        <ele>1000.22</ele>
      </trkpt>
      <trkpt lat="49.26252" lon="19.84611">
        <ele>996.43</ele>
      </trkpt>
      <trkpt lat="49.26258" lon="19.84604">
        <ele>997.51</ele>
      </trkpt>
      <trkpt lat="49.26273" lon="19.84579">
        <ele>998.46</ele>
      </trkpt>
      <trkpt lat="49.26282" lon="19.8456">
        <ele>997.9</ele>
      </trkpt>
      <trkpt lat="49.26288" lon="19.84526">
        <ele>997.55</ele>
      </trkpt>
      <trkpt lat="49.26293" lon="19.84495">
        <ele>997.72</ele>
      </trkpt>
      <trkpt lat="49.263" lon="19.84475">
        <ele>998.4</ele>
      </trkpt>
      <trkpt lat="49.26309" lon="19.8446">
        <ele>999.43</ele>
      </trkpt>
      <trkpt lat="49.26333" lon="19.84441">
        <ele>1003.6</ele>
      </trkpt>
      <trkpt lat="49.26349" lon="19.84434">
        <ele>1002.48</ele>
      </trkpt>
      <trkpt lat="49.26374" lon="19.84433">
        <ele>999.93</ele>
      </trkpt>
      <trkpt lat="49.26392" lon="19.84431">
        <ele>997.67</ele>
      </trkpt>
      <trkpt lat="49.26402" lon="19.84428">
        <ele>994.06</ele>
      </trkpt>
      <trkpt lat="49.26415" lon="19.84424">
        <ele>990.21</ele>
      </trkpt>
      <trkpt lat="49.26426" lon="19.8442">
        <ele>988.85</ele>
      </trkpt>
      <trkpt lat="49.26453" lon="19.84425">
        <ele>985.32</ele>
      </trkpt>
      <trkpt lat="49.2647" lon="19.84424">
        <ele>987.23</ele>
      </trkpt>
      <trkpt lat="49.26481" lon="19.84422">
        <ele>986.53</ele>
      </trkpt>
      <trkpt lat="49.26499" lon="19.84416">
        <ele>984.31</ele>
      </trkpt>
      <trkpt lat="49.26518" lon="19.84404">
        <ele>980.47</ele>
      </trkpt>
      <trkpt lat="49.26579" lon="19.84362">
        <ele>979.9</ele>
      </trkpt>
      <trkpt lat="49.26609" lon="19.84337">
        <ele>981.8</ele>
      </trkpt>
      <trkpt lat="49.26643" lon="19.84317">
        <ele>982.09</ele>
      </trkpt>
      <trkpt lat="49.26697" lon="19.84294">
        <ele>978.85</ele>
      </trkpt>
      <trkpt lat="49.26756" lon="19.84274">
        <ele>972.3</ele>
      </trkpt>
      <trkpt lat="49.26789" lon="19.8427">
        <ele>963.52</ele>
      </trkpt>
      <trkpt lat="49.26819" lon="19.84264">
        <ele>964.91</ele>
      </trkpt>
      <trkpt lat="49.26902" lon="19.84239">
        <ele>977.42</ele>
      </trkpt>
      <trkpt lat="49.26947" lon="19.84235">
        <ele>970.46</ele>
      </trkpt>
      <trkpt lat="49.26983" lon="19.84237">
        <ele>975.05</ele>
      </trkpt>
      <trkpt lat="49.27004" lon="19.84238">
        <ele>978.97</ele>
      </trkpt>
      <trkpt lat="49.27019" lon="19.84244">
        <ele>977.48</ele>
      </trkpt>
      <trkpt lat="49.27033" lon="19.84252">
        <ele>976.31</ele>
      </trkpt>
      <trkpt lat="49.27069" lon="19.84283">
        <ele>974.98</ele>
      </trkpt>
      <trkpt lat="49.27099" lon="19.84325">
        <ele>968.77</ele>
      </trkpt>
      <trkpt lat="49.2712" lon="19.84366">
        <ele>965.6</ele>
      </trkpt>
      <trkpt lat="49.27131" lon="19.84382">
        <ele>966.75</ele>
      </trkpt>
      <trkpt lat="49.27147" lon="19.84397">
        <ele>968.99</ele>
      </trkpt>
      <trkpt lat="49.27195" lon="19.84475">
        <ele>966.4</ele>
      </trkpt>
      <trkpt lat="49.27247" lon="19.84544">
        <ele>963.46</ele>
      </trkpt>
      <trkpt lat="49.27318" lon="19.84624">
        <ele>967.9</ele>
      </trkpt>
      <trkpt lat="49.27374" lon="19.84684">
        <ele>955.84</ele>
      </trkpt>
      <trkpt lat="49.27405" lon="19.84716">
        <ele>950.77</ele>
      </trkpt>
      <trkpt lat="49.27449" lon="19.84735">
        <ele>956.03</ele>
      </trkpt>
      <trkpt lat="49.27471" lon="19.84748">
        <ele>955.27</ele>
      </trkpt>
      <trkpt lat="49.27489" lon="19.84771">
        <ele>956.35</ele>
      </trkpt>
      <trkpt lat="49.27548" lon="19.84808">
        <ele>956.46</ele>
      </trkpt>
      <trkpt lat="49.27583" lon="19.84858">
        <ele>947.13</ele>
      </trkpt>
      <trkpt lat="49.27608" lon="19.84889">
        <ele>943.68</ele>
      </trkpt>
      <trkpt lat="49.27647" lon="19.84931">
        <ele>961.28</ele>
      </trkpt>
      <trkpt lat="49.27679" lon="19.8495">
        <ele>955.24</ele>
      </trkpt>
      <trkpt lat="49.27698" lon="19.84958">
        <ele>949.54</ele>
      </trkpt>
      <trkpt lat="49.27727" lon="19.84968">
        <ele>939.87</ele>
      </trkpt>
      <trkpt lat="49.27755" lon="19.84984">
        <ele>929.26</ele>
      </trkpt>
      <trkpt lat="49.27765" lon="19.84989">
        <ele>927.89</ele>
      </trkpt>
      <trkpt lat="49.27766" lon="19.84983">
        <ele>928.33</ele>
      </trkpt>
      <trkpt lat="49.27766" lon="19.84976">
        <ele>928.94</ele>
      </trkpt>
      <trkpt lat="49.27774" lon="19.84978">
        <ele>927.96</ele>
      </trkpt>
      <trkpt lat="49.27775" lon="19.84969">
        <ele>928.89</ele>
      </trkpt>
      <trkpt lat="49.27777" lon="19.84964">
        <ele>929.57</ele>
      </trkpt>
      <trkpt lat="49.27781" lon="19.84921">
        <ele>936.35</ele>
      </trkpt>
      <trkpt lat="49.27784" lon="19.84887">
        <ele>940.67</ele>
      </trkpt>
      <trkpt lat="49.27791" lon="19.84868">
        <ele>939.27</ele>
      </trkpt>
      <trkpt lat="49.27794" lon="19.84864">
        <ele>938.37</ele>
      </trkpt>
      <trkpt lat="49.27796" lon="19.84859">
        <ele>937.88</ele>
      </trkpt>
      <trkpt lat="49.27795" lon="19.84848">
        <ele>938.7</ele>
      </trkpt>
      <trkpt lat="49.27797" lon="19.84834">
        <ele>938.81</ele>
      </trkpt>
      <trkpt lat="49.27796" lon="19.84817">
        <ele>939.63</ele>
      </trkpt>
      <trkpt lat="49.278" lon="19.84788">
        <ele>938.97</ele>
      </trkpt>
      <trkpt lat="49.27811" lon="19.84722">
        <ele>938.6</ele>
      </trkpt>
      <trkpt lat="49.27811" lon="19.84677">
        <ele>942.03</ele>
      </trkpt>
      <trkpt lat="49.27813" lon="19.84644">
        <ele>944.19</ele>
      </trkpt>
      <trkpt lat="49.27812" lon="19.84629">
        <ele>945.44</ele>
      </trkpt>
      <trkpt lat="49.27812" lon="19.84597">
        <ele>945.9</ele>
      </trkpt>
      <trkpt lat="49.27816" lon="19.84576">
        <ele>944.56</ele>
      </trkpt>
      <trkpt lat="49.27825" lon="19.84538">
        <ele>943.82</ele>
      </trkpt>
      <trkpt lat="49.27872" lon="19.84389">
        <ele>940.61</ele>
      </trkpt>
      <trkpt lat="49.27881" lon="19.84367">
        <ele>938.37</ele>
      </trkpt>
      <trkpt lat="49.27892" lon="19.84342">
        <ele>938.67</ele>
      </trkpt>
      <trkpt lat="49.27897" lon="19.84323">
        <ele>940.05</ele>
      </trkpt>
      <trkpt lat="49.27902" lon="19.84301">
        <ele>940.46</ele>
      </trkpt>
      <trkpt lat="49.27909" lon="19.84269">
        <ele>939.58</ele>
      </trkpt>
      <trkpt lat="49.27907" lon="19.8422">
        <ele>930.3</ele>
      </trkpt>
      <trkpt lat="49.27905" lon="19.84199">
        <ele>926.34</ele>
      </trkpt>
      <trkpt lat="49.27901" lon="19.84194">
        <ele>926.51</ele>
      </trkpt>
      <trkpt lat="49.27901" lon="19.84194">
        <ele>926.51</ele>
      </trkpt>
      <trkpt lat="49.27905" lon="19.84199">
        <ele>926.34</ele>
      </trkpt>
      <trkpt lat="49.2793" lon="19.84187">
        <ele>916.7</ele>
      </trkpt>
      <trkpt lat="49.27951" lon="19.84183">
        <ele>911.63</ele>
      </trkpt>
      <trkpt lat="49.27972" lon="19.84185">
        <ele>911.01</ele>
      </trkpt>
      <trkpt lat="49.27993" lon="19.842">
        <ele>912.8</ele>
      </trkpt>
      <trkpt lat="49.28009" lon="19.84219">
        <ele>914.3</ele>
      </trkpt>
      <trkpt lat="49.28023" lon="19.84237">
        <ele>917.58</ele>
      </trkpt>
      <trkpt lat="49.28036" lon="19.8425">
        <ele>916.52</ele>
      </trkpt>
      <trkpt lat="49.2805" lon="19.84259">
        <ele>914.58</ele>
      </trkpt>
      <trkpt lat="49.2808" lon="19.84272">
        <ele>910.18</ele>
      </trkpt>
      <trkpt lat="49.28106" lon="19.84275">
        <ele>906.62</ele>
      </trkpt>
      <trkpt lat="49.28125" lon="19.84266">
        <ele>903.36</ele>
      </trkpt>
      <trkpt lat="49.28138" lon="19.84263">
        <ele>901.08</ele>
      </trkpt>
      <trkpt lat="49.28158" lon="19.84266">
        <ele>902.53</ele>
      </trkpt>
      <trkpt lat="49.28173" lon="19.84267">
        <ele>904.14</ele>
      </trkpt>
      <trkpt lat="49.28194" lon="19.8426">
        <ele>906.66</ele>
      </trkpt>
      <trkpt lat="49.28207" lon="19.8425">
        <ele>907.81</ele>
      </trkpt>
      <trkpt lat="49.28207" lon="19.8425">
        <ele>907.81</ele>
      </trkpt>
      <trkpt lat="49.28207" lon="19.8425">
        <ele>907.81</ele>
      </trkpt>
      <trkpt lat="49.28253" lon="19.843">
        <ele>910.38</ele>
      </trkpt>
      <trkpt lat="49.28298" lon="19.8435">
        <ele>904.6</ele>
      </trkpt>
    </trkseg>
  </trk>
</gpx>
