<?xml version="1.0" encoding="UTF-8"?>
<gpx
  creator="LiveTrail"
  version="1.1"
  xmlns="http://www.topografix.com/GPX/1/1"
  xmlns:xsi="http://www.w3.org/2001/XMLSchema-instance"
  xsi:schemaLocation="http://www.topografix.com/GPX/1/1 https://www.topografix.com/GPX/1/1/gpx.xsd">
  <metadata>
    <name>LiveTrail Race</name>
    <bounds maxlat="45.861707" maxlon="7.81048" minlat="45.76136" minlon="7.867314"></bounds>
    <copyright author="LiveTrail®"></copyright>
    <link href="https://livetrail.run"></link>
  </metadata>
  <trk>
    <trkseg>
      <trkpt lat="45.77664" lon="7.8236">
        <ele>1383</ele>
        <extensions>
          <distance>0</distance>
        </extensions>
      </trkpt>
      <trkpt lat="45.77661" lon="7.82352">
        <ele>1383</ele>
        <extensions>
          <distance>7</distance>
        </extensions>
      </trkpt>
      <trkpt lat="45.7767975" lon="7.8234475">
        <ele>1383.5</ele>
        <extensions>
          <distance>29</distance>
        </extensions>
      </trkpt>
      <trkpt lat="45.776984999999996" lon="7.823375">
        <ele>1383</ele>
        <extensions>
          <distance>50</distance>
        </extensions>
      </trkpt>
      <trkpt lat="45.7771725" lon="7.8233025000000005">
        <ele>1383</ele>
        <extensions>
          <distance>72</distance>
        </extensions>
      </trkpt>
      <trkpt lat="45.77736" lon="7.82323">
        <ele>1383</ele>
        <extensions>
          <distance>93</distance>
        </extensions>
      </trkpt>
      <trkpt lat="45.777575" lon="7.82302">
        <ele>1382</ele>
        <extensions>
          <distance>122</distance>
        </extensions>
      </trkpt>
      <trkpt lat="45.77779" lon="7.82281">
        <ele>1382</ele>
        <extensions>
          <distance>151</distance>
        </extensions>
      </trkpt>
      <trkpt lat="45.77794" lon="7.8229">
        <ele>1382</ele>
        <extensions>
          <distance>169</distance>
        </extensions>
      </trkpt>
      <trkpt lat="45.77812" lon="7.82305">
        <ele>1382</ele>
        <extensions>
          <distance>193</distance>
        </extensions>
      </trkpt>
      <trkpt lat="45.7783" lon="7.8232">
        <ele>1382</ele>
        <extensions>
          <distance>216</distance>
        </extensions>
      </trkpt>
      <trkpt lat="45.778465" lon="7.823315">
        <ele>1383</ele>
        <extensions>
          <distance>236</distance>
        </extensions>
      </trkpt>
      <trkpt lat="45.77863" lon="7.82343">
        <ele>1385</ele>
        <extensions>
          <distance>257</distance>
        </extensions>
      </trkpt>
      <trkpt lat="45.77874" lon="7.823555">
        <ele>1387</ele>
        <extensions>
          <distance>272</distance>
        </extensions>
      </trkpt>
      <trkpt lat="45.77885" lon="7.8236799999999995">
        <ele>1388</ele>
        <extensions>
          <distance>288</distance>
        </extensions>
      </trkpt>
      <trkpt lat="45.77896" lon="7.823805">
        <ele>1389</ele>
        <extensions>
          <distance>303</distance>
        </extensions>
      </trkpt>
      <trkpt lat="45.77907" lon="7.82393">
        <ele>1390</ele>
        <extensions>
          <distance>319</distance>
        </extensions>
      </trkpt>
      <trkpt lat="45.7791" lon="7.82404">
        <ele>1390</ele>
        <extensions>
          <distance>328</distance>
        </extensions>
      </trkpt>
      <trkpt lat="45.77936" lon="7.82404">
        <ele>1392</ele>
        <extensions>
          <distance>357</distance>
        </extensions>
      </trkpt>
      <trkpt lat="45.779379999999996" lon="7.824285">
        <ele>1392</ele>
        <extensions>
          <distance>376</distance>
        </extensions>
      </trkpt>
      <trkpt lat="45.779399999999995" lon="7.82453">
        <ele>1392</ele>
        <extensions>
          <distance>396</distance>
        </extensions>
      </trkpt>
      <trkpt lat="45.77942" lon="7.824775000000001">
        <ele>1392</ele>
        <extensions>
          <distance>415</distance>
        </extensions>
      </trkpt>
      <trkpt lat="45.77944" lon="7.82502">
        <ele>1392</ele>
        <extensions>
          <distance>434</distance>
        </extensions>
      </trkpt>
      <trkpt lat="45.7792" lon="7.82513">
        <ele>1392</ele>
        <extensions>
          <distance>462</distance>
        </extensions>
      </trkpt>
      <trkpt lat="45.779065" lon="7.82518">
        <ele>1392</ele>
        <extensions>
          <distance>477</distance>
        </extensions>
      </trkpt>
      <trkpt lat="45.77893" lon="7.82523">
        <ele>1391</ele>
        <extensions>
          <distance>493</distance>
        </extensions>
      </trkpt>
      <trkpt lat="45.77897" lon="7.82535">
        <ele>1391</ele>
        <extensions>
          <distance>503</distance>
        </extensions>
      </trkpt>
      <trkpt lat="45.77873" lon="7.82551">
        <ele>1391</ele>
        <extensions>
          <distance>533</distance>
        </extensions>
      </trkpt>
      <trkpt lat="45.77874" lon="7.82583">
        <ele>1391</ele>
        <extensions>
          <distance>558</distance>
        </extensions>
      </trkpt>
      <trkpt lat="45.77875" lon="7.82615">
        <ele>1391</ele>
        <extensions>
          <distance>583</distance>
        </extensions>
      </trkpt>
      <trkpt lat="45.77857" lon="7.82621">
        <ele>1391</ele>
        <extensions>
          <distance>603</distance>
        </extensions>
      </trkpt>
      <trkpt lat="45.77839" lon="7.82627">
        <ele>1391</ele>
        <extensions>
          <distance>624</distance>
        </extensions>
      </trkpt>
      <trkpt lat="45.778365" lon="7.8260775">
        <ele>1390</ele>
        <extensions>
          <distance>639</distance>
        </extensions>
      </trkpt>
      <trkpt lat="45.77834" lon="7.8258849999999995">
        <ele>1390</ele>
        <extensions>
          <distance>654</distance>
        </extensions>
      </trkpt>
      <trkpt lat="45.778315" lon="7.8256925">
        <ele>1389</ele>
        <extensions>
          <distance>669</distance>
        </extensions>
      </trkpt>
      <trkpt lat="45.77829" lon="7.8255">
        <ele>1389</ele>
        <extensions>
          <distance>685</distance>
        </extensions>
      </trkpt>
      <trkpt lat="45.77814875" lon="7.825435">
        <ele>1388</ele>
        <extensions>
          <distance>701</distance>
        </extensions>
      </trkpt>
      <trkpt lat="45.7780075" lon="7.8253699999999995">
        <ele>1387</ele>
        <extensions>
          <distance>718</distance>
        </extensions>
      </trkpt>
      <trkpt lat="45.77786625" lon="7.825305">
        <ele>1386</ele>
        <extensions>
          <distance>734</distance>
        </extensions>
      </trkpt>
      <trkpt lat="45.777725000000004" lon="7.82524">
        <ele>1386</ele>
        <extensions>
          <distance>751</distance>
        </extensions>
      </trkpt>
      <trkpt lat="45.777583750000005" lon="7.825175">
        <ele>1386</ele>
        <extensions>
          <distance>767</distance>
        </extensions>
      </trkpt>
      <trkpt lat="45.77744250000001" lon="7.8251100000000005">
        <ele>1386</ele>
        <extensions>
          <distance>784</distance>
        </extensions>
      </trkpt>
      <trkpt lat="45.77730125000001" lon="7.825045">
        <ele>1386</ele>
        <extensions>
          <distance>800</distance>
        </extensions>
      </trkpt>
      <trkpt lat="45.77716" lon="7.82498">
        <ele>1386</ele>
        <extensions>
          <distance>816</distance>
        </extensions>
      </trkpt>
      <trkpt lat="45.777025" lon="7.824965">
        <ele>1386</ele>
        <extensions>
          <distance>832</distance>
        </extensions>
      </trkpt>
      <trkpt lat="45.77689" lon="7.824953">
        <ele>1386</ele>
        <extensions>
          <distance>847</distance>
        </extensions>
      </trkpt>
      <trkpt lat="45.7767" lon="7.82495">
        <ele>1386</ele>
        <extensions>
          <distance>868</distance>
        </extensions>
      </trkpt>
      <trkpt lat="45.776618" lon="7.824924">
        <ele>1386</ele>
        <extensions>
          <distance>877</distance>
        </extensions>
      </trkpt>
      <trkpt lat="45.776428" lon="7.824833">
        <ele>1386</ele>
        <extensions>
          <distance>899</distance>
        </extensions>
      </trkpt>
      <trkpt lat="45.776339" lon="7.824801">
        <ele>1386</ele>
        <extensions>
          <distance>910</distance>
        </extensions>
      </trkpt>
      <trkpt lat="45.776259" lon="7.824753">
        <ele>1386</ele>
        <extensions>
          <distance>919</distance>
        </extensions>
      </trkpt>
      <trkpt lat="45.776232" lon="7.824723">
        <ele>1386</ele>
        <extensions>
          <distance>923</distance>
        </extensions>
      </trkpt>
      <trkpt lat="45.775941" lon="7.824496">
        <ele>1386</ele>
        <extensions>
          <distance>960</distance>
        </extensions>
      </trkpt>
      <trkpt lat="45.775819999999996" lon="7.824395">
        <ele>1386</ele>
        <extensions>
          <distance>975</distance>
        </extensions>
      </trkpt>
      <trkpt lat="45.7757" lon="7.82429">
        <ele>1384</ele>
        <extensions>
          <distance>991</distance>
        </extensions>
      </trkpt>
      <trkpt lat="45.775549999999996" lon="7.82424">
        <ele>1383</ele>
        <extensions>
          <distance>1008</distance>
        </extensions>
      </trkpt>
      <trkpt lat="45.7754" lon="7.82419">
        <ele>1381</ele>
        <extensions>
          <distance>1025</distance>
        </extensions>
      </trkpt>
      <trkpt lat="45.7752325" lon="7.824185">
        <ele>1380</ele>
        <extensions>
          <distance>1044</distance>
        </extensions>
      </trkpt>
      <trkpt lat="45.775065" lon="7.82418">
        <ele>1380</ele>
        <extensions>
          <distance>1063</distance>
        </extensions>
      </trkpt>
      <trkpt lat="45.774897499999994" lon="7.824175">
        <ele>1380</ele>
        <extensions>
          <distance>1081</distance>
        </extensions>
      </trkpt>
      <trkpt lat="45.77473" lon="7.82417">
        <ele>1380</ele>
        <extensions>
          <distance>1100</distance>
        </extensions>
      </trkpt>
      <trkpt lat="45.774474999999995" lon="7.82427">
        <ele>1383</ele>
        <extensions>
          <distance>1129</distance>
        </extensions>
      </trkpt>
      <trkpt lat="45.77422" lon="7.82437">
        <ele>1384</ele>
        <extensions>
          <distance>1159</distance>
        </extensions>
      </trkpt>
      <trkpt lat="45.773965000000004" lon="7.82447">
        <ele>1384</ele>
        <extensions>
          <distance>1188</distance>
        </extensions>
      </trkpt>
      <trkpt lat="45.77371" lon="7.82457">
        <ele>1384</ele>
        <extensions>
          <distance>1217</distance>
        </extensions>
      </trkpt>
      <trkpt lat="45.77357000000001" lon="7.824695">
        <ele>1384</ele>
        <extensions>
          <distance>1236</distance>
        </extensions>
      </trkpt>
      <trkpt lat="45.773430000000005" lon="7.82482">
        <ele>1384</ele>
        <extensions>
          <distance>1254</distance>
        </extensions>
      </trkpt>
      <trkpt lat="45.77329" lon="7.824945">
        <ele>1383</ele>
        <extensions>
          <distance>1273</distance>
        </extensions>
      </trkpt>
      <trkpt lat="45.77315" lon="7.82507">
        <ele>1383</ele>
        <extensions>
          <distance>1291</distance>
        </extensions>
      </trkpt>
      <trkpt lat="45.77296" lon="7.8251">
        <ele>1382</ele>
        <extensions>
          <distance>1312</distance>
        </extensions>
      </trkpt>
      <trkpt lat="45.77277" lon="7.82513">
        <ele>1382</ele>
        <extensions>
          <distance>1333</distance>
        </extensions>
      </trkpt>
      <trkpt lat="45.7726325" lon="7.8252225">
        <ele>1382</ele>
        <extensions>
          <distance>1350</distance>
        </extensions>
      </trkpt>
      <trkpt lat="45.772495" lon="7.825315">
        <ele>1381</ele>
        <extensions>
          <distance>1367</distance>
        </extensions>
      </trkpt>
      <trkpt lat="45.7723575" lon="7.8254075">
        <ele>1381</ele>
        <extensions>
          <distance>1384</distance>
        </extensions>
      </trkpt>
      <trkpt lat="45.77222" lon="7.8255">
        <ele>1382</ele>
        <extensions>
          <distance>1401</distance>
        </extensions>
      </trkpt>
      <trkpt lat="45.77224" lon="7.825215">
        <ele>1382</ele>
        <extensions>
          <distance>1423</distance>
        </extensions>
      </trkpt>
      <trkpt lat="45.77226" lon="7.82493">
        <ele>1382</ele>
        <extensions>
          <distance>1446</distance>
        </extensions>
      </trkpt>
      <trkpt lat="45.77228" lon="7.824645">
        <ele>1384</ele>
        <extensions>
          <distance>1468</distance>
        </extensions>
      </trkpt>
      <trkpt lat="45.7723" lon="7.82436">
        <ele>1386</ele>
        <extensions>
          <distance>1490</distance>
        </extensions>
      </trkpt>
      <trkpt lat="45.77237" lon="7.82401">
        <ele>1390</ele>
        <extensions>
          <distance>1519</distance>
        </extensions>
      </trkpt>
      <trkpt lat="45.77244" lon="7.82366">
        <ele>1393</ele>
        <extensions>
          <distance>1547</distance>
        </extensions>
      </trkpt>
      <trkpt lat="45.772352500000004" lon="7.8233875">
        <ele>1395</ele>
        <extensions>
          <distance>1571</distance>
        </extensions>
      </trkpt>
      <trkpt lat="45.772265000000004" lon="7.823115">
        <ele>1397</ele>
        <extensions>
          <distance>1594</distance>
        </extensions>
      </trkpt>
      <trkpt lat="45.7721775" lon="7.8228425">
        <ele>1403</ele>
        <extensions>
          <distance>1618</distance>
        </extensions>
      </trkpt>
      <trkpt lat="45.77209" lon="7.82257">
        <ele>1410</ele>
        <extensions>
          <distance>1642</distance>
        </extensions>
      </trkpt>
      <trkpt lat="45.772025" lon="7.8223400000000005">
        <ele>1416</ele>
        <extensions>
          <distance>1663</distance>
        </extensions>
      </trkpt>
      <trkpt lat="45.77196" lon="7.82211">
        <ele>1423</ele>
        <extensions>
          <distance>1683</distance>
        </extensions>
      </trkpt>
      <trkpt lat="45.771775000000005" lon="7.822145000000001">
        <ele>1424</ele>
        <extensions>
          <distance>1704</distance>
        </extensions>
      </trkpt>
      <trkpt lat="45.77159" lon="7.82218">
        <ele>1424</ele>
        <extensions>
          <distance>1725</distance>
        </extensions>
      </trkpt>
      <trkpt lat="45.7714325" lon="7.822257500000001">
        <ele>1424</ele>
        <extensions>
          <distance>1743</distance>
        </extensions>
      </trkpt>
      <trkpt lat="45.771275" lon="7.822335000000001">
        <ele>1430</ele>
        <extensions>
          <distance>1762</distance>
        </extensions>
      </trkpt>
      <trkpt lat="45.7711175" lon="7.8224125">
        <ele>1430</ele>
        <extensions>
          <distance>1781</distance>
        </extensions>
      </trkpt>
      <trkpt lat="45.77096" lon="7.82249">
        <ele>1432</ele>
        <extensions>
          <distance>1799</distance>
        </extensions>
      </trkpt>
      <trkpt lat="45.770835000000005" lon="7.82239">
        <ele>1432</ele>
        <extensions>
          <distance>1815</distance>
        </extensions>
      </trkpt>
      <trkpt lat="45.77071" lon="7.82229">
        <ele>1433</ele>
        <extensions>
          <distance>1831</distance>
        </extensions>
      </trkpt>
      <trkpt lat="45.770565000000005" lon="7.822464999999999">
        <ele>1432</ele>
        <extensions>
          <distance>1852</distance>
        </extensions>
      </trkpt>
      <trkpt lat="45.77042" lon="7.82264">
        <ele>1432</ele>
        <extensions>
          <distance>1873</distance>
        </extensions>
      </trkpt>
      <trkpt lat="45.7702" lon="7.82271">
        <ele>1432</ele>
        <extensions>
          <distance>1898</distance>
        </extensions>
      </trkpt>
      <trkpt lat="45.77006" lon="7.8228349999999995">
        <ele>1433</ele>
        <extensions>
          <distance>1917</distance>
        </extensions>
      </trkpt>
      <trkpt lat="45.76992" lon="7.82296">
        <ele>1433</ele>
        <extensions>
          <distance>1935</distance>
        </extensions>
      </trkpt>
      <trkpt lat="45.769765" lon="7.8230225">
        <ele>1433</ele>
        <extensions>
          <distance>1953</distance>
        </extensions>
      </trkpt>
      <trkpt lat="45.76961" lon="7.823085000000001">
        <ele>1432</ele>
        <extensions>
          <distance>1971</distance>
        </extensions>
      </trkpt>
      <trkpt lat="45.769455" lon="7.823147500000001">
        <ele>1431</ele>
        <extensions>
          <distance>1989</distance>
        </extensions>
      </trkpt>
      <trkpt lat="45.7693" lon="7.82321">
        <ele>1442</ele>
        <extensions>
          <distance>2007</distance>
        </extensions>
      </trkpt>
      <trkpt lat="45.76914" lon="7.82341">
        <ele>1444</ele>
        <extensions>
          <distance>2030</distance>
        </extensions>
      </trkpt>
      <trkpt lat="45.76891" lon="7.82341">
        <ele>1446</ele>
        <extensions>
          <distance>2056</distance>
        </extensions>
      </trkpt>
      <trkpt lat="45.7687325" lon="7.823494999999999">
        <ele>1443</ele>
        <extensions>
          <distance>2077</distance>
        </extensions>
      </trkpt>
      <trkpt lat="45.768555" lon="7.82358">
        <ele>1443</ele>
        <extensions>
          <distance>2098</distance>
        </extensions>
      </trkpt>
      <trkpt lat="45.7683775" lon="7.823665">
        <ele>1443</ele>
        <extensions>
          <distance>2119</distance>
        </extensions>
      </trkpt>
      <trkpt lat="45.7682" lon="7.82375">
        <ele>1443</ele>
        <extensions>
          <distance>2140</distance>
        </extensions>
      </trkpt>
      <trkpt lat="45.7680225" lon="7.823835000000001">
        <ele>1441</ele>
        <extensions>
          <distance>2160</distance>
        </extensions>
      </trkpt>
      <trkpt lat="45.767845" lon="7.82392">
        <ele>1440</ele>
        <extensions>
          <distance>2181</distance>
        </extensions>
      </trkpt>
      <trkpt lat="45.7676675" lon="7.824005">
        <ele>1439</ele>
        <extensions>
          <distance>2202</distance>
        </extensions>
      </trkpt>
      <trkpt lat="45.76749" lon="7.82409">
        <ele>1435</ele>
        <extensions>
          <distance>2223</distance>
        </extensions>
      </trkpt>
      <trkpt lat="45.76734125" lon="7.8241975">
        <ele>1431</ele>
        <extensions>
          <distance>2242</distance>
        </extensions>
      </trkpt>
      <trkpt lat="45.76719250000001" lon="7.824305">
        <ele>1424</ele>
        <extensions>
          <distance>2262</distance>
        </extensions>
      </trkpt>
      <trkpt lat="45.767043750000006" lon="7.824412499999999">
        <ele>1421</ele>
        <extensions>
          <distance>2281</distance>
        </extensions>
      </trkpt>
      <trkpt lat="45.766895000000005" lon="7.82452">
        <ele>1421</ele>
        <extensions>
          <distance>2299</distance>
        </extensions>
      </trkpt>
      <trkpt lat="45.766746250000004" lon="7.8246275">
        <ele>1419</ele>
        <extensions>
          <distance>2318</distance>
        </extensions>
      </trkpt>
      <trkpt lat="45.7665975" lon="7.824735">
        <ele>1418</ele>
        <extensions>
          <distance>2336</distance>
        </extensions>
      </trkpt>
      <trkpt lat="45.76644875" lon="7.824842500000001">
        <ele>1417</ele>
        <extensions>
          <distance>2355</distance>
        </extensions>
      </trkpt>
      <trkpt lat="45.7663" lon="7.82495">
        <ele>1416</ele>
        <extensions>
          <distance>2373</distance>
        </extensions>
      </trkpt>
      <trkpt lat="45.76609" lon="7.82517">
        <ele>1406</ele>
        <extensions>
          <distance>2403</distance>
        </extensions>
      </trkpt>
      <trkpt lat="45.76602" lon="7.82529">
        <ele>1406</ele>
        <extensions>
          <distance>2416</distance>
        </extensions>
      </trkpt>
      <trkpt lat="45.766059999999996" lon="7.825505">
        <ele>1406</ele>
        <extensions>
          <distance>2433</distance>
        </extensions>
      </trkpt>
      <trkpt lat="45.7661" lon="7.82572">
        <ele>1406</ele>
        <extensions>
          <distance>2450</distance>
        </extensions>
      </trkpt>
      <trkpt lat="45.76611" lon="7.82583">
        <ele>1406</ele>
        <extensions>
          <distance>2459</distance>
        </extensions>
      </trkpt>
      <trkpt lat="45.766045" lon="7.826015">
        <ele>1419</ele>
        <extensions>
          <distance>2476</distance>
        </extensions>
      </trkpt>
      <trkpt lat="45.76598" lon="7.8262">
        <ele>1421</ele>
        <extensions>
          <distance>2492</distance>
        </extensions>
      </trkpt>
      <trkpt lat="45.76592" lon="7.82635">
        <ele>1423</ele>
        <extensions>
          <distance>2506</distance>
        </extensions>
      </trkpt>
      <trkpt lat="45.76589" lon="7.82639">
        <ele>1423</ele>
        <extensions>
          <distance>2510</distance>
        </extensions>
      </trkpt>
      <trkpt lat="45.7658" lon="7.82639">
        <ele>1424</ele>
        <extensions>
          <distance>2520</distance>
        </extensions>
      </trkpt>
      <trkpt lat="45.76572" lon="7.82635">
        <ele>1424</ele>
        <extensions>
          <distance>2530</distance>
        </extensions>
      </trkpt>
      <trkpt lat="45.765575" lon="7.8261199999999995">
        <ele>1426</ele>
        <extensions>
          <distance>2554</distance>
        </extensions>
      </trkpt>
      <trkpt lat="45.76543" lon="7.82589">
        <ele>1427</ele>
        <extensions>
          <distance>2578</distance>
        </extensions>
      </trkpt>
      <trkpt lat="45.76539" lon="7.82581">
        <ele>1428</ele>
        <extensions>
          <distance>2586</distance>
        </extensions>
      </trkpt>
      <trkpt lat="45.76535" lon="7.82576">
        <ele>1428</ele>
        <extensions>
          <distance>2592</distance>
        </extensions>
      </trkpt>
      <trkpt lat="45.76531" lon="7.82574">
        <ele>1429</ele>
        <extensions>
          <distance>2596</distance>
        </extensions>
      </trkpt>
      <trkpt lat="45.76526" lon="7.82574">
        <ele>1430</ele>
        <extensions>
          <distance>2602</distance>
        </extensions>
      </trkpt>
      <trkpt lat="45.76521" lon="7.82577">
        <ele>1430</ele>
        <extensions>
          <distance>2608</distance>
        </extensions>
      </trkpt>
      <trkpt lat="45.765155" lon="7.825985">
        <ele>1430</ele>
        <extensions>
          <distance>2626</distance>
        </extensions>
      </trkpt>
      <trkpt lat="45.7651" lon="7.8262">
        <ele>1430</ele>
        <extensions>
          <distance>2644</distance>
        </extensions>
      </trkpt>
      <trkpt lat="45.76503" lon="7.82643">
        <ele>1431</ele>
        <extensions>
          <distance>2663</distance>
        </extensions>
      </trkpt>
      <trkpt lat="45.76499" lon="7.82661">
        <ele>1431</ele>
        <extensions>
          <distance>2678</distance>
        </extensions>
      </trkpt>
      <trkpt lat="45.764945" lon="7.826879999999999">
        <ele>1431</ele>
        <extensions>
          <distance>2699</distance>
        </extensions>
      </trkpt>
      <trkpt lat="45.7649" lon="7.82715">
        <ele>1434</ele>
        <extensions>
          <distance>2721</distance>
        </extensions>
      </trkpt>
      <trkpt lat="45.76486" lon="7.8272">
        <ele>1435</ele>
        <extensions>
          <distance>2727</distance>
        </extensions>
      </trkpt>
      <trkpt lat="45.76481" lon="7.82721">
        <ele>1436</ele>
        <extensions>
          <distance>2733</distance>
        </extensions>
      </trkpt>
      <trkpt lat="45.76476" lon="7.82718">
        <ele>1437</ele>
        <extensions>
          <distance>2739</distance>
        </extensions>
      </trkpt>
      <trkpt lat="45.76468" lon="7.82709">
        <ele>1438</ele>
        <extensions>
          <distance>2750</distance>
        </extensions>
      </trkpt>
      <trkpt lat="45.764655" lon="7.82688">
        <ele>1439</ele>
        <extensions>
          <distance>2767</distance>
        </extensions>
      </trkpt>
      <trkpt lat="45.76463" lon="7.82667">
        <ele>1439</ele>
        <extensions>
          <distance>2783</distance>
        </extensions>
      </trkpt>
      <trkpt lat="45.764605" lon="7.8263549999999995">
        <ele>1439</ele>
        <extensions>
          <distance>2808</distance>
        </extensions>
      </trkpt>
      <trkpt lat="45.76458" lon="7.82604">
        <ele>1439</ele>
        <extensions>
          <distance>2833</distance>
        </extensions>
      </trkpt>
      <trkpt lat="45.76454" lon="7.82582">
        <ele>1439</ele>
        <extensions>
          <distance>2850</distance>
        </extensions>
      </trkpt>
      <trkpt lat="45.76453" lon="7.82563">
        <ele>1441</ele>
        <extensions>
          <distance>2865</distance>
        </extensions>
      </trkpt>
      <trkpt lat="45.76449" lon="7.8255">
        <ele>1443</ele>
        <extensions>
          <distance>2876</distance>
        </extensions>
      </trkpt>
      <trkpt lat="45.76439" lon="7.82541">
        <ele>1447</ele>
        <extensions>
          <distance>2890</distance>
        </extensions>
      </trkpt>
      <trkpt lat="45.76433" lon="7.82539">
        <ele>1449</ele>
        <extensions>
          <distance>2897</distance>
        </extensions>
      </trkpt>
      <trkpt lat="45.76427" lon="7.82542">
        <ele>1450</ele>
        <extensions>
          <distance>2904</distance>
        </extensions>
      </trkpt>
      <trkpt lat="45.76421" lon="7.82552">
        <ele>1450</ele>
        <extensions>
          <distance>2915</distance>
        </extensions>
      </trkpt>
      <trkpt lat="45.76414" lon="7.8257200000000005">
        <ele>1450</ele>
        <extensions>
          <distance>2932</distance>
        </extensions>
      </trkpt>
      <trkpt lat="45.76407" lon="7.82592">
        <ele>1450</ele>
        <extensions>
          <distance>2949</distance>
        </extensions>
      </trkpt>
      <trkpt lat="45.76402" lon="7.82616">
        <ele>1452</ele>
        <extensions>
          <distance>2969</distance>
        </extensions>
      </trkpt>
      <trkpt lat="45.764" lon="7.82616">
        <ele>1453</ele>
        <extensions>
          <distance>2971</distance>
        </extensions>
      </trkpt>
      <trkpt lat="45.76397" lon="7.826445">
        <ele>1454</ele>
        <extensions>
          <distance>2994</distance>
        </extensions>
      </trkpt>
      <trkpt lat="45.76394" lon="7.82673">
        <ele>1455</ele>
        <extensions>
          <distance>3016</distance>
        </extensions>
      </trkpt>
      <trkpt lat="45.763760000000005" lon="7.826818750000001">
        <ele>1457</ele>
        <extensions>
          <distance>3037</distance>
        </extensions>
      </trkpt>
      <trkpt lat="45.763580000000005" lon="7.826907500000001">
        <ele>1458</ele>
        <extensions>
          <distance>3059</distance>
        </extensions>
      </trkpt>
      <trkpt lat="45.763400000000004" lon="7.8269962500000005">
        <ele>1458</ele>
        <extensions>
          <distance>3080</distance>
        </extensions>
      </trkpt>
      <trkpt lat="45.763220000000004" lon="7.827085">
        <ele>1459</ele>
        <extensions>
          <distance>3101</distance>
        </extensions>
      </trkpt>
      <trkpt lat="45.763040000000004" lon="7.82717375">
        <ele>1461</ele>
        <extensions>
          <distance>3122</distance>
        </extensions>
      </trkpt>
      <trkpt lat="45.76286" lon="7.8272625">
        <ele>1463</ele>
        <extensions>
          <distance>3143</distance>
        </extensions>
      </trkpt>
      <trkpt lat="45.76268" lon="7.8273512499999995">
        <ele>1465</ele>
        <extensions>
          <distance>3165</distance>
        </extensions>
      </trkpt>
      <trkpt lat="45.7625" lon="7.82744">
        <ele>1466</ele>
        <extensions>
          <distance>3186</distance>
        </extensions>
      </trkpt>
      <trkpt lat="45.76228" lon="7.82758">
        <ele>1466</ele>
        <extensions>
          <distance>3213</distance>
        </extensions>
      </trkpt>
      <trkpt lat="45.76216" lon="7.82751">
        <ele>1466</ele>
        <extensions>
          <distance>3227</distance>
        </extensions>
      </trkpt>
      <trkpt lat="45.76201" lon="7.82765">
        <ele>1466</ele>
        <extensions>
          <distance>3247</distance>
        </extensions>
      </trkpt>
      <trkpt lat="45.7620675" lon="7.827942500000001">
        <ele>1462</ele>
        <extensions>
          <distance>3271</distance>
        </extensions>
      </trkpt>
      <trkpt lat="45.762125" lon="7.828235">
        <ele>1458</ele>
        <extensions>
          <distance>3295</distance>
        </extensions>
      </trkpt>
      <trkpt lat="45.762182499999994" lon="7.8285275">
        <ele>1454</ele>
        <extensions>
          <distance>3319</distance>
        </extensions>
      </trkpt>
      <trkpt lat="45.76224" lon="7.82882">
        <ele>1450</ele>
        <extensions>
          <distance>3343</distance>
        </extensions>
      </trkpt>
      <trkpt lat="45.762355" lon="7.8290500000000005">
        <ele>1446</ele>
        <extensions>
          <distance>3365</distance>
        </extensions>
      </trkpt>
      <trkpt lat="45.76247" lon="7.82928">
        <ele>1442</ele>
        <extensions>
          <distance>3387</distance>
        </extensions>
      </trkpt>
      <trkpt lat="45.762535" lon="7.8295449999999995">
        <ele>1437</ele>
        <extensions>
          <distance>3410</distance>
        </extensions>
      </trkpt>
      <trkpt lat="45.7626" lon="7.82981">
        <ele>1432</ele>
        <extensions>
          <distance>3432</distance>
        </extensions>
      </trkpt>
      <trkpt lat="45.76277" lon="7.82995">
        <ele>1428</ele>
        <extensions>
          <distance>3454</distance>
        </extensions>
      </trkpt>
      <trkpt lat="45.76272" lon="7.82996">
        <ele>1428</ele>
        <extensions>
          <distance>3460</distance>
        </extensions>
      </trkpt>
      <trkpt lat="45.76273" lon="7.83004">
        <ele>1427</ele>
        <extensions>
          <distance>3466</distance>
        </extensions>
      </trkpt>
      <trkpt lat="45.76259" lon="7.830165">
        <ele>1427</ele>
        <extensions>
          <distance>3484</distance>
        </extensions>
      </trkpt>
      <trkpt lat="45.76245" lon="7.83029">
        <ele>1427</ele>
        <extensions>
          <distance>3503</distance>
        </extensions>
      </trkpt>
      <trkpt lat="45.762344999999996" lon="7.83042">
        <ele>1427</ele>
        <extensions>
          <distance>3518</distance>
        </extensions>
      </trkpt>
      <trkpt lat="45.76224" lon="7.83055">
        <ele>1427</ele>
        <extensions>
          <distance>3534</distance>
        </extensions>
      </trkpt>
      <trkpt lat="45.762105" lon="7.83067">
        <ele>1425</ele>
        <extensions>
          <distance>3551</distance>
        </extensions>
      </trkpt>
      <trkpt lat="45.76197" lon="7.83079">
        <ele>1423</ele>
        <extensions>
          <distance>3569</distance>
        </extensions>
      </trkpt>
      <trkpt lat="45.76179" lon="7.83098">
        <ele>1420</ele>
        <extensions>
          <distance>3594</distance>
        </extensions>
      </trkpt>
      <trkpt lat="45.76163" lon="7.83113">
        <ele>1416</ele>
        <extensions>
          <distance>3616</distance>
        </extensions>
      </trkpt>
      <trkpt lat="45.761495" lon="7.831455">
        <ele>1410</ele>
        <extensions>
          <distance>3646</distance>
        </extensions>
      </trkpt>
      <trkpt lat="45.76136" lon="7.83178">
        <ele>1404</ele>
        <extensions>
          <distance>3676</distance>
        </extensions>
      </trkpt>
      <trkpt lat="45.76136375" lon="7.8320025">
        <ele>1402</ele>
        <extensions>
          <distance>3693</distance>
        </extensions>
      </trkpt>
      <trkpt lat="45.761367500000006" lon="7.832225">
        <ele>1400</ele>
        <extensions>
          <distance>3711</distance>
        </extensions>
      </trkpt>
      <trkpt lat="45.76137125" lon="7.832447500000001">
        <ele>1397</ele>
        <extensions>
          <distance>3728</distance>
        </extensions>
      </trkpt>
      <trkpt lat="45.761375" lon="7.83267">
        <ele>1394</ele>
        <extensions>
          <distance>3746</distance>
        </extensions>
      </trkpt>
      <trkpt lat="45.76137875" lon="7.8328925">
        <ele>1389</ele>
        <extensions>
          <distance>3764</distance>
        </extensions>
      </trkpt>
      <trkpt lat="45.761382499999996" lon="7.833115">
        <ele>1385</ele>
        <extensions>
          <distance>3782</distance>
        </extensions>
      </trkpt>
      <trkpt lat="45.76138625" lon="7.833337500000001">
        <ele>1382</ele>
        <extensions>
          <distance>3799</distance>
        </extensions>
      </trkpt>
      <trkpt lat="45.76139" lon="7.83356">
        <ele>1379</ele>
        <extensions>
          <distance>3817</distance>
        </extensions>
      </trkpt>
      <trkpt lat="45.761375" lon="7.8337900000000005">
        <ele>1376</ele>
        <extensions>
          <distance>3835</distance>
        </extensions>
      </trkpt>
      <trkpt lat="45.76136" lon="7.83402">
        <ele>1376</ele>
        <extensions>
          <distance>3853</distance>
        </extensions>
      </trkpt>
      <trkpt lat="45.76151" lon="7.83409">
        <ele>1376</ele>
        <extensions>
          <distance>3871</distance>
        </extensions>
      </trkpt>
      <trkpt lat="45.7617125" lon="7.834099999999999">
        <ele>1376</ele>
        <extensions>
          <distance>3893</distance>
        </extensions>
      </trkpt>
      <trkpt lat="45.761915" lon="7.83411">
        <ele>1375</ele>
        <extensions>
          <distance>3916</distance>
        </extensions>
      </trkpt>
      <trkpt lat="45.7621175" lon="7.83412">
        <ele>1375</ele>
        <extensions>
          <distance>3938</distance>
        </extensions>
      </trkpt>
      <trkpt lat="45.76232" lon="7.83413">
        <ele>1375</ele>
        <extensions>
          <distance>3961</distance>
        </extensions>
      </trkpt>
      <trkpt lat="45.76256" lon="7.8341575">
        <ele>1373</ele>
        <extensions>
          <distance>3987</distance>
        </extensions>
      </trkpt>
      <trkpt lat="45.7628" lon="7.834185">
        <ele>1373</ele>
        <extensions>
          <distance>4014</distance>
        </extensions>
      </trkpt>
      <trkpt lat="45.763040000000004" lon="7.8342125">
        <ele>1373</ele>
        <extensions>
          <distance>4041</distance>
        </extensions>
      </trkpt>
      <trkpt lat="45.76328" lon="7.83424">
        <ele>1373</ele>
        <extensions>
          <distance>4068</distance>
        </extensions>
      </trkpt>
      <trkpt lat="45.763455" lon="7.83423">
        <ele>1373</ele>
        <extensions>
          <distance>4087</distance>
        </extensions>
      </trkpt>
      <trkpt lat="45.76363" lon="7.83422">
        <ele>1373</ele>
        <extensions>
          <distance>4107</distance>
        </extensions>
      </trkpt>
      <trkpt lat="45.763805" lon="7.834210000000001">
        <ele>1373</ele>
        <extensions>
          <distance>4126</distance>
        </extensions>
      </trkpt>
      <trkpt lat="45.76398" lon="7.8342">
        <ele>1373</ele>
        <extensions>
          <distance>4146</distance>
        </extensions>
      </trkpt>
      <trkpt lat="45.7641725" lon="7.834115000000001">
        <ele>1373</ele>
        <extensions>
          <distance>4168</distance>
        </extensions>
      </trkpt>
      <trkpt lat="45.764365" lon="7.83403">
        <ele>1373</ele>
        <extensions>
          <distance>4190</distance>
        </extensions>
      </trkpt>
      <trkpt lat="45.764557499999995" lon="7.833945">
        <ele>1373</ele>
        <extensions>
          <distance>4213</distance>
        </extensions>
      </trkpt>
      <trkpt lat="45.76475" lon="7.83386">
        <ele>1373</ele>
        <extensions>
          <distance>4235</distance>
        </extensions>
      </trkpt>
      <trkpt lat="45.764970000000005" lon="7.8337275">
        <ele>1373</ele>
        <extensions>
          <distance>4262</distance>
        </extensions>
      </trkpt>
      <trkpt lat="45.765190000000004" lon="7.833595">
        <ele>1374</ele>
        <extensions>
          <distance>4288</distance>
        </extensions>
      </trkpt>
      <trkpt lat="45.76541" lon="7.8334624999999996">
        <ele>1375</ele>
        <extensions>
          <distance>4315</distance>
        </extensions>
      </trkpt>
      <trkpt lat="45.76563" lon="7.83333">
        <ele>1375</ele>
        <extensions>
          <distance>4341</distance>
        </extensions>
      </trkpt>
      <trkpt lat="45.76579" lon="7.8332375">
        <ele>1375</ele>
        <extensions>
          <distance>4361</distance>
        </extensions>
      </trkpt>
      <trkpt lat="45.765950000000004" lon="7.833145">
        <ele>1375</ele>
        <extensions>
          <distance>4380</distance>
        </extensions>
      </trkpt>
      <trkpt lat="45.76611" lon="7.8330525">
        <ele>1374</ele>
        <extensions>
          <distance>4399</distance>
        </extensions>
      </trkpt>
      <trkpt lat="45.76627" lon="7.83296">
        <ele>1374</ele>
        <extensions>
          <distance>4418</distance>
        </extensions>
      </trkpt>
      <trkpt lat="45.766345" lon="7.8331475">
        <ele>1374</ele>
        <extensions>
          <distance>4435</distance>
        </extensions>
      </trkpt>
      <trkpt lat="45.76642" lon="7.833335">
        <ele>1374</ele>
        <extensions>
          <distance>4452</distance>
        </extensions>
      </trkpt>
      <trkpt lat="45.766495" lon="7.8335225">
        <ele>1375</ele>
        <extensions>
          <distance>4468</distance>
        </extensions>
      </trkpt>
      <trkpt lat="45.76657" lon="7.83371">
        <ele>1376</ele>
        <extensions>
          <distance>4485</distance>
        </extensions>
      </trkpt>
      <trkpt lat="45.7666625" lon="7.833985">
        <ele>1376</ele>
        <extensions>
          <distance>4509</distance>
        </extensions>
      </trkpt>
      <trkpt lat="45.766755" lon="7.8342600000000004">
        <ele>1378</ele>
        <extensions>
          <distance>4533</distance>
        </extensions>
      </trkpt>
      <trkpt lat="45.7668475" lon="7.834535000000001">
        <ele>1379</ele>
        <extensions>
          <distance>4557</distance>
        </extensions>
      </trkpt>
      <trkpt lat="45.76694" lon="7.83481">
        <ele>1380</ele>
        <extensions>
          <distance>4580</distance>
        </extensions>
      </trkpt>
      <trkpt lat="45.76678" lon="7.83493">
        <ele>1381</ele>
        <extensions>
          <distance>4600</distance>
        </extensions>
      </trkpt>
      <trkpt lat="45.766875" lon="7.83519">
        <ele>1381</ele>
        <extensions>
          <distance>4623</distance>
        </extensions>
      </trkpt>
      <trkpt lat="45.76697" lon="7.83545">
        <ele>1382</ele>
        <extensions>
          <distance>4646</distance>
        </extensions>
      </trkpt>
      <trkpt lat="45.7671475" lon="7.8353025">
        <ele>1384</ele>
        <extensions>
          <distance>4669</distance>
        </extensions>
      </trkpt>
      <trkpt lat="45.767325" lon="7.835155">
        <ele>1385</ele>
        <extensions>
          <distance>4692</distance>
        </extensions>
      </trkpt>
      <trkpt lat="45.7675025" lon="7.8350075">
        <ele>1385</ele>
        <extensions>
          <distance>4715</distance>
        </extensions>
      </trkpt>
      <trkpt lat="45.76768" lon="7.83486">
        <ele>1385</ele>
        <extensions>
          <distance>4737</distance>
        </extensions>
      </trkpt>
      <trkpt lat="45.76781" lon="7.834735">
        <ele>1385</ele>
        <extensions>
          <distance>4755</distance>
        </extensions>
      </trkpt>
      <trkpt lat="45.767939999999996" lon="7.83461">
        <ele>1383</ele>
        <extensions>
          <distance>4772</distance>
        </extensions>
      </trkpt>
      <trkpt lat="45.768069999999994" lon="7.834485">
        <ele>1383</ele>
        <extensions>
          <distance>4790</distance>
        </extensions>
      </trkpt>
      <trkpt lat="45.7682" lon="7.83436">
        <ele>1383</ele>
        <extensions>
          <distance>4807</distance>
        </extensions>
      </trkpt>
      <trkpt lat="45.768415000000005" lon="7.834325">
        <ele>1383</ele>
        <extensions>
          <distance>4831</distance>
        </extensions>
      </trkpt>
      <trkpt lat="45.76863" lon="7.83429">
        <ele>1384</ele>
        <extensions>
          <distance>4855</distance>
        </extensions>
      </trkpt>
      <trkpt lat="45.76884" lon="7.83416">
        <ele>1384</ele>
        <extensions>
          <distance>4881</distance>
        </extensions>
      </trkpt>
      <trkpt lat="45.768969999999996" lon="7.8340025">
        <ele>1384</ele>
        <extensions>
          <distance>4900</distance>
        </extensions>
      </trkpt>
      <trkpt lat="45.769099999999995" lon="7.833845">
        <ele>1385</ele>
        <extensions>
          <distance>4919</distance>
        </extensions>
      </trkpt>
      <trkpt lat="45.76922999999999" lon="7.8336875">
        <ele>1385</ele>
        <extensions>
          <distance>4937</distance>
        </extensions>
      </trkpt>
      <trkpt lat="45.76936" lon="7.83353">
        <ele>1385</ele>
        <extensions>
          <distance>4956</distance>
        </extensions>
      </trkpt>
      <trkpt lat="45.76948" lon="7.8333575">
        <ele>1385</ele>
        <extensions>
          <distance>4975</distance>
        </extensions>
      </trkpt>
      <trkpt lat="45.7696" lon="7.833185">
        <ele>1385</ele>
        <extensions>
          <distance>4994</distance>
        </extensions>
      </trkpt>
      <trkpt lat="45.76972" lon="7.833012500000001">
        <ele>1385</ele>
        <extensions>
          <distance>5013</distance>
        </extensions>
      </trkpt>
      <trkpt lat="45.76984" lon="7.83284">
        <ele>1385</ele>
        <extensions>
          <distance>5032</distance>
        </extensions>
      </trkpt>
      <trkpt lat="45.7699525" lon="7.832727500000001">
        <ele>1385</ele>
        <extensions>
          <distance>5047</distance>
        </extensions>
      </trkpt>
      <trkpt lat="45.770065" lon="7.8326150000000005">
        <ele>1385</ele>
        <extensions>
          <distance>5063</distance>
        </extensions>
      </trkpt>
      <trkpt lat="45.7701775" lon="7.8325025">
        <ele>1385</ele>
        <extensions>
          <distance>5078</distance>
        </extensions>
      </trkpt>
      <trkpt lat="45.77029" lon="7.83239">
        <ele>1387</ele>
        <extensions>
          <distance>5093</distance>
        </extensions>
      </trkpt>
      <trkpt lat="45.77038" lon="7.8322325">
        <ele>1388</ele>
        <extensions>
          <distance>5109</distance>
        </extensions>
      </trkpt>
      <trkpt lat="45.77047" lon="7.832075">
        <ele>1388</ele>
        <extensions>
          <distance>5125</distance>
        </extensions>
      </trkpt>
      <trkpt lat="45.77056" lon="7.831917499999999">
        <ele>1389</ele>
        <extensions>
          <distance>5141</distance>
        </extensions>
      </trkpt>
      <trkpt lat="45.77065" lon="7.83176">
        <ele>1389</ele>
        <extensions>
          <distance>5156</distance>
        </extensions>
      </trkpt>
      <trkpt lat="45.770835000000005" lon="7.8316675">
        <ele>1390</ele>
        <extensions>
          <distance>5178</distance>
        </extensions>
      </trkpt>
      <trkpt lat="45.77102" lon="7.831575">
        <ele>1392</ele>
        <extensions>
          <distance>5200</distance>
        </extensions>
      </trkpt>
      <trkpt lat="45.771204999999995" lon="7.8314825">
        <ele>1393</ele>
        <extensions>
          <distance>5222</distance>
        </extensions>
      </trkpt>
      <trkpt lat="45.77139" lon="7.83139">
        <ele>1393</ele>
        <extensions>
          <distance>5244</distance>
        </extensions>
      </trkpt>
      <trkpt lat="45.771633" lon="7.831432">
        <ele>1397</ele>
        <extensions>
          <distance>5271</distance>
        </extensions>
      </trkpt>
      <trkpt lat="45.771714" lon="7.831447">
        <ele>1399</ele>
        <extensions>
          <distance>5280</distance>
        </extensions>
      </trkpt>
      <trkpt lat="45.771811" lon="7.83145">
        <ele>1400</ele>
        <extensions>
          <distance>5291</distance>
        </extensions>
      </trkpt>
      <trkpt lat="45.771881" lon="7.831421">
        <ele>1400</ele>
        <extensions>
          <distance>5299</distance>
        </extensions>
      </trkpt>
      <trkpt lat="45.771926" lon="7.831352">
        <ele>1400</ele>
        <extensions>
          <distance>5307</distance>
        </extensions>
      </trkpt>
      <trkpt lat="45.772034" lon="7.83119">
        <ele>1400</ele>
        <extensions>
          <distance>5324</distance>
        </extensions>
      </trkpt>
      <trkpt lat="45.772206" lon="7.831068">
        <ele>1400</ele>
        <extensions>
          <distance>5345</distance>
        </extensions>
      </trkpt>
      <trkpt lat="45.772248" lon="7.831055">
        <ele>1400</ele>
        <extensions>
          <distance>5350</distance>
        </extensions>
      </trkpt>
      <trkpt lat="45.77226" lon="7.831073">
        <ele>1400</ele>
        <extensions>
          <distance>5352</distance>
        </extensions>
      </trkpt>
      <trkpt lat="45.77231" lon="7.831213">
        <ele>1405</ele>
        <extensions>
          <distance>5364</distance>
        </extensions>
      </trkpt>
      <trkpt lat="45.772311" lon="7.831349">
        <ele>1410</ele>
        <extensions>
          <distance>5376</distance>
        </extensions>
      </trkpt>
      <trkpt lat="45.772255" lon="7.831631">
        <ele>1417</ele>
        <extensions>
          <distance>5400</distance>
        </extensions>
      </trkpt>
      <trkpt lat="45.772293" lon="7.83181">
        <ele>1425</ele>
        <extensions>
          <distance>5417</distance>
        </extensions>
      </trkpt>
      <trkpt lat="45.772357" lon="7.831969">
        <ele>1434</ele>
        <extensions>
          <distance>5433</distance>
        </extensions>
      </trkpt>
      <trkpt lat="45.772393" lon="7.831998">
        <ele>1436</ele>
        <extensions>
          <distance>5438</distance>
        </extensions>
      </trkpt>
      <trkpt lat="45.772382" lon="7.832166">
        <ele>1441</ele>
        <extensions>
          <distance>5452</distance>
        </extensions>
      </trkpt>
      <trkpt lat="45.772396" lon="7.832294">
        <ele>1445</ele>
        <extensions>
          <distance>5463</distance>
        </extensions>
      </trkpt>
      <trkpt lat="45.77244" lon="7.832476">
        <ele>1445</ele>
        <extensions>
          <distance>5478</distance>
        </extensions>
      </trkpt>
      <trkpt lat="45.77244" lon="7.83252">
        <ele>1445</ele>
        <extensions>
          <distance>5482</distance>
        </extensions>
      </trkpt>
      <trkpt lat="45.772374" lon="7.832515">
        <ele>1445</ele>
        <extensions>
          <distance>5489</distance>
        </extensions>
      </trkpt>
      <trkpt lat="45.772298" lon="7.832427">
        <ele>1448</ele>
        <extensions>
          <distance>5500</distance>
        </extensions>
      </trkpt>
      <trkpt lat="45.772242" lon="7.832419">
        <ele>1448</ele>
        <extensions>
          <distance>5506</distance>
        </extensions>
      </trkpt>
      <trkpt lat="45.772171" lon="7.832516">
        <ele>1448</ele>
        <extensions>
          <distance>5517</distance>
        </extensions>
      </trkpt>
      <trkpt lat="45.772104" lon="7.832708">
        <ele>1448</ele>
        <extensions>
          <distance>5534</distance>
        </extensions>
      </trkpt>
      <trkpt lat="45.772201" lon="7.832727">
        <ele>1451</ele>
        <extensions>
          <distance>5545</distance>
        </extensions>
      </trkpt>
      <trkpt lat="45.772181" lon="7.832921">
        <ele>1460</ele>
        <extensions>
          <distance>5563</distance>
        </extensions>
      </trkpt>
      <trkpt lat="45.772117" lon="7.832954">
        <ele>1460</ele>
        <extensions>
          <distance>5570</distance>
        </extensions>
      </trkpt>
      <trkpt lat="45.772079" lon="7.833073">
        <ele>1465</ele>
        <extensions>
          <distance>5581</distance>
        </extensions>
      </trkpt>
      <trkpt lat="45.772062" lon="7.8335">
        <ele>1483</ele>
        <extensions>
          <distance>5619</distance>
        </extensions>
      </trkpt>
      <trkpt lat="45.772138" lon="7.833518">
        <ele>1483</ele>
        <extensions>
          <distance>5627</distance>
        </extensions>
      </trkpt>
      <trkpt lat="45.772257" lon="7.833329">
        <ele>1485</ele>
        <extensions>
          <distance>5647</distance>
        </extensions>
      </trkpt>
      <trkpt lat="45.772291" lon="7.833366">
        <ele>1487</ele>
        <extensions>
          <distance>5652</distance>
        </extensions>
      </trkpt>
      <trkpt lat="45.77227" lon="7.833646">
        <ele>1496</ele>
        <extensions>
          <distance>5676</distance>
        </extensions>
      </trkpt>
      <trkpt lat="45.772381" lon="7.833671">
        <ele>1498</ele>
        <extensions>
          <distance>5688</distance>
        </extensions>
      </trkpt>
      <trkpt lat="45.772402" lon="7.833764">
        <ele>1501</ele>
        <extensions>
          <distance>5697</distance>
        </extensions>
      </trkpt>
      <trkpt lat="45.772329" lon="7.833934">
        <ele>1504</ele>
        <extensions>
          <distance>5712</distance>
        </extensions>
      </trkpt>
      <trkpt lat="45.772446" lon="7.833969">
        <ele>1507</ele>
        <extensions>
          <distance>5726</distance>
        </extensions>
      </trkpt>
      <trkpt lat="45.772388" lon="7.834104">
        <ele>1508</ele>
        <extensions>
          <distance>5738</distance>
        </extensions>
      </trkpt>
      <trkpt lat="45.772507" lon="7.834048">
        <ele>1510</ele>
        <extensions>
          <distance>5752</distance>
        </extensions>
      </trkpt>
      <trkpt lat="45.772449" lon="7.834379">
        <ele>1517</ele>
        <extensions>
          <distance>5780</distance>
        </extensions>
      </trkpt>
      <trkpt lat="45.772609" lon="7.83432">
        <ele>1521</ele>
        <extensions>
          <distance>5799</distance>
        </extensions>
      </trkpt>
      <trkpt lat="45.772627" lon="7.83436">
        <ele>1523</ele>
        <extensions>
          <distance>5802</distance>
        </extensions>
      </trkpt>
      <trkpt lat="45.772483" lon="7.83486">
        <ele>1536</ele>
        <extensions>
          <distance>5847</distance>
        </extensions>
      </trkpt>
      <trkpt lat="45.772568" lon="7.834981">
        <ele>1545</ele>
        <extensions>
          <distance>5863</distance>
        </extensions>
      </trkpt>
      <trkpt lat="45.772555" lon="7.835235">
        <ele>1555</ele>
        <extensions>
          <distance>5885</distance>
        </extensions>
      </trkpt>
      <trkpt lat="45.772631" lon="7.835274">
        <ele>1556</ele>
        <extensions>
          <distance>5894</distance>
        </extensions>
      </trkpt>
      <trkpt lat="45.772637" lon="7.835201">
        <ele>1557</ele>
        <extensions>
          <distance>5900</distance>
        </extensions>
      </trkpt>
      <trkpt lat="45.772684" lon="7.835131">
        <ele>1559</ele>
        <extensions>
          <distance>5908</distance>
        </extensions>
      </trkpt>
      <trkpt lat="45.772649" lon="7.835241">
        <ele>1559</ele>
        <extensions>
          <distance>5917</distance>
        </extensions>
      </trkpt>
      <trkpt lat="45.772721" lon="7.835401">
        <ele>1565</ele>
        <extensions>
          <distance>5933</distance>
        </extensions>
      </trkpt>
      <trkpt lat="45.77274" lon="7.835324">
        <ele>1566</ele>
        <extensions>
          <distance>5939</distance>
        </extensions>
      </trkpt>
      <trkpt lat="45.772789" lon="7.835294">
        <ele>1568</ele>
        <extensions>
          <distance>5945</distance>
        </extensions>
      </trkpt>
      <trkpt lat="45.772689" lon="7.835701">
        <ele>1582</ele>
        <extensions>
          <distance>5982</distance>
        </extensions>
      </trkpt>
      <trkpt lat="45.772815" lon="7.835971">
        <ele>1602</ele>
        <extensions>
          <distance>6014</distance>
        </extensions>
      </trkpt>
      <trkpt lat="45.772948" lon="7.83598">
        <ele>1607</ele>
        <extensions>
          <distance>6029</distance>
        </extensions>
      </trkpt>
      <trkpt lat="45.773006" lon="7.835847">
        <ele>1610</ele>
        <extensions>
          <distance>6042</distance>
        </extensions>
      </trkpt>
      <trkpt lat="45.773146" lon="7.835827">
        <ele>1614</ele>
        <extensions>
          <distance>6058</distance>
        </extensions>
      </trkpt>
      <trkpt lat="45.773125" lon="7.835949">
        <ele>1618</ele>
        <extensions>
          <distance>6069</distance>
        </extensions>
      </trkpt>
      <trkpt lat="45.77301" lon="7.836149">
        <ele>1622</ele>
        <extensions>
          <distance>6089</distance>
        </extensions>
      </trkpt>
      <trkpt lat="45.773105" lon="7.836213">
        <ele>1630</ele>
        <extensions>
          <distance>6103</distance>
        </extensions>
      </trkpt>
      <trkpt lat="45.77303" lon="7.836476">
        <ele>1640</ele>
        <extensions>
          <distance>6128</distance>
        </extensions>
      </trkpt>
      <trkpt lat="45.773106" lon="7.836433">
        <ele>1641</ele>
        <extensions>
          <distance>6137</distance>
        </extensions>
      </trkpt>
      <trkpt lat="45.7732" lon="7.836515">
        <ele>1649</ele>
        <extensions>
          <distance>6151</distance>
        </extensions>
      </trkpt>
      <trkpt lat="45.773109" lon="7.836796">
        <ele>1659</ele>
        <extensions>
          <distance>6177</distance>
        </extensions>
      </trkpt>
      <trkpt lat="45.773251" lon="7.836839">
        <ele>1665</ele>
        <extensions>
          <distance>6194</distance>
        </extensions>
      </trkpt>
      <trkpt lat="45.773308" lon="7.836761">
        <ele>1666</ele>
        <extensions>
          <distance>6203</distance>
        </extensions>
      </trkpt>
      <trkpt lat="45.773359" lon="7.836855">
        <ele>1670</ele>
        <extensions>
          <distance>6213</distance>
        </extensions>
      </trkpt>
      <trkpt lat="45.773231" lon="7.837048">
        <ele>1674</ele>
        <extensions>
          <distance>6234</distance>
        </extensions>
      </trkpt>
      <trkpt lat="45.773256" lon="7.837152">
        <ele>1680</ele>
        <extensions>
          <distance>6244</distance>
        </extensions>
      </trkpt>
      <trkpt lat="45.773416" lon="7.837217">
        <ele>1688</ele>
        <extensions>
          <distance>6264</distance>
        </extensions>
      </trkpt>
      <trkpt lat="45.773607" lon="7.837214">
        <ele>1696</ele>
        <extensions>
          <distance>6287</distance>
        </extensions>
      </trkpt>
      <trkpt lat="45.773692" lon="7.837152">
        <ele>1696</ele>
        <extensions>
          <distance>6298</distance>
        </extensions>
      </trkpt>
      <trkpt lat="45.773672" lon="7.837284">
        <ele>1701</ele>
        <extensions>
          <distance>6309</distance>
        </extensions>
      </trkpt>
      <trkpt lat="45.773746" lon="7.837464">
        <ele>1712</ele>
        <extensions>
          <distance>6328</distance>
        </extensions>
      </trkpt>
      <trkpt lat="45.773681" lon="7.837593">
        <ele>1717</ele>
        <extensions>
          <distance>6342</distance>
        </extensions>
      </trkpt>
      <trkpt lat="45.773681" lon="7.837714">
        <ele>1722</ele>
        <extensions>
          <distance>6352</distance>
        </extensions>
      </trkpt>
      <trkpt lat="45.773787" lon="7.837604">
        <ele>1725</ele>
        <extensions>
          <distance>6367</distance>
        </extensions>
      </trkpt>
      <trkpt lat="45.773901" lon="7.837643">
        <ele>1727</ele>
        <extensions>
          <distance>6380</distance>
        </extensions>
      </trkpt>
      <trkpt lat="45.773988" lon="7.837538">
        <ele>1729</ele>
        <extensions>
          <distance>6393</distance>
        </extensions>
      </trkpt>
      <trkpt lat="45.77403" lon="7.837809">
        <ele>1741</ele>
        <extensions>
          <distance>6418</distance>
        </extensions>
      </trkpt>
      <trkpt lat="45.774157" lon="7.837655">
        <ele>1744</ele>
        <extensions>
          <distance>6437</distance>
        </extensions>
      </trkpt>
      <trkpt lat="45.774113" lon="7.838022">
        <ele>1757</ele>
        <extensions>
          <distance>6468</distance>
        </extensions>
      </trkpt>
      <trkpt lat="45.774217" lon="7.838002">
        <ele>1757</ele>
        <extensions>
          <distance>6480</distance>
        </extensions>
      </trkpt>
      <trkpt lat="45.774277" lon="7.837842">
        <ele>1758</ele>
        <extensions>
          <distance>6494</distance>
        </extensions>
      </trkpt>
      <trkpt lat="45.774342" lon="7.83778">
        <ele>1758</ele>
        <extensions>
          <distance>6503</distance>
        </extensions>
      </trkpt>
      <trkpt lat="45.774446" lon="7.837842">
        <ele>1758</ele>
        <extensions>
          <distance>6515</distance>
        </extensions>
      </trkpt>
      <trkpt lat="45.774546" lon="7.837862">
        <ele>1758</ele>
        <extensions>
          <distance>6527</distance>
        </extensions>
      </trkpt>
      <trkpt lat="45.774443" lon="7.837618">
        <ele>1769</ele>
        <extensions>
          <distance>6550</distance>
        </extensions>
      </trkpt>
      <trkpt lat="45.774509" lon="7.837393">
        <ele>1772</ele>
        <extensions>
          <distance>6569</distance>
        </extensions>
      </trkpt>
      <trkpt lat="45.774639" lon="7.837608">
        <ele>1775</ele>
        <extensions>
          <distance>6591</distance>
        </extensions>
      </trkpt>
      <trkpt lat="45.774655" lon="7.837711">
        <ele>1777</ele>
        <extensions>
          <distance>6599</distance>
        </extensions>
      </trkpt>
      <trkpt lat="45.774748" lon="7.837694">
        <ele>1782</ele>
        <extensions>
          <distance>6611</distance>
        </extensions>
      </trkpt>
      <trkpt lat="45.774906" lon="7.837991">
        <ele>1798</ele>
        <extensions>
          <distance>6644</distance>
        </extensions>
      </trkpt>
      <trkpt lat="45.77518" lon="7.837628">
        <ele>1804</ele>
        <extensions>
          <distance>6686</distance>
        </extensions>
      </trkpt>
      <trkpt lat="45.775258" lon="7.837651">
        <ele>1810</ele>
        <extensions>
          <distance>6697</distance>
        </extensions>
      </trkpt>
      <trkpt lat="45.77549" lon="7.837529">
        <ele>1813</ele>
        <extensions>
          <distance>6725</distance>
        </extensions>
      </trkpt>
      <trkpt lat="45.775574" lon="7.837683">
        <ele>1819</ele>
        <extensions>
          <distance>6741</distance>
        </extensions>
      </trkpt>
      <trkpt lat="45.775607" lon="7.838267">
        <ele>1834</ele>
        <extensions>
          <distance>6789</distance>
        </extensions>
      </trkpt>
      <trkpt lat="45.77567" lon="7.838441">
        <ele>1838</ele>
        <extensions>
          <distance>6805</distance>
        </extensions>
      </trkpt>
      <trkpt lat="45.775621" lon="7.838702">
        <ele>1845</ele>
        <extensions>
          <distance>6827</distance>
        </extensions>
      </trkpt>
      <trkpt lat="45.775662" lon="7.838851">
        <ele>1847</ele>
        <extensions>
          <distance>6839</distance>
        </extensions>
      </trkpt>
      <trkpt lat="45.775735" lon="7.839053">
        <ele>1849</ele>
        <extensions>
          <distance>6857</distance>
        </extensions>
      </trkpt>
      <trkpt lat="45.775722" lon="7.839577">
        <ele>1862</ele>
        <extensions>
          <distance>6900</distance>
        </extensions>
      </trkpt>
      <trkpt lat="45.775808" lon="7.84036">
        <ele>1875</ele>
        <extensions>
          <distance>6963</distance>
        </extensions>
      </trkpt>
      <trkpt lat="45.775883" lon="7.841341">
        <ele>1875</ele>
        <extensions>
          <distance>7040</distance>
        </extensions>
      </trkpt>
      <trkpt lat="45.776044" lon="7.841927">
        <ele>1878</ele>
        <extensions>
          <distance>7089</distance>
        </extensions>
      </trkpt>
      <trkpt lat="45.776146" lon="7.842729">
        <ele>1879</ele>
        <extensions>
          <distance>7152</distance>
        </extensions>
      </trkpt>
      <trkpt lat="45.776169" lon="7.843036">
        <ele>1881</ele>
        <extensions>
          <distance>7176</distance>
        </extensions>
      </trkpt>
      <trkpt lat="45.77621" lon="7.843283">
        <ele>1881</ele>
        <extensions>
          <distance>7196</distance>
        </extensions>
      </trkpt>
      <trkpt lat="45.776288" lon="7.843539">
        <ele>1883</ele>
        <extensions>
          <distance>7218</distance>
        </extensions>
      </trkpt>
      <trkpt lat="45.776556" lon="7.844082">
        <ele>1887</ele>
        <extensions>
          <distance>7270</distance>
        </extensions>
      </trkpt>
      <trkpt lat="45.776649" lon="7.84453">
        <ele>1889</ele>
        <extensions>
          <distance>7306</distance>
        </extensions>
      </trkpt>
      <trkpt lat="45.776714" lon="7.844577">
        <ele>1890</ele>
        <extensions>
          <distance>7314</distance>
        </extensions>
      </trkpt>
      <trkpt lat="45.776782" lon="7.844792">
        <ele>1890</ele>
        <extensions>
          <distance>7332</distance>
        </extensions>
      </trkpt>
      <trkpt lat="45.776926" lon="7.844995">
        <ele>1891</ele>
        <extensions>
          <distance>7355</distance>
        </extensions>
      </trkpt>
      <trkpt lat="45.777031" lon="7.84555">
        <ele>1898</ele>
        <extensions>
          <distance>7400</distance>
        </extensions>
      </trkpt>
      <trkpt lat="45.777102" lon="7.845826">
        <ele>1901</ele>
        <extensions>
          <distance>7423</distance>
        </extensions>
      </trkpt>
      <trkpt lat="45.777279" lon="7.845782">
        <ele>1902</ele>
        <extensions>
          <distance>7443</distance>
        </extensions>
      </trkpt>
      <trkpt lat="45.777347" lon="7.845973">
        <ele>1905</ele>
        <extensions>
          <distance>7460</distance>
        </extensions>
      </trkpt>
      <trkpt lat="45.777605" lon="7.845968">
        <ele>1908</ele>
        <extensions>
          <distance>7489</distance>
        </extensions>
      </trkpt>
      <trkpt lat="45.777646" lon="7.845802">
        <ele>1909</ele>
        <extensions>
          <distance>7502</distance>
        </extensions>
      </trkpt>
      <trkpt lat="45.777873" lon="7.846187">
        <ele>1918</ele>
        <extensions>
          <distance>7543</distance>
        </extensions>
      </trkpt>
      <trkpt lat="45.777988" lon="7.846205">
        <ele>1922</ele>
        <extensions>
          <distance>7556</distance>
        </extensions>
      </trkpt>
      <trkpt lat="45.778397" lon="7.846572">
        <ele>1940</ele>
        <extensions>
          <distance>7613</distance>
        </extensions>
      </trkpt>
      <trkpt lat="45.778551" lon="7.846302">
        <ele>1944</ele>
        <extensions>
          <distance>7640</distance>
        </extensions>
      </trkpt>
      <trkpt lat="45.778696" lon="7.846615">
        <ele>1952</ele>
        <extensions>
          <distance>7670</distance>
        </extensions>
      </trkpt>
      <trkpt lat="45.778647" lon="7.846935">
        <ele>1953</ele>
        <extensions>
          <distance>7696</distance>
        </extensions>
      </trkpt>
      <trkpt lat="45.778745" lon="7.84713">
        <ele>1961</ele>
        <extensions>
          <distance>7715</distance>
        </extensions>
      </trkpt>
      <trkpt lat="45.778878" lon="7.847071">
        <ele>1965</ele>
        <extensions>
          <distance>7731</distance>
        </extensions>
      </trkpt>
      <trkpt lat="45.778968" lon="7.847189">
        <ele>1970</ele>
        <extensions>
          <distance>7746</distance>
        </extensions>
      </trkpt>
      <trkpt lat="45.778999" lon="7.847321">
        <ele>1974</ele>
        <extensions>
          <distance>7757</distance>
        </extensions>
      </trkpt>
      <trkpt lat="45.779061" lon="7.847489">
        <ele>1981</ele>
        <extensions>
          <distance>7774</distance>
        </extensions>
      </trkpt>
      <trkpt lat="45.778996" lon="7.847683">
        <ele>1983</ele>
        <extensions>
          <distance>7790</distance>
        </extensions>
      </trkpt>
      <trkpt lat="45.779005" lon="7.847736">
        <ele>1984</ele>
        <extensions>
          <distance>7795</distance>
        </extensions>
      </trkpt>
      <trkpt lat="45.779029" lon="7.847751">
        <ele>1986</ele>
        <extensions>
          <distance>7798</distance>
        </extensions>
      </trkpt>
      <trkpt lat="45.77905" lon="7.84784">
        <ele>1988</ele>
        <extensions>
          <distance>7806</distance>
        </extensions>
      </trkpt>
      <trkpt lat="45.779017" lon="7.848117">
        <ele>1993</ele>
        <extensions>
          <distance>7828</distance>
        </extensions>
      </trkpt>
      <trkpt lat="45.779013" lon="7.848207">
        <ele>1995</ele>
        <extensions>
          <distance>7835</distance>
        </extensions>
      </trkpt>
      <trkpt lat="45.779069" lon="7.848269">
        <ele>1998</ele>
        <extensions>
          <distance>7844</distance>
        </extensions>
      </trkpt>
      <trkpt lat="45.779131" lon="7.848302">
        <ele>2000</ele>
        <extensions>
          <distance>7851</distance>
        </extensions>
      </trkpt>
      <trkpt lat="45.779158" lon="7.848382">
        <ele>2002</ele>
        <extensions>
          <distance>7859</distance>
        </extensions>
      </trkpt>
      <trkpt lat="45.779196" lon="7.848451">
        <ele>2004</ele>
        <extensions>
          <distance>7866</distance>
        </extensions>
      </trkpt>
      <trkpt lat="45.779289" lon="7.848472">
        <ele>2007</ele>
        <extensions>
          <distance>7877</distance>
        </extensions>
      </trkpt>
      <trkpt lat="45.77931" lon="7.848519">
        <ele>2008</ele>
        <extensions>
          <distance>7881</distance>
        </extensions>
      </trkpt>
      <trkpt lat="45.779299" lon="7.848606">
        <ele>2008</ele>
        <extensions>
          <distance>7888</distance>
        </extensions>
      </trkpt>
      <trkpt lat="45.779308" lon="7.848668">
        <ele>2008</ele>
        <extensions>
          <distance>7893</distance>
        </extensions>
      </trkpt>
      <trkpt lat="45.779401" lon="7.84871">
        <ele>2011</ele>
        <extensions>
          <distance>7904</distance>
        </extensions>
      </trkpt>
      <trkpt lat="45.779466" lon="7.848758">
        <ele>2013</ele>
        <extensions>
          <distance>7912</distance>
        </extensions>
      </trkpt>
      <trkpt lat="45.779524" lon="7.848805">
        <ele>2015</ele>
        <extensions>
          <distance>7920</distance>
        </extensions>
      </trkpt>
      <trkpt lat="45.779569" lon="7.848874">
        <ele>2016</ele>
        <extensions>
          <distance>7927</distance>
        </extensions>
      </trkpt>
      <trkpt lat="45.779592" lon="7.848966">
        <ele>2018</ele>
        <extensions>
          <distance>7935</distance>
        </extensions>
      </trkpt>
      <trkpt lat="45.779607" lon="7.849121">
        <ele>2020</ele>
        <extensions>
          <distance>7947</distance>
        </extensions>
      </trkpt>
      <trkpt lat="45.779638" lon="7.849279">
        <ele>2022</ele>
        <extensions>
          <distance>7961</distance>
        </extensions>
      </trkpt>
      <trkpt lat="45.7797" lon="7.849392">
        <ele>2024</ele>
        <extensions>
          <distance>7972</distance>
        </extensions>
      </trkpt>
      <trkpt lat="45.779736" lon="7.849503">
        <ele>2026</ele>
        <extensions>
          <distance>7982</distance>
        </extensions>
      </trkpt>
      <trkpt lat="45.779777" lon="7.849717">
        <ele>2030</ele>
        <extensions>
          <distance>7999</distance>
        </extensions>
      </trkpt>
      <trkpt lat="45.779937" lon="7.850074">
        <ele>2037</ele>
        <extensions>
          <distance>8033</distance>
        </extensions>
      </trkpt>
      <trkpt lat="45.779993" lon="7.850154">
        <ele>2039</ele>
        <extensions>
          <distance>8042</distance>
        </extensions>
      </trkpt>
      <trkpt lat="45.780022" lon="7.850247">
        <ele>2041</ele>
        <extensions>
          <distance>8050</distance>
        </extensions>
      </trkpt>
      <trkpt lat="45.780057" lon="7.850315">
        <ele>2043</ele>
        <extensions>
          <distance>8057</distance>
        </extensions>
      </trkpt>
      <trkpt lat="45.780159" lon="7.850407">
        <ele>2046</ele>
        <extensions>
          <distance>8071</distance>
        </extensions>
      </trkpt>
      <trkpt lat="45.78023" lon="7.850458">
        <ele>2046</ele>
        <extensions>
          <distance>8080</distance>
        </extensions>
      </trkpt>
      <trkpt lat="45.780255" lon="7.850521">
        <ele>2046</ele>
        <extensions>
          <distance>8085</distance>
        </extensions>
      </trkpt>
      <trkpt lat="45.780232" lon="7.850675">
        <ele>2046</ele>
        <extensions>
          <distance>8098</distance>
        </extensions>
      </trkpt>
      <trkpt lat="45.780199" lon="7.850729">
        <ele>2045</ele>
        <extensions>
          <distance>8103</distance>
        </extensions>
      </trkpt>
      <trkpt lat="45.780201" lon="7.850863">
        <ele>2045</ele>
        <extensions>
          <distance>8114</distance>
        </extensions>
      </trkpt>
      <trkpt lat="45.78017" lon="7.850964">
        <ele>2045</ele>
        <extensions>
          <distance>8122</distance>
        </extensions>
      </trkpt>
      <trkpt lat="45.780176" lon="7.851095">
        <ele>2045</ele>
        <extensions>
          <distance>8132</distance>
        </extensions>
      </trkpt>
      <trkpt lat="45.780145" lon="7.851196">
        <ele>2045</ele>
        <extensions>
          <distance>8141</distance>
        </extensions>
      </trkpt>
      <trkpt lat="45.780199" lon="7.85131">
        <ele>2047</ele>
        <extensions>
          <distance>8152</distance>
        </extensions>
      </trkpt>
      <trkpt lat="45.780273" lon="7.851581">
        <ele>2051</ele>
        <extensions>
          <distance>8174</distance>
        </extensions>
      </trkpt>
      <trkpt lat="45.780313" lon="7.851688">
        <ele>2052</ele>
        <extensions>
          <distance>8184</distance>
        </extensions>
      </trkpt>
      <trkpt lat="45.780357" lon="7.85175">
        <ele>2053</ele>
        <extensions>
          <distance>8191</distance>
        </extensions>
      </trkpt>
      <trkpt lat="45.780442" lon="7.851953">
        <ele>2055</ele>
        <extensions>
          <distance>8209</distance>
        </extensions>
      </trkpt>
      <trkpt lat="45.78045" lon="7.852093">
        <ele>2055</ele>
        <extensions>
          <distance>8220</distance>
        </extensions>
      </trkpt>
      <trkpt lat="45.780479" lon="7.852295">
        <ele>2055</ele>
        <extensions>
          <distance>8236</distance>
        </extensions>
      </trkpt>
      <trkpt lat="45.780531" lon="7.852423">
        <ele>2057</ele>
        <extensions>
          <distance>8248</distance>
        </extensions>
      </trkpt>
      <trkpt lat="45.780556" lon="7.852602">
        <ele>2059</ele>
        <extensions>
          <distance>8262</distance>
        </extensions>
      </trkpt>
      <trkpt lat="45.780597" lon="7.852623">
        <ele>2061</ele>
        <extensions>
          <distance>8267</distance>
        </extensions>
      </trkpt>
      <trkpt lat="45.780631" lon="7.852876">
        <ele>2064</ele>
        <extensions>
          <distance>8287</distance>
        </extensions>
      </trkpt>
      <trkpt lat="45.780681" lon="7.853046">
        <ele>2066</ele>
        <extensions>
          <distance>8302</distance>
        </extensions>
      </trkpt>
      <trkpt lat="45.780726" lon="7.853132">
        <ele>2068</ele>
        <extensions>
          <distance>8310</distance>
        </extensions>
      </trkpt>
      <trkpt lat="45.780789" lon="7.853183">
        <ele>2071</ele>
        <extensions>
          <distance>8319</distance>
        </extensions>
      </trkpt>
      <trkpt lat="45.780824" lon="7.853269">
        <ele>2073</ele>
        <extensions>
          <distance>8327</distance>
        </extensions>
      </trkpt>
      <trkpt lat="45.780894" lon="7.853388">
        <ele>2078</ele>
        <extensions>
          <distance>8340</distance>
        </extensions>
      </trkpt>
      <trkpt lat="45.781019" lon="7.853632">
        <ele>2085</ele>
        <extensions>
          <distance>8365</distance>
        </extensions>
      </trkpt>
      <trkpt lat="45.781088" lon="7.853823">
        <ele>2088</ele>
        <extensions>
          <distance>8382</distance>
        </extensions>
      </trkpt>
      <trkpt lat="45.781173" lon="7.853912">
        <ele>2091</ele>
        <extensions>
          <distance>8394</distance>
        </extensions>
      </trkpt>
      <trkpt lat="45.781227" lon="7.854022">
        <ele>2093</ele>
        <extensions>
          <distance>8404</distance>
        </extensions>
      </trkpt>
      <trkpt lat="45.781272" lon="7.854165">
        <ele>2093</ele>
        <extensions>
          <distance>8416</distance>
        </extensions>
      </trkpt>
      <trkpt lat="45.781314" lon="7.854252">
        <ele>2095</ele>
        <extensions>
          <distance>8425</distance>
        </extensions>
      </trkpt>
      <trkpt lat="45.781405" lon="7.854395">
        <ele>2098</ele>
        <extensions>
          <distance>8440</distance>
        </extensions>
      </trkpt>
      <trkpt lat="45.781468" lon="7.854469">
        <ele>2100</ele>
        <extensions>
          <distance>8449</distance>
        </extensions>
      </trkpt>
      <trkpt lat="45.781505" lon="7.854541">
        <ele>2100</ele>
        <extensions>
          <distance>8456</distance>
        </extensions>
      </trkpt>
      <trkpt lat="45.781534" lon="7.854669">
        <ele>2102</ele>
        <extensions>
          <distance>8467</distance>
        </extensions>
      </trkpt>
      <trkpt lat="45.78154" lon="7.854764">
        <ele>2102</ele>
        <extensions>
          <distance>8474</distance>
        </extensions>
      </trkpt>
      <trkpt lat="45.781515" lon="7.855056">
        <ele>2102</ele>
        <extensions>
          <distance>8497</distance>
        </extensions>
      </trkpt>
      <trkpt lat="45.781532" lon="7.855297">
        <ele>2104</ele>
        <extensions>
          <distance>8516</distance>
        </extensions>
      </trkpt>
      <trkpt lat="45.781565" lon="7.855431">
        <ele>2107</ele>
        <extensions>
          <distance>8527</distance>
        </extensions>
      </trkpt>
      <trkpt lat="45.781655" lon="7.855562">
        <ele>2109</ele>
        <extensions>
          <distance>8542</distance>
        </extensions>
      </trkpt>
      <trkpt lat="45.781679" lon="7.855654">
        <ele>2110</ele>
        <extensions>
          <distance>8549</distance>
        </extensions>
      </trkpt>
      <trkpt lat="45.781698" lon="7.855788">
        <ele>2111</ele>
        <extensions>
          <distance>8560</distance>
        </extensions>
      </trkpt>
      <trkpt lat="45.78174" lon="7.855893">
        <ele>2112</ele>
        <extensions>
          <distance>8569</distance>
        </extensions>
      </trkpt>
      <trkpt lat="45.781783" lon="7.855973">
        <ele>2112</ele>
        <extensions>
          <distance>8577</distance>
        </extensions>
      </trkpt>
      <trkpt lat="45.781798" lon="7.856044">
        <ele>2113</ele>
        <extensions>
          <distance>8583</distance>
        </extensions>
      </trkpt>
      <trkpt lat="45.781898" lon="7.856277">
        <ele>2113</ele>
        <extensions>
          <distance>8604</distance>
        </extensions>
      </trkpt>
      <trkpt lat="45.781941" lon="7.856429">
        <ele>2113</ele>
        <extensions>
          <distance>8617</distance>
        </extensions>
      </trkpt>
      <trkpt lat="45.781945" lon="7.856524">
        <ele>2114</ele>
        <extensions>
          <distance>8625</distance>
        </extensions>
      </trkpt>
      <trkpt lat="45.782028" lon="7.856747">
        <ele>2117</ele>
        <extensions>
          <distance>8644</distance>
        </extensions>
      </trkpt>
      <trkpt lat="45.78208" lon="7.856825">
        <ele>2119</ele>
        <extensions>
          <distance>8653</distance>
        </extensions>
      </trkpt>
      <trkpt lat="45.782122" lon="7.856917">
        <ele>2120</ele>
        <extensions>
          <distance>8662</distance>
        </extensions>
      </trkpt>
      <trkpt lat="45.782178" lon="7.856988">
        <ele>2121</ele>
        <extensions>
          <distance>8670</distance>
        </extensions>
      </trkpt>
      <trkpt lat="45.782375" lon="7.857185">
        <ele>2125</ele>
        <extensions>
          <distance>8697</distance>
        </extensions>
      </trkpt>
      <trkpt lat="45.782417" lon="7.857259">
        <ele>2126</ele>
        <extensions>
          <distance>8704</distance>
        </extensions>
      </trkpt>
      <trkpt lat="45.782479" lon="7.857432">
        <ele>2127</ele>
        <extensions>
          <distance>8720</distance>
        </extensions>
      </trkpt>
      <trkpt lat="45.782496" lon="7.857498">
        <ele>2127</ele>
        <extensions>
          <distance>8725</distance>
        </extensions>
      </trkpt>
      <trkpt lat="45.782529" lon="7.857554">
        <ele>2128</ele>
        <extensions>
          <distance>8731</distance>
        </extensions>
      </trkpt>
      <trkpt lat="45.782647" lon="7.857644">
        <ele>2130</ele>
        <extensions>
          <distance>8746</distance>
        </extensions>
      </trkpt>
      <trkpt lat="45.782695" lon="7.857697">
        <ele>2131</ele>
        <extensions>
          <distance>8753</distance>
        </extensions>
      </trkpt>
      <trkpt lat="45.782768" lon="7.857846">
        <ele>2133</ele>
        <extensions>
          <distance>8767</distance>
        </extensions>
      </trkpt>
      <trkpt lat="45.782874" lon="7.857932">
        <ele>2137</ele>
        <extensions>
          <distance>8781</distance>
        </extensions>
      </trkpt>
      <trkpt lat="45.782919" lon="7.857986">
        <ele>2139</ele>
        <extensions>
          <distance>8788</distance>
        </extensions>
      </trkpt>
      <trkpt lat="45.782961" lon="7.858054">
        <ele>2141</ele>
        <extensions>
          <distance>8795</distance>
        </extensions>
      </trkpt>
      <trkpt lat="45.783" lon="7.858066">
        <ele>2142</ele>
        <extensions>
          <distance>8800</distance>
        </extensions>
      </trkpt>
      <trkpt lat="45.78306" lon="7.85812">
        <ele>2144</ele>
        <extensions>
          <distance>8808</distance>
        </extensions>
      </trkpt>
      <trkpt lat="45.783108" lon="7.858239">
        <ele>2146</ele>
        <extensions>
          <distance>8818</distance>
        </extensions>
      </trkpt>
      <trkpt lat="45.783214" lon="7.858322">
        <ele>2150</ele>
        <extensions>
          <distance>8833</distance>
        </extensions>
      </trkpt>
      <trkpt lat="45.783262" lon="7.858415">
        <ele>2153</ele>
        <extensions>
          <distance>8842</distance>
        </extensions>
      </trkpt>
      <trkpt lat="45.78338" lon="7.858582">
        <ele>2160</ele>
        <extensions>
          <distance>8862</distance>
        </extensions>
      </trkpt>
      <trkpt lat="45.783501" lon="7.858692">
        <ele>2167</ele>
        <extensions>
          <distance>8879</distance>
        </extensions>
      </trkpt>
      <trkpt lat="45.783627" lon="7.858841">
        <ele>2173</ele>
        <extensions>
          <distance>8898</distance>
        </extensions>
      </trkpt>
      <trkpt lat="45.783665" lon="7.858847">
        <ele>2174</ele>
        <extensions>
          <distance>8903</distance>
        </extensions>
      </trkpt>
      <trkpt lat="45.7837" lon="7.858829">
        <ele>2174</ele>
        <extensions>
          <distance>8907</distance>
        </extensions>
      </trkpt>
      <trkpt lat="45.783717" lon="7.858751">
        <ele>2175</ele>
        <extensions>
          <distance>8913</distance>
        </extensions>
      </trkpt>
      <trkpt lat="45.783812" lon="7.858757">
        <ele>2177</ele>
        <extensions>
          <distance>8924</distance>
        </extensions>
      </trkpt>
      <trkpt lat="45.783843" lon="7.858713">
        <ele>2178</ele>
        <extensions>
          <distance>8929</distance>
        </extensions>
      </trkpt>
      <trkpt lat="45.783887" lon="7.858748">
        <ele>2179</ele>
        <extensions>
          <distance>8934</distance>
        </extensions>
      </trkpt>
      <trkpt lat="45.783937" lon="7.85876">
        <ele>2182</ele>
        <extensions>
          <distance>8941</distance>
        </extensions>
      </trkpt>
      <trkpt lat="45.783995" lon="7.858826">
        <ele>2185</ele>
        <extensions>
          <distance>8950</distance>
        </extensions>
      </trkpt>
      <trkpt lat="45.784088" lon="7.858826">
        <ele>2189</ele>
        <extensions>
          <distance>8961</distance>
        </extensions>
      </trkpt>
      <trkpt lat="45.784127" lon="7.858943">
        <ele>2191</ele>
        <extensions>
          <distance>8971</distance>
        </extensions>
      </trkpt>
      <trkpt lat="45.784176" lon="7.859006">
        <ele>2192</ele>
        <extensions>
          <distance>8978</distance>
        </extensions>
      </trkpt>
      <trkpt lat="45.784502" lon="7.859272">
        <ele>2207</ele>
        <extensions>
          <distance>9023</distance>
        </extensions>
      </trkpt>
      <trkpt lat="45.784595" lon="7.859302">
        <ele>2211</ele>
        <extensions>
          <distance>9034</distance>
        </extensions>
      </trkpt>
      <trkpt lat="45.784614" lon="7.859332">
        <ele>2212</ele>
        <extensions>
          <distance>9037</distance>
        </extensions>
      </trkpt>
      <trkpt lat="45.784624" lon="7.859427">
        <ele>2213</ele>
        <extensions>
          <distance>9045</distance>
        </extensions>
      </trkpt>
      <trkpt lat="45.784641" lon="7.859493">
        <ele>2215</ele>
        <extensions>
          <distance>9051</distance>
        </extensions>
      </trkpt>
      <trkpt lat="45.784676" lon="7.859567">
        <ele>2218</ele>
        <extensions>
          <distance>9058</distance>
        </extensions>
      </trkpt>
      <trkpt lat="45.784709" lon="7.859591">
        <ele>2220</ele>
        <extensions>
          <distance>9062</distance>
        </extensions>
      </trkpt>
      <trkpt lat="45.78476" lon="7.859441">
        <ele>2220</ele>
        <extensions>
          <distance>9075</distance>
        </extensions>
      </trkpt>
      <trkpt lat="45.78479" lon="7.859412">
        <ele>2221</ele>
        <extensions>
          <distance>9080</distance>
        </extensions>
      </trkpt>
      <trkpt lat="45.784795" lon="7.859444">
        <ele>2221</ele>
        <extensions>
          <distance>9082</distance>
        </extensions>
      </trkpt>
      <trkpt lat="45.784829" lon="7.859449">
        <ele>2223</ele>
        <extensions>
          <distance>9086</distance>
        </extensions>
      </trkpt>
      <trkpt lat="45.784846" lon="7.859423">
        <ele>2223</ele>
        <extensions>
          <distance>9089</distance>
        </extensions>
      </trkpt>
      <trkpt lat="45.784852" lon="7.859388">
        <ele>2223</ele>
        <extensions>
          <distance>9091</distance>
        </extensions>
      </trkpt>
      <trkpt lat="45.784872" lon="7.859403">
        <ele>2224</ele>
        <extensions>
          <distance>9094</distance>
        </extensions>
      </trkpt>
      <trkpt lat="45.784871" lon="7.859499">
        <ele>2225</ele>
        <extensions>
          <distance>9102</distance>
        </extensions>
      </trkpt>
      <trkpt lat="45.78488" lon="7.859544">
        <ele>2226</ele>
        <extensions>
          <distance>9105</distance>
        </extensions>
      </trkpt>
      <trkpt lat="45.7849" lon="7.859541">
        <ele>2227</ele>
        <extensions>
          <distance>9108</distance>
        </extensions>
      </trkpt>
      <trkpt lat="45.784914" lon="7.859492">
        <ele>2227</ele>
        <extensions>
          <distance>9112</distance>
        </extensions>
      </trkpt>
      <trkpt lat="45.784938" lon="7.859466">
        <ele>2228</ele>
        <extensions>
          <distance>9115</distance>
        </extensions>
      </trkpt>
      <trkpt lat="45.784957" lon="7.859467">
        <ele>2228</ele>
        <extensions>
          <distance>9118</distance>
        </extensions>
      </trkpt>
      <trkpt lat="45.784988" lon="7.859656">
        <ele>2232</ele>
        <extensions>
          <distance>9133</distance>
        </extensions>
      </trkpt>
      <trkpt lat="45.785037" lon="7.859731">
        <ele>2235</ele>
        <extensions>
          <distance>9142</distance>
        </extensions>
      </trkpt>
      <trkpt lat="45.785059" lon="7.859734">
        <ele>2236</ele>
        <extensions>
          <distance>9144</distance>
        </extensions>
      </trkpt>
      <trkpt lat="45.785128" lon="7.859696">
        <ele>2238</ele>
        <extensions>
          <distance>9153</distance>
        </extensions>
      </trkpt>
      <trkpt lat="45.785162" lon="7.85967">
        <ele>2240</ele>
        <extensions>
          <distance>9157</distance>
        </extensions>
      </trkpt>
      <trkpt lat="45.785192" lon="7.859614">
        <ele>2240</ele>
        <extensions>
          <distance>9162</distance>
        </extensions>
      </trkpt>
      <trkpt lat="45.785213" lon="7.859634">
        <ele>2242</ele>
        <extensions>
          <distance>9166</distance>
        </extensions>
      </trkpt>
      <trkpt lat="45.785223" lon="7.859769">
        <ele>2243</ele>
        <extensions>
          <distance>9176</distance>
        </extensions>
      </trkpt>
      <trkpt lat="45.785233" lon="7.859815">
        <ele>2244</ele>
        <extensions>
          <distance>9180</distance>
        </extensions>
      </trkpt>
      <trkpt lat="45.785257" lon="7.859815">
        <ele>2245</ele>
        <extensions>
          <distance>9183</distance>
        </extensions>
      </trkpt>
      <trkpt lat="45.785297" lon="7.859745">
        <ele>2246</ele>
        <extensions>
          <distance>9190</distance>
        </extensions>
      </trkpt>
      <trkpt lat="45.785321" lon="7.85973">
        <ele>2248</ele>
        <extensions>
          <distance>9194</distance>
        </extensions>
      </trkpt>
      <trkpt lat="45.785342" lon="7.8598">
        <ele>2250</ele>
        <extensions>
          <distance>9199</distance>
        </extensions>
      </trkpt>
      <trkpt lat="45.785338" lon="7.859842">
        <ele>2250</ele>
        <extensions>
          <distance>9203</distance>
        </extensions>
      </trkpt>
      <trkpt lat="45.78535" lon="7.859897">
        <ele>2251</ele>
        <extensions>
          <distance>9208</distance>
        </extensions>
      </trkpt>
      <trkpt lat="45.785376" lon="7.859946">
        <ele>2252</ele>
        <extensions>
          <distance>9212</distance>
        </extensions>
      </trkpt>
      <trkpt lat="45.785399" lon="7.859966">
        <ele>2254</ele>
        <extensions>
          <distance>9216</distance>
        </extensions>
      </trkpt>
      <trkpt lat="45.785454" lon="7.8599">
        <ele>2256</ele>
        <extensions>
          <distance>9224</distance>
        </extensions>
      </trkpt>
      <trkpt lat="45.785485" lon="7.859978">
        <ele>2258</ele>
        <extensions>
          <distance>9231</distance>
        </extensions>
      </trkpt>
      <trkpt lat="45.785529" lon="7.859938">
        <ele>2260</ele>
        <extensions>
          <distance>9237</distance>
        </extensions>
      </trkpt>
      <trkpt lat="45.785545" lon="7.860035">
        <ele>2261</ele>
        <extensions>
          <distance>9245</distance>
        </extensions>
      </trkpt>
      <trkpt lat="45.785688" lon="7.860317">
        <ele>2274</ele>
        <extensions>
          <distance>9275</distance>
        </extensions>
      </trkpt>
      <trkpt lat="45.785705" lon="7.860373">
        <ele>2277</ele>
        <extensions>
          <distance>9281</distance>
        </extensions>
      </trkpt>
      <trkpt lat="45.785742" lon="7.860606">
        <ele>2283</ele>
        <extensions>
          <distance>9300</distance>
        </extensions>
      </trkpt>
      <trkpt lat="45.78574" lon="7.860649">
        <ele>2284</ele>
        <extensions>
          <distance>9304</distance>
        </extensions>
      </trkpt>
      <trkpt lat="45.785714" lon="7.860666">
        <ele>2284</ele>
        <extensions>
          <distance>9307</distance>
        </extensions>
      </trkpt>
      <trkpt lat="45.785681" lon="7.860707">
        <ele>2285</ele>
        <extensions>
          <distance>9312</distance>
        </extensions>
      </trkpt>
      <trkpt lat="45.785669" lon="7.860788">
        <ele>2285</ele>
        <extensions>
          <distance>9318</distance>
        </extensions>
      </trkpt>
      <trkpt lat="45.785599" lon="7.860933">
        <ele>2285</ele>
        <extensions>
          <distance>9332</distance>
        </extensions>
      </trkpt>
      <trkpt lat="45.785584" lon="7.860994">
        <ele>2285</ele>
        <extensions>
          <distance>9337</distance>
        </extensions>
      </trkpt>
      <trkpt lat="45.78556" lon="7.861006">
        <ele>2286</ele>
        <extensions>
          <distance>9340</distance>
        </extensions>
      </trkpt>
      <trkpt lat="45.785486" lon="7.860995">
        <ele>2286</ele>
        <extensions>
          <distance>9348</distance>
        </extensions>
      </trkpt>
      <trkpt lat="45.78548" lon="7.86101">
        <ele>2286</ele>
        <extensions>
          <distance>9350</distance>
        </extensions>
      </trkpt>
      <trkpt lat="45.785499" lon="7.861042">
        <ele>2286</ele>
        <extensions>
          <distance>9353</distance>
        </extensions>
      </trkpt>
      <trkpt lat="45.785495" lon="7.861068">
        <ele>2286</ele>
        <extensions>
          <distance>9355</distance>
        </extensions>
      </trkpt>
      <trkpt lat="45.785465" lon="7.861067">
        <ele>2286</ele>
        <extensions>
          <distance>9358</distance>
        </extensions>
      </trkpt>
      <trkpt lat="45.785441" lon="7.861099">
        <ele>2287</ele>
        <extensions>
          <distance>9362</distance>
        </extensions>
      </trkpt>
      <trkpt lat="45.785428" lon="7.861166">
        <ele>2288</ele>
        <extensions>
          <distance>9367</distance>
        </extensions>
      </trkpt>
      <trkpt lat="45.785422" lon="7.861244">
        <ele>2291</ele>
        <extensions>
          <distance>9374</distance>
        </extensions>
      </trkpt>
      <trkpt lat="45.785437" lon="7.861286">
        <ele>2293</ele>
        <extensions>
          <distance>9377</distance>
        </extensions>
      </trkpt>
      <trkpt lat="45.785456" lon="7.861303">
        <ele>2294</ele>
        <extensions>
          <distance>9381</distance>
        </extensions>
      </trkpt>
      <trkpt lat="45.785499" lon="7.861318">
        <ele>2296</ele>
        <extensions>
          <distance>9386</distance>
        </extensions>
      </trkpt>
      <trkpt lat="45.785594" lon="7.861416">
        <ele>2302</ele>
        <extensions>
          <distance>9400</distance>
        </extensions>
      </trkpt>
      <trkpt lat="45.785595" lon="7.861536">
        <ele>2304</ele>
        <extensions>
          <distance>9410</distance>
        </extensions>
      </trkpt>
      <trkpt lat="45.785662" lon="7.861448">
        <ele>2304</ele>
        <extensions>
          <distance>9420</distance>
        </extensions>
      </trkpt>
      <trkpt lat="45.785686" lon="7.861445">
        <ele>2304</ele>
        <extensions>
          <distance>9422</distance>
        </extensions>
      </trkpt>
      <trkpt lat="45.785693" lon="7.861474">
        <ele>2305</ele>
        <extensions>
          <distance>9425</distance>
        </extensions>
      </trkpt>
      <trkpt lat="45.785685" lon="7.861533">
        <ele>2306</ele>
        <extensions>
          <distance>9430</distance>
        </extensions>
      </trkpt>
      <trkpt lat="45.78569" lon="7.861576">
        <ele>2307</ele>
        <extensions>
          <distance>9433</distance>
        </extensions>
      </trkpt>
      <trkpt lat="45.785738" lon="7.86152">
        <ele>2307</ele>
        <extensions>
          <distance>9440</distance>
        </extensions>
      </trkpt>
      <trkpt lat="45.78586" lon="7.861516">
        <ele>2310</ele>
        <extensions>
          <distance>9454</distance>
        </extensions>
      </trkpt>
      <trkpt lat="45.785964" lon="7.861555">
        <ele>2314</ele>
        <extensions>
          <distance>9466</distance>
        </extensions>
      </trkpt>
      <trkpt lat="45.786039" lon="7.861492">
        <ele>2314</ele>
        <extensions>
          <distance>9476</distance>
        </extensions>
      </trkpt>
      <trkpt lat="45.786052" lon="7.861507">
        <ele>2315</ele>
        <extensions>
          <distance>9478</distance>
        </extensions>
      </trkpt>
      <trkpt lat="45.786044" lon="7.861599">
        <ele>2316</ele>
        <extensions>
          <distance>9485</distance>
        </extensions>
      </trkpt>
      <trkpt lat="45.786059" lon="7.861614">
        <ele>2317</ele>
        <extensions>
          <distance>9487</distance>
        </extensions>
      </trkpt>
      <trkpt lat="45.786178" lon="7.861516">
        <ele>2320</ele>
        <extensions>
          <distance>9503</distance>
        </extensions>
      </trkpt>
      <trkpt lat="45.78621" lon="7.861565">
        <ele>2322</ele>
        <extensions>
          <distance>9508</distance>
        </extensions>
      </trkpt>
      <trkpt lat="45.78622" lon="7.861649">
        <ele>2324</ele>
        <extensions>
          <distance>9516</distance>
        </extensions>
      </trkpt>
      <trkpt lat="45.786239" lon="7.861663">
        <ele>2325</ele>
        <extensions>
          <distance>9518</distance>
        </extensions>
      </trkpt>
      <trkpt lat="45.786269" lon="7.861654">
        <ele>2327</ele>
        <extensions>
          <distance>9522</distance>
        </extensions>
      </trkpt>
      <trkpt lat="45.786354" lon="7.861556">
        <ele>2329</ele>
        <extensions>
          <distance>9534</distance>
        </extensions>
      </trkpt>
      <trkpt lat="45.786383" lon="7.861544">
        <ele>2331</ele>
        <extensions>
          <distance>9538</distance>
        </extensions>
      </trkpt>
      <trkpt lat="45.786397" lon="7.861597">
        <ele>2332</ele>
        <extensions>
          <distance>9542</distance>
        </extensions>
      </trkpt>
      <trkpt lat="45.786363" lon="7.861978">
        <ele>2339</ele>
        <extensions>
          <distance>9573</distance>
        </extensions>
      </trkpt>
      <trkpt lat="45.786372" lon="7.862014">
        <ele>2341</ele>
        <extensions>
          <distance>9576</distance>
        </extensions>
      </trkpt>
      <trkpt lat="45.786358" lon="7.862113">
        <ele>2344</ele>
        <extensions>
          <distance>9585</distance>
        </extensions>
      </trkpt>
      <trkpt lat="45.786322" lon="7.862239">
        <ele>2346</ele>
        <extensions>
          <distance>9596</distance>
        </extensions>
      </trkpt>
      <trkpt lat="45.786346" lon="7.862282">
        <ele>2349</ele>
        <extensions>
          <distance>9601</distance>
        </extensions>
      </trkpt>
      <trkpt lat="45.786345" lon="7.862494">
        <ele>2357</ele>
        <extensions>
          <distance>9619</distance>
        </extensions>
      </trkpt>
      <trkpt lat="45.786356" lon="7.862538">
        <ele>2358</ele>
        <extensions>
          <distance>9623</distance>
        </extensions>
      </trkpt>
      <trkpt lat="45.786379" lon="7.862558">
        <ele>2360</ele>
        <extensions>
          <distance>9626</distance>
        </extensions>
      </trkpt>
      <trkpt lat="45.786402" lon="7.862651">
        <ele>2363</ele>
        <extensions>
          <distance>9635</distance>
        </extensions>
      </trkpt>
      <trkpt lat="45.786427" lon="7.862677">
        <ele>2365</ele>
        <extensions>
          <distance>9638</distance>
        </extensions>
      </trkpt>
      <trkpt lat="45.786451" lon="7.862779">
        <ele>2367</ele>
        <extensions>
          <distance>9647</distance>
        </extensions>
      </trkpt>
      <trkpt lat="45.786531" lon="7.862878">
        <ele>2372</ele>
        <extensions>
          <distance>9660</distance>
        </extensions>
      </trkpt>
      <trkpt lat="45.786576" lon="7.862913">
        <ele>2373</ele>
        <extensions>
          <distance>9666</distance>
        </extensions>
      </trkpt>
      <trkpt lat="45.786643" lon="7.86294">
        <ele>2376</ele>
        <extensions>
          <distance>9674</distance>
        </extensions>
      </trkpt>
      <trkpt lat="45.78668" lon="7.862934">
        <ele>2377</ele>
        <extensions>
          <distance>9678</distance>
        </extensions>
      </trkpt>
      <trkpt lat="45.786721" lon="7.862965">
        <ele>2378</ele>
        <extensions>
          <distance>9683</distance>
        </extensions>
      </trkpt>
      <trkpt lat="45.786776" lon="7.862945">
        <ele>2379</ele>
        <extensions>
          <distance>9690</distance>
        </extensions>
      </trkpt>
      <trkpt lat="45.786872" lon="7.862989">
        <ele>2382</ele>
        <extensions>
          <distance>9701</distance>
        </extensions>
      </trkpt>
      <trkpt lat="45.786891" lon="7.862945">
        <ele>2382</ele>
        <extensions>
          <distance>9705</distance>
        </extensions>
      </trkpt>
      <trkpt lat="45.786901" lon="7.862896">
        <ele>2382</ele>
        <extensions>
          <distance>9709</distance>
        </extensions>
      </trkpt>
      <trkpt lat="45.786923" lon="7.862913">
        <ele>2383</ele>
        <extensions>
          <distance>9712</distance>
        </extensions>
      </trkpt>
      <trkpt lat="45.786936" lon="7.86296">
        <ele>2383</ele>
        <extensions>
          <distance>9716</distance>
        </extensions>
      </trkpt>
      <trkpt lat="45.786993" lon="7.862928">
        <ele>2386</ele>
        <extensions>
          <distance>9723</distance>
        </extensions>
      </trkpt>
      <trkpt lat="45.787023" lon="7.863005">
        <ele>2389</ele>
        <extensions>
          <distance>9731</distance>
        </extensions>
      </trkpt>
      <trkpt lat="45.787066" lon="7.863049">
        <ele>2392</ele>
        <extensions>
          <distance>9737</distance>
        </extensions>
      </trkpt>
      <trkpt lat="45.787108" lon="7.863053">
        <ele>2395</ele>
        <extensions>
          <distance>9743</distance>
        </extensions>
      </trkpt>
      <trkpt lat="45.787134" lon="7.863027">
        <ele>2396</ele>
        <extensions>
          <distance>9746</distance>
        </extensions>
      </trkpt>
      <trkpt lat="45.787147" lon="7.863">
        <ele>2396</ele>
        <extensions>
          <distance>9749</distance>
        </extensions>
      </trkpt>
      <trkpt lat="45.787181" lon="7.863044">
        <ele>2399</ele>
        <extensions>
          <distance>9755</distance>
        </extensions>
      </trkpt>
      <trkpt lat="45.787259" lon="7.86325">
        <ele>2408</ele>
        <extensions>
          <distance>9775</distance>
        </extensions>
      </trkpt>
      <trkpt lat="45.787283" lon="7.863274">
        <ele>2409</ele>
        <extensions>
          <distance>9778</distance>
        </extensions>
      </trkpt>
      <trkpt lat="45.787304" lon="7.863334">
        <ele>2410</ele>
        <extensions>
          <distance>9784</distance>
        </extensions>
      </trkpt>
      <trkpt lat="45.787292" lon="7.863392">
        <ele>2412</ele>
        <extensions>
          <distance>9789</distance>
        </extensions>
      </trkpt>
      <trkpt lat="45.787309" lon="7.863413">
        <ele>2413</ele>
        <extensions>
          <distance>9791</distance>
        </extensions>
      </trkpt>
      <trkpt lat="45.78734" lon="7.863416">
        <ele>2413</ele>
        <extensions>
          <distance>9795</distance>
        </extensions>
      </trkpt>
      <trkpt lat="45.78733" lon="7.863488">
        <ele>2415</ele>
        <extensions>
          <distance>9801</distance>
        </extensions>
      </trkpt>
      <trkpt lat="45.787328" lon="7.863689">
        <ele>2421</ele>
        <extensions>
          <distance>9818</distance>
        </extensions>
      </trkpt>
      <trkpt lat="45.787314" lon="7.86373">
        <ele>2423</ele>
        <extensions>
          <distance>9821</distance>
        </extensions>
      </trkpt>
      <trkpt lat="45.787231" lon="7.863834">
        <ele>2426</ele>
        <extensions>
          <distance>9834</distance>
        </extensions>
      </trkpt>
      <trkpt lat="45.787203" lon="7.863895">
        <ele>2427</ele>
        <extensions>
          <distance>9840</distance>
        </extensions>
      </trkpt>
      <trkpt lat="45.787213" lon="7.863912">
        <ele>2428</ele>
        <extensions>
          <distance>9842</distance>
        </extensions>
      </trkpt>
      <trkpt lat="45.787244" lon="7.863906">
        <ele>2428</ele>
        <extensions>
          <distance>9845</distance>
        </extensions>
      </trkpt>
      <trkpt lat="45.787387" lon="7.863938">
        <ele>2430</ele>
        <extensions>
          <distance>9862</distance>
        </extensions>
      </trkpt>
      <trkpt lat="45.787398" lon="7.863982">
        <ele>2432</ele>
        <extensions>
          <distance>9865</distance>
        </extensions>
      </trkpt>
      <trkpt lat="45.787394" lon="7.864053">
        <ele>2433</ele>
        <extensions>
          <distance>9871</distance>
        </extensions>
      </trkpt>
      <trkpt lat="45.787347" lon="7.864139">
        <ele>2433</ele>
        <extensions>
          <distance>9880</distance>
        </extensions>
      </trkpt>
      <trkpt lat="45.787335" lon="7.864183">
        <ele>2434</ele>
        <extensions>
          <distance>9883</distance>
        </extensions>
      </trkpt>
      <trkpt lat="45.787289" lon="7.864198">
        <ele>2434</ele>
        <extensions>
          <distance>9889</distance>
        </extensions>
      </trkpt>
      <trkpt lat="45.7873" lon="7.864247">
        <ele>2434</ele>
        <extensions>
          <distance>9893</distance>
        </extensions>
      </trkpt>
      <trkpt lat="45.787318" lon="7.86427">
        <ele>2435</ele>
        <extensions>
          <distance>9895</distance>
        </extensions>
      </trkpt>
      <trkpt lat="45.787395" lon="7.864302">
        <ele>2435</ele>
        <extensions>
          <distance>9904</distance>
        </extensions>
      </trkpt>
      <trkpt lat="45.787388" lon="7.864336">
        <ele>2435</ele>
        <extensions>
          <distance>9907</distance>
        </extensions>
      </trkpt>
      <trkpt lat="45.787323" lon="7.864368">
        <ele>2436</ele>
        <extensions>
          <distance>9915</distance>
        </extensions>
      </trkpt>
      <trkpt lat="45.787321" lon="7.864397">
        <ele>2436</ele>
        <extensions>
          <distance>9917</distance>
        </extensions>
      </trkpt>
      <trkpt lat="45.787349" lon="7.864413">
        <ele>2436</ele>
        <extensions>
          <distance>9920</distance>
        </extensions>
      </trkpt>
      <trkpt lat="45.78739" lon="7.864465">
        <ele>2437</ele>
        <extensions>
          <distance>9926</distance>
        </extensions>
      </trkpt>
      <trkpt lat="45.787365" lon="7.864483">
        <ele>2437</ele>
        <extensions>
          <distance>9929</distance>
        </extensions>
      </trkpt>
      <trkpt lat="45.787368" lon="7.864535">
        <ele>2437</ele>
        <extensions>
          <distance>9934</distance>
        </extensions>
      </trkpt>
      <trkpt lat="45.787396" lon="7.864601">
        <ele>2439</ele>
        <extensions>
          <distance>9940</distance>
        </extensions>
      </trkpt>
      <trkpt lat="45.787447" lon="7.864647">
        <ele>2441</ele>
        <extensions>
          <distance>9946</distance>
        </extensions>
      </trkpt>
      <trkpt lat="45.78753" lon="7.864813">
        <ele>2446</ele>
        <extensions>
          <distance>9963</distance>
        </extensions>
      </trkpt>
      <trkpt lat="45.787549" lon="7.864897">
        <ele>2448</ele>
        <extensions>
          <distance>9970</distance>
        </extensions>
      </trkpt>
      <trkpt lat="45.787573" lon="7.864941">
        <ele>2449</ele>
        <extensions>
          <distance>9975</distance>
        </extensions>
      </trkpt>
      <trkpt lat="45.787617" lon="7.864964">
        <ele>2451</ele>
        <extensions>
          <distance>9980</distance>
        </extensions>
      </trkpt>
      <trkpt lat="45.787801" lon="7.86502">
        <ele>2456</ele>
        <extensions>
          <distance>10002</distance>
        </extensions>
      </trkpt>
      <trkpt lat="45.78787" lon="7.865077">
        <ele>2460</ele>
        <extensions>
          <distance>10012</distance>
        </extensions>
      </trkpt>
      <trkpt lat="45.788012" lon="7.865237">
        <ele>2467</ele>
        <extensions>
          <distance>10033</distance>
        </extensions>
      </trkpt>
      <trkpt lat="45.788053" lon="7.865302">
        <ele>2469</ele>
        <extensions>
          <distance>10040</distance>
        </extensions>
      </trkpt>
      <trkpt lat="45.788228" lon="7.865534">
        <ele>2482</ele>
        <extensions>
          <distance>10070</distance>
        </extensions>
      </trkpt>
      <trkpt lat="45.788246" lon="7.865575">
        <ele>2483</ele>
        <extensions>
          <distance>10073</distance>
        </extensions>
      </trkpt>
      <trkpt lat="45.788246" lon="7.865618">
        <ele>2484</ele>
        <extensions>
          <distance>10077</distance>
        </extensions>
      </trkpt>
      <trkpt lat="45.788265" lon="7.865648">
        <ele>2484</ele>
        <extensions>
          <distance>10080</distance>
        </extensions>
      </trkpt>
      <trkpt lat="45.788313" lon="7.865792">
        <ele>2484</ele>
        <extensions>
          <distance>10092</distance>
        </extensions>
      </trkpt>
      <trkpt lat="45.788356" lon="7.866">
        <ele>2484</ele>
        <extensions>
          <distance>10109</distance>
        </extensions>
      </trkpt>
      <trkpt lat="45.788382" lon="7.866072">
        <ele>2483</ele>
        <extensions>
          <distance>10115</distance>
        </extensions>
      </trkpt>
      <trkpt lat="45.788382" lon="7.866136">
        <ele>2482</ele>
        <extensions>
          <distance>10120</distance>
        </extensions>
      </trkpt>
      <trkpt lat="45.7884" lon="7.866146">
        <ele>2481</ele>
        <extensions>
          <distance>10122</distance>
        </extensions>
      </trkpt>
      <trkpt lat="45.788438" lon="7.86614">
        <ele>2480</ele>
        <extensions>
          <distance>10127</distance>
        </extensions>
      </trkpt>
      <trkpt lat="45.788549" lon="7.866186">
        <ele>2477</ele>
        <extensions>
          <distance>10140</distance>
        </extensions>
      </trkpt>
      <trkpt lat="45.788583" lon="7.86627">
        <ele>2473</ele>
        <extensions>
          <distance>10148</distance>
        </extensions>
      </trkpt>
      <trkpt lat="45.78863" lon="7.866302">
        <ele>2472</ele>
        <extensions>
          <distance>10154</distance>
        </extensions>
      </trkpt>
      <trkpt lat="45.788665" lon="7.866252">
        <ele>2472</ele>
        <extensions>
          <distance>10160</distance>
        </extensions>
      </trkpt>
      <trkpt lat="45.788702" lon="7.866229">
        <ele>2471</ele>
        <extensions>
          <distance>10164</distance>
        </extensions>
      </trkpt>
      <trkpt lat="45.788756" lon="7.866268">
        <ele>2469</ele>
        <extensions>
          <distance>10171</distance>
        </extensions>
      </trkpt>
      <trkpt lat="45.788818" lon="7.866365">
        <ele>2467</ele>
        <extensions>
          <distance>10181</distance>
        </extensions>
      </trkpt>
      <trkpt lat="45.788965" lon="7.866463">
        <ele>2463</ele>
        <extensions>
          <distance>10200</distance>
        </extensions>
      </trkpt>
      <trkpt lat="45.789002" lon="7.866511">
        <ele>2462</ele>
        <extensions>
          <distance>10206</distance>
        </extensions>
      </trkpt>
      <trkpt lat="45.789085" lon="7.866579">
        <ele>2460</ele>
        <extensions>
          <distance>10216</distance>
        </extensions>
      </trkpt>
      <trkpt lat="45.789148" lon="7.866684">
        <ele>2457</ele>
        <extensions>
          <distance>10228</distance>
        </extensions>
      </trkpt>
      <trkpt lat="45.789229" lon="7.866757">
        <ele>2455</ele>
        <extensions>
          <distance>10238</distance>
        </extensions>
      </trkpt>
      <trkpt lat="45.789245" lon="7.866796">
        <ele>2454</ele>
        <extensions>
          <distance>10242</distance>
        </extensions>
      </trkpt>
      <trkpt lat="45.789302" lon="7.866812">
        <ele>2454</ele>
        <extensions>
          <distance>10249</distance>
        </extensions>
      </trkpt>
      <trkpt lat="45.789354" lon="7.866842">
        <ele>2453</ele>
        <extensions>
          <distance>10255</distance>
        </extensions>
      </trkpt>
      <trkpt lat="45.789415" lon="7.866928">
        <ele>2450</ele>
        <extensions>
          <distance>10265</distance>
        </extensions>
      </trkpt>
      <trkpt lat="45.789459" lon="7.866953">
        <ele>2449</ele>
        <extensions>
          <distance>10270</distance>
        </extensions>
      </trkpt>
      <trkpt lat="45.789618" lon="7.867149">
        <ele>2438</ele>
        <extensions>
          <distance>10296</distance>
        </extensions>
      </trkpt>
      <trkpt lat="45.789657" lon="7.867172">
        <ele>2436</ele>
        <extensions>
          <distance>10300</distance>
        </extensions>
      </trkpt>
      <trkpt lat="45.789706" lon="7.867158">
        <ele>2436</ele>
        <extensions>
          <distance>10306</distance>
        </extensions>
      </trkpt>
      <trkpt lat="45.789726" lon="7.867177">
        <ele>2436</ele>
        <extensions>
          <distance>10309</distance>
        </extensions>
      </trkpt>
      <trkpt lat="45.78977" lon="7.867177">
        <ele>2436</ele>
        <extensions>
          <distance>10314</distance>
        </extensions>
      </trkpt>
      <trkpt lat="45.789801" lon="7.867161">
        <ele>2436</ele>
        <extensions>
          <distance>10317</distance>
        </extensions>
      </trkpt>
      <trkpt lat="45.789837" lon="7.867195">
        <ele>2436</ele>
        <extensions>
          <distance>10322</distance>
        </extensions>
      </trkpt>
      <trkpt lat="45.789895" lon="7.867221">
        <ele>2436</ele>
        <extensions>
          <distance>10329</distance>
        </extensions>
      </trkpt>
      <trkpt lat="45.789971" lon="7.867212">
        <ele>2436</ele>
        <extensions>
          <distance>10337</distance>
        </extensions>
      </trkpt>
      <trkpt lat="45.790008" lon="7.867314">
        <ele>2436</ele>
        <extensions>
          <distance>10346</distance>
        </extensions>
      </trkpt>
      <trkpt lat="45.790021" lon="7.867305">
        <ele>2436</ele>
        <extensions>
          <distance>10348</distance>
        </extensions>
      </trkpt>
      <trkpt lat="45.790041" lon="7.867258">
        <ele>2438</ele>
        <extensions>
          <distance>10352</distance>
        </extensions>
      </trkpt>
      <trkpt lat="45.790064" lon="7.867177">
        <ele>2441</ele>
        <extensions>
          <distance>10359</distance>
        </extensions>
      </trkpt>
      <trkpt lat="45.7901" lon="7.867092">
        <ele>2447</ele>
        <extensions>
          <distance>10369</distance>
        </extensions>
      </trkpt>
      <trkpt lat="45.790122" lon="7.866965">
        <ele>2454</ele>
        <extensions>
          <distance>10381</distance>
        </extensions>
      </trkpt>
      <trkpt lat="45.790168" lon="7.866781">
        <ele>2463</ele>
        <extensions>
          <distance>10399</distance>
        </extensions>
      </trkpt>
      <trkpt lat="45.790206" lon="7.866716">
        <ele>2466</ele>
        <extensions>
          <distance>10406</distance>
        </extensions>
      </trkpt>
      <trkpt lat="45.790246" lon="7.866627">
        <ele>2470</ele>
        <extensions>
          <distance>10415</distance>
        </extensions>
      </trkpt>
      <trkpt lat="45.79046" lon="7.86629">
        <ele>2478</ele>
        <extensions>
          <distance>10451</distance>
        </extensions>
      </trkpt>
      <trkpt lat="45.79051" lon="7.86619">
        <ele>2480</ele>
        <extensions>
          <distance>10461</distance>
        </extensions>
      </trkpt>
      <trkpt lat="45.790581" lon="7.866085">
        <ele>2483</ele>
        <extensions>
          <distance>10473</distance>
        </extensions>
      </trkpt>
      <trkpt lat="45.790778" lon="7.865886">
        <ele>2493</ele>
        <extensions>
          <distance>10501</distance>
        </extensions>
      </trkpt>
      <trkpt lat="45.790883" lon="7.865799">
        <ele>2498</ele>
        <extensions>
          <distance>10516</distance>
        </extensions>
      </trkpt>
      <trkpt lat="45.791046" lon="7.865615">
        <ele>2512</ele>
        <extensions>
          <distance>10543</distance>
        </extensions>
      </trkpt>
      <trkpt lat="45.79111" lon="7.865511">
        <ele>2518</ele>
        <extensions>
          <distance>10555</distance>
        </extensions>
      </trkpt>
      <trkpt lat="45.791216" lon="7.865425">
        <ele>2521</ele>
        <extensions>
          <distance>10569</distance>
        </extensions>
      </trkpt>
      <trkpt lat="45.79126" lon="7.865362">
        <ele>2523</ele>
        <extensions>
          <distance>10576</distance>
        </extensions>
      </trkpt>
      <trkpt lat="45.791326" lon="7.865299">
        <ele>2525</ele>
        <extensions>
          <distance>10585</distance>
        </extensions>
      </trkpt>
      <trkpt lat="45.791379" lon="7.865281">
        <ele>2525</ele>
        <extensions>
          <distance>10591</distance>
        </extensions>
      </trkpt>
      <trkpt lat="45.791528" lon="7.865133">
        <ele>2528</ele>
        <extensions>
          <distance>10612</distance>
        </extensions>
      </trkpt>
      <trkpt lat="45.791664" lon="7.865024">
        <ele>2530</ele>
        <extensions>
          <distance>10629</distance>
        </extensions>
      </trkpt>
      <trkpt lat="45.791798" lon="7.864954">
        <ele>2534</ele>
        <extensions>
          <distance>10645</distance>
        </extensions>
      </trkpt>
      <trkpt lat="45.791879" lon="7.864886">
        <ele>2539</ele>
        <extensions>
          <distance>10657</distance>
        </extensions>
      </trkpt>
      <trkpt lat="45.79195" lon="7.864783">
        <ele>2545</ele>
        <extensions>
          <distance>10670</distance>
        </extensions>
      </trkpt>
      <trkpt lat="45.792035" lon="7.864729">
        <ele>2547</ele>
        <extensions>
          <distance>10680</distance>
        </extensions>
      </trkpt>
      <trkpt lat="45.792098" lon="7.864753">
        <ele>2548</ele>
        <extensions>
          <distance>10688</distance>
        </extensions>
      </trkpt>
      <trkpt lat="45.792244" lon="7.864698">
        <ele>2550</ele>
        <extensions>
          <distance>10704</distance>
        </extensions>
      </trkpt>
      <trkpt lat="45.792405" lon="7.864611">
        <ele>2550</ele>
        <extensions>
          <distance>10723</distance>
        </extensions>
      </trkpt>
      <trkpt lat="45.792439" lon="7.864615">
        <ele>2550</ele>
        <extensions>
          <distance>10727</distance>
        </extensions>
      </trkpt>
      <trkpt lat="45.792485" lon="7.864587">
        <ele>2550</ele>
        <extensions>
          <distance>10733</distance>
        </extensions>
      </trkpt>
      <trkpt lat="45.792568" lon="7.864569">
        <ele>2550</ele>
        <extensions>
          <distance>10742</distance>
        </extensions>
      </trkpt>
      <trkpt lat="45.792728" lon="7.864423">
        <ele>2550</ele>
        <extensions>
          <distance>10763</distance>
        </extensions>
      </trkpt>
      <trkpt lat="45.792754" lon="7.864355">
        <ele>2550</ele>
        <extensions>
          <distance>10769</distance>
        </extensions>
      </trkpt>
      <trkpt lat="45.792815" lon="7.864272">
        <ele>2552</ele>
        <extensions>
          <distance>10779</distance>
        </extensions>
      </trkpt>
      <trkpt lat="45.792934" lon="7.864266">
        <ele>2554</ele>
        <extensions>
          <distance>10792</distance>
        </extensions>
      </trkpt>
      <trkpt lat="45.793071" lon="7.864168">
        <ele>2556</ele>
        <extensions>
          <distance>10809</distance>
        </extensions>
      </trkpt>
      <trkpt lat="45.793474" lon="7.864043">
        <ele>2562</ele>
        <extensions>
          <distance>10855</distance>
        </extensions>
      </trkpt>
      <trkpt lat="45.793566" lon="7.863951">
        <ele>2571</ele>
        <extensions>
          <distance>10871</distance>
        </extensions>
      </trkpt>
      <trkpt lat="45.793704" lon="7.863897">
        <ele>2575</ele>
        <extensions>
          <distance>10887</distance>
        </extensions>
      </trkpt>
      <trkpt lat="45.793826" lon="7.863895">
        <ele>2576</ele>
        <extensions>
          <distance>10901</distance>
        </extensions>
      </trkpt>
      <trkpt lat="45.793934" lon="7.863873">
        <ele>2576</ele>
        <extensions>
          <distance>10913</distance>
        </extensions>
      </trkpt>
      <trkpt lat="45.794021" lon="7.86384">
        <ele>2578</ele>
        <extensions>
          <distance>10923</distance>
        </extensions>
      </trkpt>
      <trkpt lat="45.794105" lon="7.863792">
        <ele>2581</ele>
        <extensions>
          <distance>10934</distance>
        </extensions>
      </trkpt>
      <trkpt lat="45.794265" lon="7.863722">
        <ele>2583</ele>
        <extensions>
          <distance>10952</distance>
        </extensions>
      </trkpt>
      <trkpt lat="45.794525" lon="7.863683">
        <ele>2584</ele>
        <extensions>
          <distance>10981</distance>
        </extensions>
      </trkpt>
      <trkpt lat="45.794632" lon="7.863652">
        <ele>2588</ele>
        <extensions>
          <distance>10994</distance>
        </extensions>
      </trkpt>
      <trkpt lat="45.794702" lon="7.863602">
        <ele>2592</ele>
        <extensions>
          <distance>11004</distance>
        </extensions>
      </trkpt>
      <trkpt lat="45.794764" lon="7.863574">
        <ele>2596</ele>
        <extensions>
          <distance>11012</distance>
        </extensions>
      </trkpt>
      <trkpt lat="45.794988" lon="7.863539">
        <ele>2607</ele>
        <extensions>
          <distance>11039</distance>
        </extensions>
      </trkpt>
      <trkpt lat="45.79511" lon="7.863532">
        <ele>2610</ele>
        <extensions>
          <distance>11053</distance>
        </extensions>
      </trkpt>
      <trkpt lat="45.795231" lon="7.863451">
        <ele>2616</ele>
        <extensions>
          <distance>11069</distance>
        </extensions>
      </trkpt>
      <trkpt lat="45.795248" lon="7.86336">
        <ele>2620</ele>
        <extensions>
          <distance>11078</distance>
        </extensions>
      </trkpt>
      <trkpt lat="45.795283" lon="7.863336">
        <ele>2622</ele>
        <extensions>
          <distance>11082</distance>
        </extensions>
      </trkpt>
      <trkpt lat="45.795417" lon="7.863447">
        <ele>2622</ele>
        <extensions>
          <distance>11099</distance>
        </extensions>
      </trkpt>
      <trkpt lat="45.795484" lon="7.863473">
        <ele>2624</ele>
        <extensions>
          <distance>11107</distance>
        </extensions>
      </trkpt>
      <trkpt lat="45.795601" lon="7.863449">
        <ele>2630</ele>
        <extensions>
          <distance>11122</distance>
        </extensions>
      </trkpt>
      <trkpt lat="45.795642" lon="7.863397">
        <ele>2632</ele>
        <extensions>
          <distance>11128</distance>
        </extensions>
      </trkpt>
      <trkpt lat="45.795671" lon="7.86334">
        <ele>2635</ele>
        <extensions>
          <distance>11134</distance>
        </extensions>
      </trkpt>
      <trkpt lat="45.795659" lon="7.86331">
        <ele>2635</ele>
        <extensions>
          <distance>11137</distance>
        </extensions>
      </trkpt>
      <trkpt lat="45.795659" lon="7.86324">
        <ele>2636</ele>
        <extensions>
          <distance>11142</distance>
        </extensions>
      </trkpt>
      <trkpt lat="45.795624" lon="7.863153">
        <ele>2637</ele>
        <extensions>
          <distance>11150</distance>
        </extensions>
      </trkpt>
      <trkpt lat="45.795581" lon="7.86299">
        <ele>2637</ele>
        <extensions>
          <distance>11164</distance>
        </extensions>
      </trkpt>
      <trkpt lat="45.795575" lon="7.862752">
        <ele>2637</ele>
        <extensions>
          <distance>11182</distance>
        </extensions>
      </trkpt>
      <trkpt lat="45.795505" lon="7.862576">
        <ele>2637</ele>
        <extensions>
          <distance>11198</distance>
        </extensions>
      </trkpt>
      <trkpt lat="45.795462" lon="7.862514">
        <ele>2637</ele>
        <extensions>
          <distance>11205</distance>
        </extensions>
      </trkpt>
      <trkpt lat="45.795427" lon="7.862388">
        <ele>2636</ele>
        <extensions>
          <distance>11215</distance>
        </extensions>
      </trkpt>
      <trkpt lat="45.795404" lon="7.862366">
        <ele>2636</ele>
        <extensions>
          <distance>11218</distance>
        </extensions>
      </trkpt>
      <trkpt lat="45.795395" lon="7.862138">
        <ele>2634</ele>
        <extensions>
          <distance>11236</distance>
        </extensions>
      </trkpt>
      <trkpt lat="45.795407" lon="7.862078">
        <ele>2633</ele>
        <extensions>
          <distance>11241</distance>
        </extensions>
      </trkpt>
      <trkpt lat="45.795353" lon="7.861994">
        <ele>2631</ele>
        <extensions>
          <distance>11250</distance>
        </extensions>
      </trkpt>
      <trkpt lat="45.795352" lon="7.861952">
        <ele>2631</ele>
        <extensions>
          <distance>11253</distance>
        </extensions>
      </trkpt>
      <trkpt lat="45.795323" lon="7.861927">
        <ele>2630</ele>
        <extensions>
          <distance>11257</distance>
        </extensions>
      </trkpt>
      <trkpt lat="45.795326" lon="7.861824">
        <ele>2628</ele>
        <extensions>
          <distance>11265</distance>
        </extensions>
      </trkpt>
      <trkpt lat="45.795352" lon="7.86171">
        <ele>2627</ele>
        <extensions>
          <distance>11274</distance>
        </extensions>
      </trkpt>
      <trkpt lat="45.795346" lon="7.861675">
        <ele>2627</ele>
        <extensions>
          <distance>11277</distance>
        </extensions>
      </trkpt>
      <trkpt lat="45.795333" lon="7.861173">
        <ele>2619</ele>
        <extensions>
          <distance>11317</distance>
        </extensions>
      </trkpt>
      <trkpt lat="45.795381" lon="7.860987">
        <ele>2618</ele>
        <extensions>
          <distance>11333</distance>
        </extensions>
      </trkpt>
      <trkpt lat="45.795379" lon="7.860898">
        <ele>2617</ele>
        <extensions>
          <distance>11339</distance>
        </extensions>
      </trkpt>
      <trkpt lat="45.795395" lon="7.860867">
        <ele>2617</ele>
        <extensions>
          <distance>11342</distance>
        </extensions>
      </trkpt>
      <trkpt lat="45.795418" lon="7.860764">
        <ele>2616</ele>
        <extensions>
          <distance>11351</distance>
        </extensions>
      </trkpt>
      <trkpt lat="45.795444" lon="7.860603">
        <ele>2615</ele>
        <extensions>
          <distance>11364</distance>
        </extensions>
      </trkpt>
      <trkpt lat="45.795427" lon="7.860549">
        <ele>2614</ele>
        <extensions>
          <distance>11368</distance>
        </extensions>
      </trkpt>
      <trkpt lat="45.795437" lon="7.86052">
        <ele>2614</ele>
        <extensions>
          <distance>11371</distance>
        </extensions>
      </trkpt>
      <trkpt lat="45.795479" lon="7.860466">
        <ele>2614</ele>
        <extensions>
          <distance>11377</distance>
        </extensions>
      </trkpt>
      <trkpt lat="45.795486" lon="7.860445">
        <ele>2614</ele>
        <extensions>
          <distance>11379</distance>
        </extensions>
      </trkpt>
      <trkpt lat="45.79548" lon="7.860274">
        <ele>2611</ele>
        <extensions>
          <distance>11393</distance>
        </extensions>
      </trkpt>
      <trkpt lat="45.795521" lon="7.860049">
        <ele>2608</ele>
        <extensions>
          <distance>11411</distance>
        </extensions>
      </trkpt>
      <trkpt lat="45.795552" lon="7.859931">
        <ele>2607</ele>
        <extensions>
          <distance>11421</distance>
        </extensions>
      </trkpt>
      <trkpt lat="45.795567" lon="7.859902">
        <ele>2607</ele>
        <extensions>
          <distance>11424</distance>
        </extensions>
      </trkpt>
      <trkpt lat="45.795623" lon="7.859871">
        <ele>2607</ele>
        <extensions>
          <distance>11430</distance>
        </extensions>
      </trkpt>
      <trkpt lat="45.795678" lon="7.859813">
        <ele>2607</ele>
        <extensions>
          <distance>11438</distance>
        </extensions>
      </trkpt>
      <trkpt lat="45.795698" lon="7.859708">
        <ele>2607</ele>
        <extensions>
          <distance>11446</distance>
        </extensions>
      </trkpt>
      <trkpt lat="45.795743" lon="7.859656">
        <ele>2607</ele>
        <extensions>
          <distance>11453</distance>
        </extensions>
      </trkpt>
      <trkpt lat="45.795806" lon="7.859631">
        <ele>2607</ele>
        <extensions>
          <distance>11460</distance>
        </extensions>
      </trkpt>
      <trkpt lat="45.795897" lon="7.859646">
        <ele>2606</ele>
        <extensions>
          <distance>11470</distance>
        </extensions>
      </trkpt>
      <trkpt lat="45.795927" lon="7.859637">
        <ele>2606</ele>
        <extensions>
          <distance>11474</distance>
        </extensions>
      </trkpt>
      <trkpt lat="45.796087" lon="7.859447">
        <ele>2606</ele>
        <extensions>
          <distance>11497</distance>
        </extensions>
      </trkpt>
      <trkpt lat="45.796091" lon="7.859358">
        <ele>2603</ele>
        <extensions>
          <distance>11504</distance>
        </extensions>
      </trkpt>
      <trkpt lat="45.796106" lon="7.859284">
        <ele>2600</ele>
        <extensions>
          <distance>11510</distance>
        </extensions>
      </trkpt>
      <trkpt lat="45.796098" lon="7.859185">
        <ele>2600</ele>
        <extensions>
          <distance>11518</distance>
        </extensions>
      </trkpt>
      <trkpt lat="45.79611" lon="7.859154">
        <ele>2599</ele>
        <extensions>
          <distance>11521</distance>
        </extensions>
      </trkpt>
      <trkpt lat="45.796155" lon="7.859086">
        <ele>2597</ele>
        <extensions>
          <distance>11528</distance>
        </extensions>
      </trkpt>
      <trkpt lat="45.79622" lon="7.859061">
        <ele>2597</ele>
        <extensions>
          <distance>11536</distance>
        </extensions>
      </trkpt>
      <trkpt lat="45.796235" lon="7.859003">
        <ele>2597</ele>
        <extensions>
          <distance>11541</distance>
        </extensions>
      </trkpt>
      <trkpt lat="45.796215" lon="7.858945">
        <ele>2597</ele>
        <extensions>
          <distance>11546</distance>
        </extensions>
      </trkpt>
      <trkpt lat="45.796204" lon="7.858871">
        <ele>2595</ele>
        <extensions>
          <distance>11552</distance>
        </extensions>
      </trkpt>
      <trkpt lat="45.796245" lon="7.85872">
        <ele>2595</ele>
        <extensions>
          <distance>11564</distance>
        </extensions>
      </trkpt>
      <trkpt lat="45.796186" lon="7.858685">
        <ele>2590</ele>
        <extensions>
          <distance>11572</distance>
        </extensions>
      </trkpt>
      <trkpt lat="45.796182" lon="7.858608">
        <ele>2588</ele>
        <extensions>
          <distance>11578</distance>
        </extensions>
      </trkpt>
      <trkpt lat="45.796171" lon="7.858585">
        <ele>2587</ele>
        <extensions>
          <distance>11581</distance>
        </extensions>
      </trkpt>
      <trkpt lat="45.796147" lon="7.858577">
        <ele>2585</ele>
        <extensions>
          <distance>11583</distance>
        </extensions>
      </trkpt>
      <trkpt lat="45.796094" lon="7.858315">
        <ele>2579</ele>
        <extensions>
          <distance>11606</distance>
        </extensions>
      </trkpt>
      <trkpt lat="45.796049" lon="7.858193">
        <ele>2576</ele>
        <extensions>
          <distance>11617</distance>
        </extensions>
      </trkpt>
      <trkpt lat="45.796039" lon="7.858065">
        <ele>2575</ele>
        <extensions>
          <distance>11627</distance>
        </extensions>
      </trkpt>
      <trkpt lat="45.795969" lon="7.85798">
        <ele>2570</ele>
        <extensions>
          <distance>11638</distance>
        </extensions>
      </trkpt>
      <trkpt lat="45.795872" lon="7.857897">
        <ele>2565</ele>
        <extensions>
          <distance>11652</distance>
        </extensions>
      </trkpt>
      <trkpt lat="45.795833" lon="7.857852">
        <ele>2563</ele>
        <extensions>
          <distance>11657</distance>
        </extensions>
      </trkpt>
      <trkpt lat="45.795689" lon="7.857614">
        <ele>2552</ele>
        <extensions>
          <distance>11684</distance>
        </extensions>
      </trkpt>
      <trkpt lat="45.795669" lon="7.857492">
        <ele>2551</ele>
        <extensions>
          <distance>11694</distance>
        </extensions>
      </trkpt>
      <trkpt lat="45.79556" lon="7.857273">
        <ele>2544</ele>
        <extensions>
          <distance>11716</distance>
        </extensions>
      </trkpt>
      <trkpt lat="45.795526" lon="7.857149">
        <ele>2542</ele>
        <extensions>
          <distance>11726</distance>
        </extensions>
      </trkpt>
      <trkpt lat="45.795464" lon="7.857037">
        <ele>2539</ele>
        <extensions>
          <distance>11738</distance>
        </extensions>
      </trkpt>
      <trkpt lat="45.795451" lon="7.856971">
        <ele>2538</ele>
        <extensions>
          <distance>11743</distance>
        </extensions>
      </trkpt>
      <trkpt lat="45.795388" lon="7.856802">
        <ele>2533</ele>
        <extensions>
          <distance>11759</distance>
        </extensions>
      </trkpt>
      <trkpt lat="45.795374" lon="7.856777">
        <ele>2532</ele>
        <extensions>
          <distance>11762</distance>
        </extensions>
      </trkpt>
      <trkpt lat="45.795273" lon="7.856676">
        <ele>2527</ele>
        <extensions>
          <distance>11776</distance>
        </extensions>
      </trkpt>
      <trkpt lat="45.795267" lon="7.856587">
        <ele>2526</ele>
        <extensions>
          <distance>11783</distance>
        </extensions>
      </trkpt>
      <trkpt lat="45.795315" lon="7.856415">
        <ele>2526</ele>
        <extensions>
          <distance>11798</distance>
        </extensions>
      </trkpt>
      <trkpt lat="45.795319" lon="7.856364">
        <ele>2526</ele>
        <extensions>
          <distance>11802</distance>
        </extensions>
      </trkpt>
      <trkpt lat="45.795332" lon="7.85632">
        <ele>2526</ele>
        <extensions>
          <distance>11805</distance>
        </extensions>
      </trkpt>
      <trkpt lat="45.795338" lon="7.856277">
        <ele>2526</ele>
        <extensions>
          <distance>11809</distance>
        </extensions>
      </trkpt>
      <trkpt lat="45.795333" lon="7.856242">
        <ele>2526</ele>
        <extensions>
          <distance>11812</distance>
        </extensions>
      </trkpt>
      <trkpt lat="45.795345" lon="7.856188">
        <ele>2526</ele>
        <extensions>
          <distance>11816</distance>
        </extensions>
      </trkpt>
      <trkpt lat="45.795388" lon="7.856072">
        <ele>2526</ele>
        <extensions>
          <distance>11826</distance>
        </extensions>
      </trkpt>
      <trkpt lat="45.795392" lon="7.855903">
        <ele>2524</ele>
        <extensions>
          <distance>11840</distance>
        </extensions>
      </trkpt>
      <trkpt lat="45.795387" lon="7.855861">
        <ele>2524</ele>
        <extensions>
          <distance>11843</distance>
        </extensions>
      </trkpt>
      <trkpt lat="45.795397" lon="7.855824">
        <ele>2524</ele>
        <extensions>
          <distance>11846</distance>
        </extensions>
      </trkpt>
      <trkpt lat="45.795431" lon="7.855774">
        <ele>2524</ele>
        <extensions>
          <distance>11851</distance>
        </extensions>
      </trkpt>
      <trkpt lat="45.795462" lon="7.855675">
        <ele>2523</ele>
        <extensions>
          <distance>11860</distance>
        </extensions>
      </trkpt>
      <trkpt lat="45.795446" lon="7.855611">
        <ele>2522</ele>
        <extensions>
          <distance>11865</distance>
        </extensions>
      </trkpt>
      <trkpt lat="45.795444" lon="7.855541">
        <ele>2521</ele>
        <extensions>
          <distance>11871</distance>
        </extensions>
      </trkpt>
      <trkpt lat="45.795418" lon="7.855419">
        <ele>2518</ele>
        <extensions>
          <distance>11881</distance>
        </extensions>
      </trkpt>
      <trkpt lat="45.795375" lon="7.85528">
        <ele>2515</ele>
        <extensions>
          <distance>11893</distance>
        </extensions>
      </trkpt>
      <trkpt lat="45.79532" lon="7.855179">
        <ele>2513</ele>
        <extensions>
          <distance>11903</distance>
        </extensions>
      </trkpt>
      <trkpt lat="45.795346" lon="7.855014">
        <ele>2510</ele>
        <extensions>
          <distance>11917</distance>
        </extensions>
      </trkpt>
      <trkpt lat="45.795343" lon="7.854915">
        <ele>2508</ele>
        <extensions>
          <distance>11925</distance>
        </extensions>
      </trkpt>
      <trkpt lat="45.79532" lon="7.854842">
        <ele>2506</ele>
        <extensions>
          <distance>11931</distance>
        </extensions>
      </trkpt>
      <trkpt lat="45.79532" lon="7.854751">
        <ele>2504</ele>
        <extensions>
          <distance>11938</distance>
        </extensions>
      </trkpt>
      <trkpt lat="45.795284" lon="7.854656">
        <ele>2504</ele>
        <extensions>
          <distance>11947</distance>
        </extensions>
      </trkpt>
      <trkpt lat="45.795283" lon="7.854598">
        <ele>2503</ele>
        <extensions>
          <distance>11952</distance>
        </extensions>
      </trkpt>
      <trkpt lat="45.795264" lon="7.854582">
        <ele>2503</ele>
        <extensions>
          <distance>11954</distance>
        </extensions>
      </trkpt>
      <trkpt lat="45.795257" lon="7.854557">
        <ele>2503</ele>
        <extensions>
          <distance>11956</distance>
        </extensions>
      </trkpt>
      <trkpt lat="45.795267" lon="7.854534">
        <ele>2503</ele>
        <extensions>
          <distance>11958</distance>
        </extensions>
      </trkpt>
      <trkpt lat="45.79524" lon="7.854495">
        <ele>2503</ele>
        <extensions>
          <distance>11962</distance>
        </extensions>
      </trkpt>
      <trkpt lat="45.795201" lon="7.854392">
        <ele>2502</ele>
        <extensions>
          <distance>11972</distance>
        </extensions>
      </trkpt>
      <trkpt lat="45.795193" lon="7.854346">
        <ele>2502</ele>
        <extensions>
          <distance>11975</distance>
        </extensions>
      </trkpt>
      <trkpt lat="45.795202" lon="7.854324">
        <ele>2502</ele>
        <extensions>
          <distance>11977</distance>
        </extensions>
      </trkpt>
      <trkpt lat="45.795232" lon="7.854311">
        <ele>2502</ele>
        <extensions>
          <distance>11981</distance>
        </extensions>
      </trkpt>
      <trkpt lat="45.795332" lon="7.854303">
        <ele>2501</ele>
        <extensions>
          <distance>11992</distance>
        </extensions>
      </trkpt>
      <trkpt lat="45.795352" lon="7.854282">
        <ele>2500</ele>
        <extensions>
          <distance>11995</distance>
        </extensions>
      </trkpt>
      <trkpt lat="45.795365" lon="7.854197">
        <ele>2500</ele>
        <extensions>
          <distance>12001</distance>
        </extensions>
      </trkpt>
      <trkpt lat="45.795365" lon="7.854094">
        <ele>2499</ele>
        <extensions>
          <distance>12009</distance>
        </extensions>
      </trkpt>
      <trkpt lat="45.795333" lon="7.853966">
        <ele>2498</ele>
        <extensions>
          <distance>12020</distance>
        </extensions>
      </trkpt>
      <trkpt lat="45.795333" lon="7.853887">
        <ele>2497</ele>
        <extensions>
          <distance>12026</distance>
        </extensions>
      </trkpt>
      <trkpt lat="45.795364" lon="7.853821">
        <ele>2497</ele>
        <extensions>
          <distance>12033</distance>
        </extensions>
      </trkpt>
      <trkpt lat="45.795388" lon="7.853794">
        <ele>2496</ele>
        <extensions>
          <distance>12036</distance>
        </extensions>
      </trkpt>
      <trkpt lat="45.795421" lon="7.853654">
        <ele>2496</ele>
        <extensions>
          <distance>12047</distance>
        </extensions>
      </trkpt>
      <trkpt lat="45.795441" lon="7.853602">
        <ele>2495</ele>
        <extensions>
          <distance>12052</distance>
        </extensions>
      </trkpt>
      <trkpt lat="45.7955" lon="7.853497">
        <ele>2495</ele>
        <extensions>
          <distance>12062</distance>
        </extensions>
      </trkpt>
      <trkpt lat="45.795548" lon="7.853278">
        <ele>2495</ele>
        <extensions>
          <distance>12080</distance>
        </extensions>
      </trkpt>
      <trkpt lat="45.795623" lon="7.853137">
        <ele>2495</ele>
        <extensions>
          <distance>12094</distance>
        </extensions>
      </trkpt>
      <trkpt lat="45.795634" lon="7.853094">
        <ele>2495</ele>
        <extensions>
          <distance>12098</distance>
        </extensions>
      </trkpt>
      <trkpt lat="45.795629" lon="7.853055">
        <ele>2495</ele>
        <extensions>
          <distance>12101</distance>
        </extensions>
      </trkpt>
      <trkpt lat="45.795633" lon="7.852972">
        <ele>2495</ele>
        <extensions>
          <distance>12107</distance>
        </extensions>
      </trkpt>
      <trkpt lat="45.795668" lon="7.852895">
        <ele>2494</ele>
        <extensions>
          <distance>12114</distance>
        </extensions>
      </trkpt>
      <trkpt lat="45.795709" lon="7.852751">
        <ele>2493</ele>
        <extensions>
          <distance>12126</distance>
        </extensions>
      </trkpt>
      <trkpt lat="45.795705" lon="7.852581">
        <ele>2492</ele>
        <extensions>
          <distance>12140</distance>
        </extensions>
      </trkpt>
      <trkpt lat="45.79575" lon="7.852534">
        <ele>2490</ele>
        <extensions>
          <distance>12146</distance>
        </extensions>
      </trkpt>
      <trkpt lat="45.795771" lon="7.852532">
        <ele>2490</ele>
        <extensions>
          <distance>12148</distance>
        </extensions>
      </trkpt>
      <trkpt lat="45.795855" lon="7.852558">
        <ele>2487</ele>
        <extensions>
          <distance>12158</distance>
        </extensions>
      </trkpt>
      <trkpt lat="45.795868" lon="7.852587">
        <ele>2486</ele>
        <extensions>
          <distance>12161</distance>
        </extensions>
      </trkpt>
      <trkpt lat="45.795879" lon="7.852633">
        <ele>2486</ele>
        <extensions>
          <distance>12165</distance>
        </extensions>
      </trkpt>
      <trkpt lat="45.795891" lon="7.852802">
        <ele>2486</ele>
        <extensions>
          <distance>12178</distance>
        </extensions>
      </trkpt>
      <trkpt lat="45.795884" lon="7.852935">
        <ele>2486</ele>
        <extensions>
          <distance>12188</distance>
        </extensions>
      </trkpt>
      <trkpt lat="45.795865" lon="7.853034">
        <ele>2485</ele>
        <extensions>
          <distance>12196</distance>
        </extensions>
      </trkpt>
      <trkpt lat="45.795875" lon="7.853106">
        <ele>2485</ele>
        <extensions>
          <distance>12202</distance>
        </extensions>
      </trkpt>
      <trkpt lat="45.795874" lon="7.853197">
        <ele>2485</ele>
        <extensions>
          <distance>12209</distance>
        </extensions>
      </trkpt>
      <trkpt lat="45.795927" lon="7.853267">
        <ele>2481</ele>
        <extensions>
          <distance>12218</distance>
        </extensions>
      </trkpt>
      <trkpt lat="45.795946" lon="7.853222">
        <ele>2480</ele>
        <extensions>
          <distance>12222</distance>
        </extensions>
      </trkpt>
      <trkpt lat="45.795962" lon="7.853212">
        <ele>2479</ele>
        <extensions>
          <distance>12224</distance>
        </extensions>
      </trkpt>
      <trkpt lat="45.796012" lon="7.853098">
        <ele>2476</ele>
        <extensions>
          <distance>12235</distance>
        </extensions>
      </trkpt>
      <trkpt lat="45.796032" lon="7.852957">
        <ele>2474</ele>
        <extensions>
          <distance>12246</distance>
        </extensions>
      </trkpt>
      <trkpt lat="45.796028" lon="7.852899">
        <ele>2474</ele>
        <extensions>
          <distance>12250</distance>
        </extensions>
      </trkpt>
      <trkpt lat="45.796075" lon="7.852788">
        <ele>2470</ele>
        <extensions>
          <distance>12261</distance>
        </extensions>
      </trkpt>
      <trkpt lat="45.796126" lon="7.852773">
        <ele>2466</ele>
        <extensions>
          <distance>12268</distance>
        </extensions>
      </trkpt>
      <trkpt lat="45.79615" lon="7.852782">
        <ele>2465</ele>
        <extensions>
          <distance>12271</distance>
        </extensions>
      </trkpt>
      <trkpt lat="45.796179" lon="7.852829">
        <ele>2464</ele>
        <extensions>
          <distance>12276</distance>
        </extensions>
      </trkpt>
      <trkpt lat="45.796205" lon="7.852842">
        <ele>2463</ele>
        <extensions>
          <distance>12279</distance>
        </extensions>
      </trkpt>
      <trkpt lat="45.796214" lon="7.852868">
        <ele>2463</ele>
        <extensions>
          <distance>12282</distance>
        </extensions>
      </trkpt>
      <trkpt lat="45.796234" lon="7.852873">
        <ele>2462</ele>
        <extensions>
          <distance>12284</distance>
        </extensions>
      </trkpt>
      <trkpt lat="45.796277" lon="7.85293">
        <ele>2460</ele>
        <extensions>
          <distance>12291</distance>
        </extensions>
      </trkpt>
      <trkpt lat="45.796303" lon="7.852945">
        <ele>2460</ele>
        <extensions>
          <distance>12294</distance>
        </extensions>
      </trkpt>
      <trkpt lat="45.796326" lon="7.852945">
        <ele>2459</ele>
        <extensions>
          <distance>12297</distance>
        </extensions>
      </trkpt>
      <trkpt lat="45.796379" lon="7.852918">
        <ele>2456</ele>
        <extensions>
          <distance>12303</distance>
        </extensions>
      </trkpt>
      <trkpt lat="45.7964" lon="7.852887">
        <ele>2455</ele>
        <extensions>
          <distance>12307</distance>
        </extensions>
      </trkpt>
      <trkpt lat="45.796423" lon="7.8528">
        <ele>2454</ele>
        <extensions>
          <distance>12314</distance>
        </extensions>
      </trkpt>
      <trkpt lat="45.796463" lon="7.852713">
        <ele>2452</ele>
        <extensions>
          <distance>12323</distance>
        </extensions>
      </trkpt>
      <trkpt lat="45.796485" lon="7.852697">
        <ele>2451</ele>
        <extensions>
          <distance>12325</distance>
        </extensions>
      </trkpt>
      <trkpt lat="45.796534" lon="7.852691">
        <ele>2451</ele>
        <extensions>
          <distance>12331</distance>
        </extensions>
      </trkpt>
      <trkpt lat="45.796568" lon="7.852629">
        <ele>2449</ele>
        <extensions>
          <distance>12337</distance>
        </extensions>
      </trkpt>
      <trkpt lat="45.796558" lon="7.852596">
        <ele>2448</ele>
        <extensions>
          <distance>12340</distance>
        </extensions>
      </trkpt>
      <trkpt lat="45.79657" lon="7.852517">
        <ele>2447</ele>
        <extensions>
          <distance>12346</distance>
        </extensions>
      </trkpt>
      <trkpt lat="45.796598" lon="7.852449">
        <ele>2445</ele>
        <extensions>
          <distance>12353</distance>
        </extensions>
      </trkpt>
      <trkpt lat="45.796597" lon="7.852389">
        <ele>2444</ele>
        <extensions>
          <distance>12358</distance>
        </extensions>
      </trkpt>
      <trkpt lat="45.796606" lon="7.852344">
        <ele>2443</ele>
        <extensions>
          <distance>12361</distance>
        </extensions>
      </trkpt>
      <trkpt lat="45.796642" lon="7.852263">
        <ele>2440</ele>
        <extensions>
          <distance>12369</distance>
        </extensions>
      </trkpt>
      <trkpt lat="45.796639" lon="7.852191">
        <ele>2439</ele>
        <extensions>
          <distance>12375</distance>
        </extensions>
      </trkpt>
      <trkpt lat="45.796685" lon="7.852104">
        <ele>2436</ele>
        <extensions>
          <distance>12384</distance>
        </extensions>
      </trkpt>
      <trkpt lat="45.796698" lon="7.852048">
        <ele>2435</ele>
        <extensions>
          <distance>12389</distance>
        </extensions>
      </trkpt>
      <trkpt lat="45.79672" lon="7.852025">
        <ele>2435</ele>
        <extensions>
          <distance>12392</distance>
        </extensions>
      </trkpt>
      <trkpt lat="45.796691" lon="7.851969">
        <ele>2435</ele>
        <extensions>
          <distance>12397</distance>
        </extensions>
      </trkpt>
      <trkpt lat="45.796712" lon="7.851909">
        <ele>2434</ele>
        <extensions>
          <distance>12402</distance>
        </extensions>
      </trkpt>
      <trkpt lat="45.796705" lon="7.851874">
        <ele>2434</ele>
        <extensions>
          <distance>12405</distance>
        </extensions>
      </trkpt>
      <trkpt lat="45.796647" lon="7.85174">
        <ele>2434</ele>
        <extensions>
          <distance>12417</distance>
        </extensions>
      </trkpt>
      <trkpt lat="45.796665" lon="7.851723">
        <ele>2434</ele>
        <extensions>
          <distance>12420</distance>
        </extensions>
      </trkpt>
      <trkpt lat="45.796721" lon="7.851701">
        <ele>2432</ele>
        <extensions>
          <distance>12426</distance>
        </extensions>
      </trkpt>
      <trkpt lat="45.796734" lon="7.851705">
        <ele>2432</ele>
        <extensions>
          <distance>12428</distance>
        </extensions>
      </trkpt>
      <trkpt lat="45.796782" lon="7.851688">
        <ele>2430</ele>
        <extensions>
          <distance>12433</distance>
        </extensions>
      </trkpt>
      <trkpt lat="45.796829" lon="7.85173">
        <ele>2429</ele>
        <extensions>
          <distance>12440</distance>
        </extensions>
      </trkpt>
      <trkpt lat="45.796885" lon="7.851814">
        <ele>2428</ele>
        <extensions>
          <distance>12449</distance>
        </extensions>
      </trkpt>
      <trkpt lat="45.796914" lon="7.851831">
        <ele>2427</ele>
        <extensions>
          <distance>12452</distance>
        </extensions>
      </trkpt>
      <trkpt lat="45.796979" lon="7.851814">
        <ele>2425</ele>
        <extensions>
          <distance>12460</distance>
        </extensions>
      </trkpt>
      <trkpt lat="45.797008" lon="7.851771">
        <ele>2423</ele>
        <extensions>
          <distance>12465</distance>
        </extensions>
      </trkpt>
      <trkpt lat="45.797055" lon="7.85173">
        <ele>2421</ele>
        <extensions>
          <distance>12472</distance>
        </extensions>
      </trkpt>
      <trkpt lat="45.797068" lon="7.851703">
        <ele>2420</ele>
        <extensions>
          <distance>12474</distance>
        </extensions>
      </trkpt>
      <trkpt lat="45.797078" lon="7.851633">
        <ele>2418</ele>
        <extensions>
          <distance>12480</distance>
        </extensions>
      </trkpt>
      <trkpt lat="45.797061" lon="7.851579">
        <ele>2417</ele>
        <extensions>
          <distance>12485</distance>
        </extensions>
      </trkpt>
      <trkpt lat="45.797081" lon="7.851535">
        <ele>2415</ele>
        <extensions>
          <distance>12489</distance>
        </extensions>
      </trkpt>
      <trkpt lat="45.797075" lon="7.851488">
        <ele>2414</ele>
        <extensions>
          <distance>12493</distance>
        </extensions>
      </trkpt>
      <trkpt lat="45.797078" lon="7.85138">
        <ele>2411</ele>
        <extensions>
          <distance>12502</distance>
        </extensions>
      </trkpt>
      <trkpt lat="45.797087" lon="7.851318">
        <ele>2409</ele>
        <extensions>
          <distance>12507</distance>
        </extensions>
      </trkpt>
      <trkpt lat="45.797104" lon="7.851269">
        <ele>2408</ele>
        <extensions>
          <distance>12512</distance>
        </extensions>
      </trkpt>
      <trkpt lat="45.797093" lon="7.851219">
        <ele>2407</ele>
        <extensions>
          <distance>12516</distance>
        </extensions>
      </trkpt>
      <trkpt lat="45.79709" lon="7.851122">
        <ele>2405</ele>
        <extensions>
          <distance>12524</distance>
        </extensions>
      </trkpt>
      <trkpt lat="45.797111" lon="7.851025">
        <ele>2403</ele>
        <extensions>
          <distance>12532</distance>
        </extensions>
      </trkpt>
      <trkpt lat="45.797122" lon="7.85093">
        <ele>2401</ele>
        <extensions>
          <distance>12540</distance>
        </extensions>
      </trkpt>
      <trkpt lat="45.79711" lon="7.850835">
        <ele>2400</ele>
        <extensions>
          <distance>12547</distance>
        </extensions>
      </trkpt>
      <trkpt lat="45.797136" lon="7.850756">
        <ele>2398</ele>
        <extensions>
          <distance>12554</distance>
        </extensions>
      </trkpt>
      <trkpt lat="45.797142" lon="7.850682">
        <ele>2397</ele>
        <extensions>
          <distance>12560</distance>
        </extensions>
      </trkpt>
      <trkpt lat="45.797185" lon="7.850632">
        <ele>2395</ele>
        <extensions>
          <distance>12567</distance>
        </extensions>
      </trkpt>
      <trkpt lat="45.797192" lon="7.850589">
        <ele>2394</ele>
        <extensions>
          <distance>12570</distance>
        </extensions>
      </trkpt>
      <trkpt lat="45.797237" lon="7.850578">
        <ele>2392</ele>
        <extensions>
          <distance>12576</distance>
        </extensions>
      </trkpt>
      <trkpt lat="45.797257" lon="7.850585">
        <ele>2391</ele>
        <extensions>
          <distance>12578</distance>
        </extensions>
      </trkpt>
      <trkpt lat="45.797269" lon="7.850566">
        <ele>2391</ele>
        <extensions>
          <distance>12580</distance>
        </extensions>
      </trkpt>
      <trkpt lat="45.797277" lon="7.850589">
        <ele>2391</ele>
        <extensions>
          <distance>12582</distance>
        </extensions>
      </trkpt>
      <trkpt lat="45.797332" lon="7.850583">
        <ele>2389</ele>
        <extensions>
          <distance>12589</distance>
        </extensions>
      </trkpt>
      <trkpt lat="45.797414" lon="7.850518">
        <ele>2384</ele>
        <extensions>
          <distance>12600</distance>
        </extensions>
      </trkpt>
      <trkpt lat="45.79744" lon="7.850463">
        <ele>2381</ele>
        <extensions>
          <distance>12606</distance>
        </extensions>
      </trkpt>
      <trkpt lat="45.797509" lon="7.850477">
        <ele>2379</ele>
        <extensions>
          <distance>12614</distance>
        </extensions>
      </trkpt>
      <trkpt lat="45.797538" lon="7.850385">
        <ele>2374</ele>
        <extensions>
          <distance>12623</distance>
        </extensions>
      </trkpt>
      <trkpt lat="45.797584" lon="7.850359">
        <ele>2372</ele>
        <extensions>
          <distance>12629</distance>
        </extensions>
      </trkpt>
      <trkpt lat="45.797623" lon="7.85032">
        <ele>2370</ele>
        <extensions>
          <distance>12635</distance>
        </extensions>
      </trkpt>
      <trkpt lat="45.797657" lon="7.850304">
        <ele>2369</ele>
        <extensions>
          <distance>12639</distance>
        </extensions>
      </trkpt>
      <trkpt lat="45.797684" lon="7.850323">
        <ele>2368</ele>
        <extensions>
          <distance>12642</distance>
        </extensions>
      </trkpt>
      <trkpt lat="45.797718" lon="7.8503">
        <ele>2367</ele>
        <extensions>
          <distance>12647</distance>
        </extensions>
      </trkpt>
      <trkpt lat="45.797768" lon="7.850287">
        <ele>2365</ele>
        <extensions>
          <distance>12652</distance>
        </extensions>
      </trkpt>
      <trkpt lat="45.797796" lon="7.850255">
        <ele>2363</ele>
        <extensions>
          <distance>12657</distance>
        </extensions>
      </trkpt>
      <trkpt lat="45.797823" lon="7.850245">
        <ele>2363</ele>
        <extensions>
          <distance>12660</distance>
        </extensions>
      </trkpt>
      <trkpt lat="45.797841" lon="7.850208">
        <ele>2361</ele>
        <extensions>
          <distance>12664</distance>
        </extensions>
      </trkpt>
      <trkpt lat="45.797881" lon="7.850173">
        <ele>2360</ele>
        <extensions>
          <distance>12669</distance>
        </extensions>
      </trkpt>
      <trkpt lat="45.797896" lon="7.850097">
        <ele>2356</ele>
        <extensions>
          <distance>12676</distance>
        </extensions>
      </trkpt>
      <trkpt lat="45.797921" lon="7.850081">
        <ele>2356</ele>
        <extensions>
          <distance>12680</distance>
        </extensions>
      </trkpt>
      <trkpt lat="45.797952" lon="7.850043">
        <ele>2355</ele>
        <extensions>
          <distance>12684</distance>
        </extensions>
      </trkpt>
      <trkpt lat="45.797949" lon="7.850012">
        <ele>2353</ele>
        <extensions>
          <distance>12687</distance>
        </extensions>
      </trkpt>
      <trkpt lat="45.797934" lon="7.849993">
        <ele>2352</ele>
        <extensions>
          <distance>12689</distance>
        </extensions>
      </trkpt>
      <trkpt lat="45.797952" lon="7.849964">
        <ele>2351</ele>
        <extensions>
          <distance>12692</distance>
        </extensions>
      </trkpt>
      <trkpt lat="45.797927" lon="7.849901">
        <ele>2349</ele>
        <extensions>
          <distance>12699</distance>
        </extensions>
      </trkpt>
      <trkpt lat="45.797927" lon="7.849869">
        <ele>2347</ele>
        <extensions>
          <distance>12701</distance>
        </extensions>
      </trkpt>
      <trkpt lat="45.797905" lon="7.849822">
        <ele>2345</ele>
        <extensions>
          <distance>12706</distance>
        </extensions>
      </trkpt>
      <trkpt lat="45.797912" lon="7.849761">
        <ele>2343</ele>
        <extensions>
          <distance>12711</distance>
        </extensions>
      </trkpt>
      <trkpt lat="45.797945" lon="7.849749">
        <ele>2343</ele>
        <extensions>
          <distance>12715</distance>
        </extensions>
      </trkpt>
      <trkpt lat="45.798002" lon="7.849749">
        <ele>2343</ele>
        <extensions>
          <distance>12721</distance>
        </extensions>
      </trkpt>
      <trkpt lat="45.798175" lon="7.849663">
        <ele>2339</ele>
        <extensions>
          <distance>12742</distance>
        </extensions>
      </trkpt>
      <trkpt lat="45.79821" lon="7.84967">
        <ele>2339</ele>
        <extensions>
          <distance>12746</distance>
        </extensions>
      </trkpt>
      <trkpt lat="45.798237" lon="7.849635">
        <ele>2337</ele>
        <extensions>
          <distance>12750</distance>
        </extensions>
      </trkpt>
      <trkpt lat="45.798307" lon="7.849609">
        <ele>2335</ele>
        <extensions>
          <distance>12759</distance>
        </extensions>
      </trkpt>
      <trkpt lat="45.798382" lon="7.849632">
        <ele>2334</ele>
        <extensions>
          <distance>12767</distance>
        </extensions>
      </trkpt>
      <trkpt lat="45.798422" lon="7.849616">
        <ele>2333</ele>
        <extensions>
          <distance>12772</distance>
        </extensions>
      </trkpt>
      <trkpt lat="45.798457" lon="7.849619">
        <ele>2333</ele>
        <extensions>
          <distance>12776</distance>
        </extensions>
      </trkpt>
      <trkpt lat="45.798468" lon="7.849651">
        <ele>2333</ele>
        <extensions>
          <distance>12779</distance>
        </extensions>
      </trkpt>
      <trkpt lat="45.79849" lon="7.849654">
        <ele>2333</ele>
        <extensions>
          <distance>12781</distance>
        </extensions>
      </trkpt>
      <trkpt lat="45.798513" lon="7.849654">
        <ele>2332</ele>
        <extensions>
          <distance>12784</distance>
        </extensions>
      </trkpt>
      <trkpt lat="45.798557" lon="7.849616">
        <ele>2333</ele>
        <extensions>
          <distance>12789</distance>
        </extensions>
      </trkpt>
      <trkpt lat="45.798583" lon="7.849613">
        <ele>2333</ele>
        <extensions>
          <distance>12792</distance>
        </extensions>
      </trkpt>
      <trkpt lat="45.798601" lon="7.849651">
        <ele>2332</ele>
        <extensions>
          <distance>12796</distance>
        </extensions>
      </trkpt>
      <trkpt lat="45.798647" lon="7.849711">
        <ele>2331</ele>
        <extensions>
          <distance>12803</distance>
        </extensions>
      </trkpt>
      <trkpt lat="45.798711" lon="7.849704">
        <ele>2331</ele>
        <extensions>
          <distance>12810</distance>
        </extensions>
      </trkpt>
      <trkpt lat="45.798775" lon="7.849632">
        <ele>2331</ele>
        <extensions>
          <distance>12819</distance>
        </extensions>
      </trkpt>
      <trkpt lat="45.7988" lon="7.849578">
        <ele>2330</ele>
        <extensions>
          <distance>12824</distance>
        </extensions>
      </trkpt>
      <trkpt lat="45.7988" lon="7.849527">
        <ele>2328</ele>
        <extensions>
          <distance>12828</distance>
        </extensions>
      </trkpt>
      <trkpt lat="45.798782" lon="7.849473">
        <ele>2326</ele>
        <extensions>
          <distance>12833</distance>
        </extensions>
      </trkpt>
      <trkpt lat="45.798771" lon="7.849391">
        <ele>2324</ele>
        <extensions>
          <distance>12840</distance>
        </extensions>
      </trkpt>
      <trkpt lat="45.798782" lon="7.849324">
        <ele>2322</ele>
        <extensions>
          <distance>12845</distance>
        </extensions>
      </trkpt>
      <trkpt lat="45.798827" lon="7.849273">
        <ele>2321</ele>
        <extensions>
          <distance>12852</distance>
        </extensions>
      </trkpt>
      <trkpt lat="45.798888" lon="7.849169">
        <ele>2318</ele>
        <extensions>
          <distance>12863</distance>
        </extensions>
      </trkpt>
      <trkpt lat="45.798886" lon="7.849052">
        <ele>2315</ele>
        <extensions>
          <distance>12873</distance>
        </extensions>
      </trkpt>
      <trkpt lat="45.798919" lon="7.848966">
        <ele>2313</ele>
        <extensions>
          <distance>12880</distance>
        </extensions>
      </trkpt>
      <trkpt lat="45.798917" lon="7.848931">
        <ele>2312</ele>
        <extensions>
          <distance>12884</distance>
        </extensions>
      </trkpt>
      <trkpt lat="45.798877" lon="7.848865">
        <ele>2311</ele>
        <extensions>
          <distance>12890</distance>
        </extensions>
      </trkpt>
      <trkpt lat="45.798888" lon="7.848805">
        <ele>2309</ele>
        <extensions>
          <distance>12896</distance>
        </extensions>
      </trkpt>
      <trkpt lat="45.798888" lon="7.848751">
        <ele>2308</ele>
        <extensions>
          <distance>12900</distance>
        </extensions>
      </trkpt>
      <trkpt lat="45.798879" lon="7.848691">
        <ele>2307</ele>
        <extensions>
          <distance>12904</distance>
        </extensions>
      </trkpt>
      <trkpt lat="45.798862" lon="7.848656">
        <ele>2306</ele>
        <extensions>
          <distance>12908</distance>
        </extensions>
      </trkpt>
      <trkpt lat="45.798864" lon="7.848605">
        <ele>2305</ele>
        <extensions>
          <distance>12912</distance>
        </extensions>
      </trkpt>
      <trkpt lat="45.798844" lon="7.848491">
        <ele>2303</ele>
        <extensions>
          <distance>12922</distance>
        </extensions>
      </trkpt>
      <trkpt lat="45.79887" lon="7.848415">
        <ele>2301</ele>
        <extensions>
          <distance>12928</distance>
        </extensions>
      </trkpt>
      <trkpt lat="45.798848" lon="7.848311">
        <ele>2299</ele>
        <extensions>
          <distance>12937</distance>
        </extensions>
      </trkpt>
      <trkpt lat="45.798895" lon="7.848263">
        <ele>2299</ele>
        <extensions>
          <distance>12944</distance>
        </extensions>
      </trkpt>
      <trkpt lat="45.798923" lon="7.848269">
        <ele>2299</ele>
        <extensions>
          <distance>12947</distance>
        </extensions>
      </trkpt>
      <trkpt lat="45.798934" lon="7.848304">
        <ele>2298</ele>
        <extensions>
          <distance>12950</distance>
        </extensions>
      </trkpt>
      <trkpt lat="45.798937" lon="7.848355">
        <ele>2298</ele>
        <extensions>
          <distance>12954</distance>
        </extensions>
      </trkpt>
      <trkpt lat="45.799023" lon="7.848415">
        <ele>2298</ele>
        <extensions>
          <distance>12964</distance>
        </extensions>
      </trkpt>
      <trkpt lat="45.79904" lon="7.848345">
        <ele>2298</ele>
        <extensions>
          <distance>12970</distance>
        </extensions>
      </trkpt>
      <trkpt lat="45.799067" lon="7.848304">
        <ele>2297</ele>
        <extensions>
          <distance>12974</distance>
        </extensions>
      </trkpt>
      <trkpt lat="45.799082" lon="7.848257">
        <ele>2296</ele>
        <extensions>
          <distance>12979</distance>
        </extensions>
      </trkpt>
      <trkpt lat="45.799127" lon="7.848174">
        <ele>2295</ele>
        <extensions>
          <distance>12987</distance>
        </extensions>
      </trkpt>
      <trkpt lat="45.799193" lon="7.848098">
        <ele>2294</ele>
        <extensions>
          <distance>12996</distance>
        </extensions>
      </trkpt>
      <trkpt lat="45.799255" lon="7.848">
        <ele>2294</ele>
        <extensions>
          <distance>13006</distance>
        </extensions>
      </trkpt>
      <trkpt lat="45.799272" lon="7.847886">
        <ele>2293</ele>
        <extensions>
          <distance>13016</distance>
        </extensions>
      </trkpt>
      <trkpt lat="45.799316" lon="7.847721">
        <ele>2291</ele>
        <extensions>
          <distance>13029</distance>
        </extensions>
      </trkpt>
      <trkpt lat="45.799316" lon="7.847658">
        <ele>2290</ele>
        <extensions>
          <distance>13034</distance>
        </extensions>
      </trkpt>
      <trkpt lat="45.799336" lon="7.847595">
        <ele>2289</ele>
        <extensions>
          <distance>13040</distance>
        </extensions>
      </trkpt>
      <trkpt lat="45.799341" lon="7.847414">
        <ele>2286</ele>
        <extensions>
          <distance>13054</distance>
        </extensions>
      </trkpt>
      <trkpt lat="45.799396" lon="7.847227">
        <ele>2281</ele>
        <extensions>
          <distance>13071</distance>
        </extensions>
      </trkpt>
      <trkpt lat="45.799405" lon="7.847072">
        <ele>2277</ele>
        <extensions>
          <distance>13084</distance>
        </extensions>
      </trkpt>
      <trkpt lat="45.799361" lon="7.847025">
        <ele>2276</ele>
        <extensions>
          <distance>13090</distance>
        </extensions>
      </trkpt>
      <trkpt lat="45.799374" lon="7.846993">
        <ele>2275</ele>
        <extensions>
          <distance>13093</distance>
        </extensions>
      </trkpt>
      <trkpt lat="45.799475" lon="7.846898">
        <ele>2272</ele>
        <extensions>
          <distance>13107</distance>
        </extensions>
      </trkpt>
      <trkpt lat="45.799517" lon="7.84679">
        <ele>2270</ele>
        <extensions>
          <distance>13116</distance>
        </extensions>
      </trkpt>
      <trkpt lat="45.799537" lon="7.846787">
        <ele>2270</ele>
        <extensions>
          <distance>13118</distance>
        </extensions>
      </trkpt>
      <trkpt lat="45.799568" lon="7.846762">
        <ele>2270</ele>
        <extensions>
          <distance>13122</distance>
        </extensions>
      </trkpt>
      <trkpt lat="45.799544" lon="7.846638">
        <ele>2267</ele>
        <extensions>
          <distance>13133</distance>
        </extensions>
      </trkpt>
      <trkpt lat="45.799553" lon="7.846492">
        <ele>2263</ele>
        <extensions>
          <distance>13145</distance>
        </extensions>
      </trkpt>
      <trkpt lat="45.799551" lon="7.846385">
        <ele>2261</ele>
        <extensions>
          <distance>13153</distance>
        </extensions>
      </trkpt>
      <trkpt lat="45.799559" lon="7.846299">
        <ele>2259</ele>
        <extensions>
          <distance>13161</distance>
        </extensions>
      </trkpt>
      <trkpt lat="45.799592" lon="7.84621">
        <ele>2258</ele>
        <extensions>
          <distance>13168</distance>
        </extensions>
      </trkpt>
      <trkpt lat="45.799617" lon="7.846176">
        <ele>2258</ele>
        <extensions>
          <distance>13172</distance>
        </extensions>
      </trkpt>
      <trkpt lat="45.799606" lon="7.846134">
        <ele>2257</ele>
        <extensions>
          <distance>13176</distance>
        </extensions>
      </trkpt>
      <trkpt lat="45.79961" lon="7.846106">
        <ele>2257</ele>
        <extensions>
          <distance>13178</distance>
        </extensions>
      </trkpt>
      <trkpt lat="45.799668" lon="7.845903">
        <ele>2254</ele>
        <extensions>
          <distance>13195</distance>
        </extensions>
      </trkpt>
      <trkpt lat="45.799674" lon="7.845726">
        <ele>2251</ele>
        <extensions>
          <distance>13209</distance>
        </extensions>
      </trkpt>
      <trkpt lat="45.799703" lon="7.84564">
        <ele>2250</ele>
        <extensions>
          <distance>13217</distance>
        </extensions>
      </trkpt>
      <trkpt lat="45.799696" lon="7.845567">
        <ele>2248</ele>
        <extensions>
          <distance>13223</distance>
        </extensions>
      </trkpt>
      <trkpt lat="45.799705" lon="7.845495">
        <ele>2247</ele>
        <extensions>
          <distance>13229</distance>
        </extensions>
      </trkpt>
      <trkpt lat="45.799705" lon="7.845396">
        <ele>2245</ele>
        <extensions>
          <distance>13237</distance>
        </extensions>
      </trkpt>
      <trkpt lat="45.799725" lon="7.845314">
        <ele>2245</ele>
        <extensions>
          <distance>13243</distance>
        </extensions>
      </trkpt>
      <trkpt lat="45.799732" lon="7.845184">
        <ele>2242</ele>
        <extensions>
          <distance>13254</distance>
        </extensions>
      </trkpt>
      <trkpt lat="45.799745" lon="7.845108">
        <ele>2241</ele>
        <extensions>
          <distance>13260</distance>
        </extensions>
      </trkpt>
      <trkpt lat="45.799732" lon="7.845048">
        <ele>2239</ele>
        <extensions>
          <distance>13265</distance>
        </extensions>
      </trkpt>
      <trkpt lat="45.799771" lon="7.84489">
        <ele>2237</ele>
        <extensions>
          <distance>13278</distance>
        </extensions>
      </trkpt>
      <trkpt lat="45.799771" lon="7.844763">
        <ele>2234</ele>
        <extensions>
          <distance>13289</distance>
        </extensions>
      </trkpt>
      <trkpt lat="45.799789" lon="7.84468">
        <ele>2233</ele>
        <extensions>
          <distance>13295</distance>
        </extensions>
      </trkpt>
      <trkpt lat="45.799785" lon="7.84462">
        <ele>2232</ele>
        <extensions>
          <distance>13300</distance>
        </extensions>
      </trkpt>
      <trkpt lat="45.799793" lon="7.844579">
        <ele>2232</ele>
        <extensions>
          <distance>13303</distance>
        </extensions>
      </trkpt>
      <trkpt lat="45.799793" lon="7.844468">
        <ele>2231</ele>
        <extensions>
          <distance>13312</distance>
        </extensions>
      </trkpt>
      <trkpt lat="45.79982" lon="7.844316">
        <ele>2230</ele>
        <extensions>
          <distance>13324</distance>
        </extensions>
      </trkpt>
      <trkpt lat="45.799893" lon="7.844079">
        <ele>2230</ele>
        <extensions>
          <distance>13344</distance>
        </extensions>
      </trkpt>
      <trkpt lat="45.799877" lon="7.843904">
        <ele>2227</ele>
        <extensions>
          <distance>13358</distance>
        </extensions>
      </trkpt>
      <trkpt lat="45.799919" lon="7.84379">
        <ele>2227</ele>
        <extensions>
          <distance>13368</distance>
        </extensions>
      </trkpt>
      <trkpt lat="45.799928" lon="7.843629">
        <ele>2225</ele>
        <extensions>
          <distance>13381</distance>
        </extensions>
      </trkpt>
      <trkpt lat="45.799919" lon="7.843543">
        <ele>2224</ele>
        <extensions>
          <distance>13388</distance>
        </extensions>
      </trkpt>
      <trkpt lat="45.799877" lon="7.843461">
        <ele>2223</ele>
        <extensions>
          <distance>13396</distance>
        </extensions>
      </trkpt>
      <trkpt lat="45.799824" lon="7.843436">
        <ele>2221</ele>
        <extensions>
          <distance>13402</distance>
        </extensions>
      </trkpt>
      <trkpt lat="45.799765" lon="7.84336">
        <ele>2219</ele>
        <extensions>
          <distance>13411</distance>
        </extensions>
      </trkpt>
      <trkpt lat="45.799749" lon="7.843322">
        <ele>2219</ele>
        <extensions>
          <distance>13415</distance>
        </extensions>
      </trkpt>
      <trkpt lat="45.79974" lon="7.843261">
        <ele>2218</ele>
        <extensions>
          <distance>13420</distance>
        </extensions>
      </trkpt>
      <trkpt lat="45.799745" lon="7.843116">
        <ele>2218</ele>
        <extensions>
          <distance>13431</distance>
        </extensions>
      </trkpt>
      <trkpt lat="45.799705" lon="7.843049">
        <ele>2216</ele>
        <extensions>
          <distance>13438</distance>
        </extensions>
      </trkpt>
      <trkpt lat="45.799674" lon="7.843046">
        <ele>2215</ele>
        <extensions>
          <distance>13441</distance>
        </extensions>
      </trkpt>
      <trkpt lat="45.799645" lon="7.843021">
        <ele>2214</ele>
        <extensions>
          <distance>13445</distance>
        </extensions>
      </trkpt>
      <trkpt lat="45.79963" lon="7.842983">
        <ele>2213</ele>
        <extensions>
          <distance>13449</distance>
        </extensions>
      </trkpt>
      <trkpt lat="45.79963" lon="7.842856">
        <ele>2211</ele>
        <extensions>
          <distance>13459</distance>
        </extensions>
      </trkpt>
      <trkpt lat="45.799623" lon="7.842812">
        <ele>2210</ele>
        <extensions>
          <distance>13462</distance>
        </extensions>
      </trkpt>
      <trkpt lat="45.799566" lon="7.842679">
        <ele>2206</ele>
        <extensions>
          <distance>13475</distance>
        </extensions>
      </trkpt>
      <trkpt lat="45.79957" lon="7.842637">
        <ele>2205</ele>
        <extensions>
          <distance>13479</distance>
        </extensions>
      </trkpt>
      <trkpt lat="45.799557" lon="7.842571">
        <ele>2204</ele>
        <extensions>
          <distance>13484</distance>
        </extensions>
      </trkpt>
      <trkpt lat="45.799557" lon="7.842501">
        <ele>2203</ele>
        <extensions>
          <distance>13490</distance>
        </extensions>
      </trkpt>
      <trkpt lat="45.79957" lon="7.842431">
        <ele>2203</ele>
        <extensions>
          <distance>13495</distance>
        </extensions>
      </trkpt>
      <trkpt lat="45.799564" lon="7.842371">
        <ele>2202</ele>
        <extensions>
          <distance>13500</distance>
        </extensions>
      </trkpt>
      <trkpt lat="45.799568" lon="7.842276">
        <ele>2202</ele>
        <extensions>
          <distance>13507</distance>
        </extensions>
      </trkpt>
      <trkpt lat="45.799597" lon="7.842184">
        <ele>2202</ele>
        <extensions>
          <distance>13515</distance>
        </extensions>
      </trkpt>
      <trkpt lat="45.799575" lon="7.842026">
        <ele>2200</ele>
        <extensions>
          <distance>13528</distance>
        </extensions>
      </trkpt>
      <trkpt lat="45.799573" lon="7.841918">
        <ele>2199</ele>
        <extensions>
          <distance>13536</distance>
        </extensions>
      </trkpt>
      <trkpt lat="45.799584" lon="7.841735">
        <ele>2199</ele>
        <extensions>
          <distance>13551</distance>
        </extensions>
      </trkpt>
      <trkpt lat="45.799606" lon="7.841564">
        <ele>2198</ele>
        <extensions>
          <distance>13564</distance>
        </extensions>
      </trkpt>
      <trkpt lat="45.799606" lon="7.841491">
        <ele>2197</ele>
        <extensions>
          <distance>13570</distance>
        </extensions>
      </trkpt>
      <trkpt lat="45.799588" lon="7.841421">
        <ele>2195</ele>
        <extensions>
          <distance>13576</distance>
        </extensions>
      </trkpt>
      <trkpt lat="45.799564" lon="7.841358">
        <ele>2193</ele>
        <extensions>
          <distance>13582</distance>
        </extensions>
      </trkpt>
      <trkpt lat="45.799526" lon="7.841294">
        <ele>2190</ele>
        <extensions>
          <distance>13589</distance>
        </extensions>
      </trkpt>
      <trkpt lat="45.799504" lon="7.841218">
        <ele>2188</ele>
        <extensions>
          <distance>13596</distance>
        </extensions>
      </trkpt>
      <trkpt lat="45.799469" lon="7.841168">
        <ele>2185</ele>
        <extensions>
          <distance>13602</distance>
        </extensions>
      </trkpt>
      <trkpt lat="45.799405" lon="7.841041">
        <ele>2181</ele>
        <extensions>
          <distance>13615</distance>
        </extensions>
      </trkpt>
      <trkpt lat="45.799339" lon="7.840848">
        <ele>2177</ele>
        <extensions>
          <distance>13632</distance>
        </extensions>
      </trkpt>
      <trkpt lat="45.799358" lon="7.840743">
        <ele>2177</ele>
        <extensions>
          <distance>13641</distance>
        </extensions>
      </trkpt>
      <trkpt lat="45.799358" lon="7.840686">
        <ele>2176</ele>
        <extensions>
          <distance>13645</distance>
        </extensions>
      </trkpt>
      <trkpt lat="45.79938" lon="7.840651">
        <ele>2176</ele>
        <extensions>
          <distance>13649</distance>
        </extensions>
      </trkpt>
      <trkpt lat="45.799389" lon="7.84062">
        <ele>2176</ele>
        <extensions>
          <distance>13651</distance>
        </extensions>
      </trkpt>
      <trkpt lat="45.799356" lon="7.840578">
        <ele>2175</ele>
        <extensions>
          <distance>13656</distance>
        </extensions>
      </trkpt>
      <trkpt lat="45.799323" lon="7.840569">
        <ele>2173</ele>
        <extensions>
          <distance>13660</distance>
        </extensions>
      </trkpt>
      <trkpt lat="45.799312" lon="7.840515">
        <ele>2172</ele>
        <extensions>
          <distance>13665</distance>
        </extensions>
      </trkpt>
      <trkpt lat="45.799297" lon="7.84048">
        <ele>2171</ele>
        <extensions>
          <distance>13668</distance>
        </extensions>
      </trkpt>
      <trkpt lat="45.799235" lon="7.840439">
        <ele>2168</ele>
        <extensions>
          <distance>13676</distance>
        </extensions>
      </trkpt>
      <trkpt lat="45.799213" lon="7.840407">
        <ele>2166</ele>
        <extensions>
          <distance>13680</distance>
        </extensions>
      </trkpt>
      <trkpt lat="45.799219" lon="7.840382">
        <ele>2166</ele>
        <extensions>
          <distance>13682</distance>
        </extensions>
      </trkpt>
      <trkpt lat="45.799197" lon="7.840331">
        <ele>2165</ele>
        <extensions>
          <distance>13687</distance>
        </extensions>
      </trkpt>
      <trkpt lat="45.799164" lon="7.840287">
        <ele>2163</ele>
        <extensions>
          <distance>13692</distance>
        </extensions>
      </trkpt>
      <trkpt lat="45.799157" lon="7.840246">
        <ele>2162</ele>
        <extensions>
          <distance>13696</distance>
        </extensions>
      </trkpt>
      <trkpt lat="45.799162" lon="7.840129">
        <ele>2161</ele>
        <extensions>
          <distance>13705</distance>
        </extensions>
      </trkpt>
      <trkpt lat="45.799142" lon="7.84011">
        <ele>2159</ele>
        <extensions>
          <distance>13708</distance>
        </extensions>
      </trkpt>
      <trkpt lat="45.799127" lon="7.840075">
        <ele>2158</ele>
        <extensions>
          <distance>13711</distance>
        </extensions>
      </trkpt>
      <trkpt lat="45.799133" lon="7.839948">
        <ele>2156</ele>
        <extensions>
          <distance>13721</distance>
        </extensions>
      </trkpt>
      <trkpt lat="45.79912" lon="7.839926">
        <ele>2155</ele>
        <extensions>
          <distance>13723</distance>
        </extensions>
      </trkpt>
      <trkpt lat="45.799096" lon="7.839907">
        <ele>2153</ele>
        <extensions>
          <distance>13727</distance>
        </extensions>
      </trkpt>
      <trkpt lat="45.799023" lon="7.8399">
        <ele>2148</ele>
        <extensions>
          <distance>13737</distance>
        </extensions>
      </trkpt>
      <trkpt lat="45.798985" lon="7.839913">
        <ele>2146</ele>
        <extensions>
          <distance>13741</distance>
        </extensions>
      </trkpt>
      <trkpt lat="45.798961" lon="7.839945">
        <ele>2145</ele>
        <extensions>
          <distance>13745</distance>
        </extensions>
      </trkpt>
      <trkpt lat="45.798943" lon="7.839923">
        <ele>2143</ele>
        <extensions>
          <distance>13748</distance>
        </extensions>
      </trkpt>
      <trkpt lat="45.798954" lon="7.839752">
        <ele>2142</ele>
        <extensions>
          <distance>13762</distance>
        </extensions>
      </trkpt>
      <trkpt lat="45.798904" lon="7.839742">
        <ele>2138</ele>
        <extensions>
          <distance>13768</distance>
        </extensions>
      </trkpt>
      <trkpt lat="45.798886" lon="7.839783">
        <ele>2138</ele>
        <extensions>
          <distance>13772</distance>
        </extensions>
      </trkpt>
      <trkpt lat="45.798866" lon="7.83978">
        <ele>2137</ele>
        <extensions>
          <distance>13774</distance>
        </extensions>
      </trkpt>
      <trkpt lat="45.798871" lon="7.839669">
        <ele>2136</ele>
        <extensions>
          <distance>13783</distance>
        </extensions>
      </trkpt>
      <trkpt lat="45.798941" lon="7.839556">
        <ele>2135</ele>
        <extensions>
          <distance>13795</distance>
        </extensions>
      </trkpt>
      <trkpt lat="45.798965" lon="7.839391">
        <ele>2135</ele>
        <extensions>
          <distance>13808</distance>
        </extensions>
      </trkpt>
      <trkpt lat="45.798882" lon="7.839163">
        <ele>2125</ele>
        <extensions>
          <distance>13830</distance>
        </extensions>
      </trkpt>
      <trkpt lat="45.798875" lon="7.83892">
        <ele>2120</ele>
        <extensions>
          <distance>13849</distance>
        </extensions>
      </trkpt>
      <trkpt lat="45.798886" lon="7.838894">
        <ele>2120</ele>
        <extensions>
          <distance>13851</distance>
        </extensions>
      </trkpt>
      <trkpt lat="45.798948" lon="7.838841">
        <ele>2120</ele>
        <extensions>
          <distance>13860</distance>
        </extensions>
      </trkpt>
      <trkpt lat="45.79899" lon="7.838828">
        <ele>2117</ele>
        <extensions>
          <distance>13865</distance>
        </extensions>
      </trkpt>
      <trkpt lat="45.799025" lon="7.838771">
        <ele>2117</ele>
        <extensions>
          <distance>13870</distance>
        </extensions>
      </trkpt>
      <trkpt lat="45.799032" lon="7.838733">
        <ele>2117</ele>
        <extensions>
          <distance>13874</distance>
        </extensions>
      </trkpt>
      <trkpt lat="45.798954" lon="7.838746">
        <ele>2113</ele>
        <extensions>
          <distance>13883</distance>
        </extensions>
      </trkpt>
      <trkpt lat="45.798926" lon="7.83873">
        <ele>2112</ele>
        <extensions>
          <distance>13886</distance>
        </extensions>
      </trkpt>
      <trkpt lat="45.798915" lon="7.838698">
        <ele>2110</ele>
        <extensions>
          <distance>13890</distance>
        </extensions>
      </trkpt>
      <trkpt lat="45.798992" lon="7.838638">
        <ele>2110</ele>
        <extensions>
          <distance>13899</distance>
        </extensions>
      </trkpt>
      <trkpt lat="45.798996" lon="7.838588">
        <ele>2109</ele>
        <extensions>
          <distance>13903</distance>
        </extensions>
      </trkpt>
      <trkpt lat="45.799025" lon="7.838493">
        <ele>2108</ele>
        <extensions>
          <distance>13911</distance>
        </extensions>
      </trkpt>
      <trkpt lat="45.799087" lon="7.838429">
        <ele>2108</ele>
        <extensions>
          <distance>13920</distance>
        </extensions>
      </trkpt>
      <trkpt lat="45.7991" lon="7.838379">
        <ele>2107</ele>
        <extensions>
          <distance>13924</distance>
        </extensions>
      </trkpt>
      <trkpt lat="45.79917" lon="7.838262">
        <ele>2107</ele>
        <extensions>
          <distance>13936</distance>
        </extensions>
      </trkpt>
      <trkpt lat="45.799193" lon="7.83818">
        <ele>2105</ele>
        <extensions>
          <distance>13943</distance>
        </extensions>
      </trkpt>
      <trkpt lat="45.799193" lon="7.838116">
        <ele>2105</ele>
        <extensions>
          <distance>13948</distance>
        </extensions>
      </trkpt>
      <trkpt lat="45.799287" lon="7.837968">
        <ele>2102</ele>
        <extensions>
          <distance>13964</distance>
        </extensions>
      </trkpt>
      <trkpt lat="45.799232" lon="7.837977">
        <ele>2100</ele>
        <extensions>
          <distance>13970</distance>
        </extensions>
      </trkpt>
      <trkpt lat="45.799201" lon="7.838001">
        <ele>2098</ele>
        <extensions>
          <distance>13975</distance>
        </extensions>
      </trkpt>
      <trkpt lat="45.799146" lon="7.837917">
        <ele>2092</ele>
        <extensions>
          <distance>13985</distance>
        </extensions>
      </trkpt>
      <trkpt lat="45.799142" lon="7.837876">
        <ele>2091</ele>
        <extensions>
          <distance>13989</distance>
        </extensions>
      </trkpt>
      <trkpt lat="45.799155" lon="7.837835">
        <ele>2091</ele>
        <extensions>
          <distance>13992</distance>
        </extensions>
      </trkpt>
      <trkpt lat="45.79921" lon="7.83773">
        <ele>2091</ele>
        <extensions>
          <distance>14002</distance>
        </extensions>
      </trkpt>
      <trkpt lat="45.799215" lon="7.837686">
        <ele>2090</ele>
        <extensions>
          <distance>14006</distance>
        </extensions>
      </trkpt>
      <trkpt lat="45.799279" lon="7.837648">
        <ele>2090</ele>
        <extensions>
          <distance>14013</distance>
        </extensions>
      </trkpt>
      <trkpt lat="45.799305" lon="7.837566">
        <ele>2090</ele>
        <extensions>
          <distance>14020</distance>
        </extensions>
      </trkpt>
      <trkpt lat="45.79938" lon="7.837477">
        <ele>2090</ele>
        <extensions>
          <distance>14031</distance>
        </extensions>
      </trkpt>
      <trkpt lat="45.799413" lon="7.837382">
        <ele>2087</ele>
        <extensions>
          <distance>14040</distance>
        </extensions>
      </trkpt>
      <trkpt lat="45.799402" lon="7.837338">
        <ele>2084</ele>
        <extensions>
          <distance>14044</distance>
        </extensions>
      </trkpt>
      <trkpt lat="45.799475" lon="7.83725">
        <ele>2082</ele>
        <extensions>
          <distance>14055</distance>
        </extensions>
      </trkpt>
      <trkpt lat="45.799451" lon="7.837186">
        <ele>2078</ele>
        <extensions>
          <distance>14062</distance>
        </extensions>
      </trkpt>
      <trkpt lat="45.799497" lon="7.837104">
        <ele>2074</ele>
        <extensions>
          <distance>14071</distance>
        </extensions>
      </trkpt>
      <trkpt lat="45.799475" lon="7.837088">
        <ele>2072</ele>
        <extensions>
          <distance>14074</distance>
        </extensions>
      </trkpt>
      <trkpt lat="45.799499" lon="7.836985">
        <ele>2067</ele>
        <extensions>
          <distance>14084</distance>
        </extensions>
      </trkpt>
      <trkpt lat="45.79959" lon="7.83676">
        <ele>2060</ele>
        <extensions>
          <distance>14105</distance>
        </extensions>
      </trkpt>
      <trkpt lat="45.79934" lon="7.83665">
        <ele>2042</ele>
        <extensions>
          <distance>14140</distance>
        </extensions>
      </trkpt>
      <trkpt lat="45.79932" lon="7.836435">
        <ele>2036</ele>
        <extensions>
          <distance>14158</distance>
        </extensions>
      </trkpt>
      <trkpt lat="45.7993" lon="7.83622">
        <ele>2031</ele>
        <extensions>
          <distance>14175</distance>
        </extensions>
      </trkpt>
      <trkpt lat="45.79918" lon="7.83611">
        <ele>2020</ele>
        <extensions>
          <distance>14194</distance>
        </extensions>
      </trkpt>
      <trkpt lat="45.79906" lon="7.836">
        <ele>2013</ele>
        <extensions>
          <distance>14212</distance>
        </extensions>
      </trkpt>
      <trkpt lat="45.79912" lon="7.8359">
        <ele>2010</ele>
        <extensions>
          <distance>14222</distance>
        </extensions>
      </trkpt>
      <trkpt lat="45.79899" lon="7.83566">
        <ele>2002</ele>
        <extensions>
          <distance>14247</distance>
        </extensions>
      </trkpt>
      <trkpt lat="45.79903" lon="7.83556">
        <ele>2001</ele>
        <extensions>
          <distance>14256</distance>
        </extensions>
      </trkpt>
      <trkpt lat="45.79893" lon="7.83567">
        <ele>1996</ele>
        <extensions>
          <distance>14271</distance>
        </extensions>
      </trkpt>
      <trkpt lat="45.79875" lon="7.83559">
        <ele>1980</ele>
        <extensions>
          <distance>14297</distance>
        </extensions>
      </trkpt>
      <trkpt lat="45.79863" lon="7.83525">
        <ele>1966</ele>
        <extensions>
          <distance>14330</distance>
        </extensions>
      </trkpt>
      <trkpt lat="45.79866" lon="7.83507">
        <ele>1965</ele>
        <extensions>
          <distance>14345</distance>
        </extensions>
      </trkpt>
      <trkpt lat="45.798514999999995" lon="7.8349">
        <ele>1952</ele>
        <extensions>
          <distance>14368</distance>
        </extensions>
      </trkpt>
      <trkpt lat="45.79837" lon="7.83473">
        <ele>1941</ele>
        <extensions>
          <distance>14392</distance>
        </extensions>
      </trkpt>
      <trkpt lat="45.7983" lon="7.834505">
        <ele>1931</ele>
        <extensions>
          <distance>14413</distance>
        </extensions>
      </trkpt>
      <trkpt lat="45.79823" lon="7.83428">
        <ele>1919</ele>
        <extensions>
          <distance>14436</distance>
        </extensions>
      </trkpt>
      <trkpt lat="45.7981" lon="7.83426">
        <ele>1911</ele>
        <extensions>
          <distance>14452</distance>
        </extensions>
      </trkpt>
      <trkpt lat="45.79801" lon="7.83411">
        <ele>1904</ele>
        <extensions>
          <distance>14469</distance>
        </extensions>
      </trkpt>
      <trkpt lat="45.79803" lon="7.83393">
        <ele>1903</ele>
        <extensions>
          <distance>14483</distance>
        </extensions>
      </trkpt>
      <trkpt lat="45.797934999999995" lon="7.83367">
        <ele>1897</ele>
        <extensions>
          <distance>14507</distance>
        </extensions>
      </trkpt>
      <trkpt lat="45.79784" lon="7.83341">
        <ele>1890</ele>
        <extensions>
          <distance>14531</distance>
        </extensions>
      </trkpt>
      <trkpt lat="45.797865" lon="7.833195">
        <ele>1887</ele>
        <extensions>
          <distance>14548</distance>
        </extensions>
      </trkpt>
      <trkpt lat="45.79789" lon="7.83298">
        <ele>1882</ele>
        <extensions>
          <distance>14566</distance>
        </extensions>
      </trkpt>
      <trkpt lat="45.79787" lon="7.83276">
        <ele>1876</ele>
        <extensions>
          <distance>14584</distance>
        </extensions>
      </trkpt>
      <trkpt lat="45.79785" lon="7.83254">
        <ele>1869</ele>
        <extensions>
          <distance>14603</distance>
        </extensions>
      </trkpt>
      <trkpt lat="45.79783" lon="7.832319999999999">
        <ele>1862</ele>
        <extensions>
          <distance>14621</distance>
        </extensions>
      </trkpt>
      <trkpt lat="45.79781" lon="7.8321">
        <ele>1855</ele>
        <extensions>
          <distance>14640</distance>
        </extensions>
      </trkpt>
      <trkpt lat="45.7977" lon="7.8321">
        <ele>1854</ele>
        <extensions>
          <distance>14652</distance>
        </extensions>
      </trkpt>
      <trkpt lat="45.79758" lon="7.83232">
        <ele>1853</ele>
        <extensions>
          <distance>14674</distance>
        </extensions>
      </trkpt>
      <trkpt lat="45.7975" lon="7.83228">
        <ele>1850</ele>
        <extensions>
          <distance>14683</distance>
        </extensions>
      </trkpt>
      <trkpt lat="45.797405" lon="7.83251">
        <ele>1849</ele>
        <extensions>
          <distance>14704</distance>
        </extensions>
      </trkpt>
      <trkpt lat="45.79731" lon="7.83274">
        <ele>1848</ele>
        <extensions>
          <distance>14725</distance>
        </extensions>
      </trkpt>
      <trkpt lat="45.797200000000004" lon="7.832865">
        <ele>1842</ele>
        <extensions>
          <distance>14741</distance>
        </extensions>
      </trkpt>
      <trkpt lat="45.79709" lon="7.83299">
        <ele>1838</ele>
        <extensions>
          <distance>14757</distance>
        </extensions>
      </trkpt>
      <trkpt lat="45.79687" lon="7.83297">
        <ele>1824</ele>
        <extensions>
          <distance>14785</distance>
        </extensions>
      </trkpt>
      <trkpt lat="45.79691" lon="7.83279">
        <ele>1824</ele>
        <extensions>
          <distance>14800</distance>
        </extensions>
      </trkpt>
      <trkpt lat="45.79681" lon="7.83276">
        <ele>1819</ele>
        <extensions>
          <distance>14812</distance>
        </extensions>
      </trkpt>
      <trkpt lat="45.796765" lon="7.832485">
        <ele>1817</ele>
        <extensions>
          <distance>14834</distance>
        </extensions>
      </trkpt>
      <trkpt lat="45.79672" lon="7.83221">
        <ele>1813</ele>
        <extensions>
          <distance>14856</distance>
        </extensions>
      </trkpt>
      <trkpt lat="45.79675" lon="7.83197">
        <ele>1812</ele>
        <extensions>
          <distance>14875</distance>
        </extensions>
      </trkpt>
      <trkpt lat="45.79663" lon="7.83171">
        <ele>1801</ele>
        <extensions>
          <distance>14901</distance>
        </extensions>
      </trkpt>
      <trkpt lat="45.79664" lon="7.83149">
        <ele>1797</ele>
        <extensions>
          <distance>14919</distance>
        </extensions>
      </trkpt>
      <trkpt lat="45.79655" lon="7.83147">
        <ele>1792</ele>
        <extensions>
          <distance>14930</distance>
        </extensions>
      </trkpt>
      <trkpt lat="45.79658" lon="7.83136">
        <ele>1791</ele>
        <extensions>
          <distance>14939</distance>
        </extensions>
      </trkpt>
      <trkpt lat="45.79652" lon="7.83134">
        <ele>1786</ele>
        <extensions>
          <distance>14947</distance>
        </extensions>
      </trkpt>
      <trkpt lat="45.79647" lon="7.83104">
        <ele>1773</ele>
        <extensions>
          <distance>14974</distance>
        </extensions>
      </trkpt>
      <trkpt lat="45.79651" lon="7.83085">
        <ele>1769</ele>
        <extensions>
          <distance>14990</distance>
        </extensions>
      </trkpt>
      <trkpt lat="45.7964" lon="7.83075">
        <ele>1758</ele>
        <extensions>
          <distance>15009</distance>
        </extensions>
      </trkpt>
      <trkpt lat="45.79644" lon="7.83068">
        <ele>1756</ele>
        <extensions>
          <distance>15016</distance>
        </extensions>
      </trkpt>
      <trkpt lat="45.79631" lon="7.83068">
        <ele>1752</ele>
        <extensions>
          <distance>15031</distance>
        </extensions>
      </trkpt>
      <trkpt lat="45.79627" lon="7.83076">
        <ele>1751</ele>
        <extensions>
          <distance>15038</distance>
        </extensions>
      </trkpt>
      <trkpt lat="45.79626" lon="7.83055">
        <ele>1743</ele>
        <extensions>
          <distance>15056</distance>
        </extensions>
      </trkpt>
      <trkpt lat="45.79617" lon="7.83052">
        <ele>1739</ele>
        <extensions>
          <distance>15067</distance>
        </extensions>
      </trkpt>
      <trkpt lat="45.796265" lon="7.83037">
        <ele>1736</ele>
        <extensions>
          <distance>15083</distance>
        </extensions>
      </trkpt>
      <trkpt lat="45.79636" lon="7.83022">
        <ele>1734</ele>
        <extensions>
          <distance>15099</distance>
        </extensions>
      </trkpt>
      <trkpt lat="45.79618" lon="7.83018">
        <ele>1725</ele>
        <extensions>
          <distance>15121</distance>
        </extensions>
      </trkpt>
      <trkpt lat="45.79617" lon="7.83002">
        <ele>1718</ele>
        <extensions>
          <distance>15135</distance>
        </extensions>
      </trkpt>
      <trkpt lat="45.79629" lon="7.82994">
        <ele>1718</ele>
        <extensions>
          <distance>15150</distance>
        </extensions>
      </trkpt>
      <trkpt lat="45.79621" lon="7.8297349999999994">
        <ele>1698</ele>
        <extensions>
          <distance>15174</distance>
        </extensions>
      </trkpt>
      <trkpt lat="45.79613" lon="7.82953">
        <ele>1679</ele>
        <extensions>
          <distance>15200</distance>
        </extensions>
      </trkpt>
      <trkpt lat="45.796319999999994" lon="7.829445">
        <ele>1677</ele>
        <extensions>
          <distance>15222</distance>
        </extensions>
      </trkpt>
      <trkpt lat="45.79651" lon="7.82936">
        <ele>1674</ele>
        <extensions>
          <distance>15245</distance>
        </extensions>
      </trkpt>
      <trkpt lat="45.7965" lon="7.82924">
        <ele>1669</ele>
        <extensions>
          <distance>15256</distance>
        </extensions>
      </trkpt>
      <trkpt lat="45.79654" lon="7.82915">
        <ele>1667</ele>
        <extensions>
          <distance>15264</distance>
        </extensions>
      </trkpt>
      <trkpt lat="45.79665" lon="7.82913">
        <ele>1663</ele>
        <extensions>
          <distance>15277</distance>
        </extensions>
      </trkpt>
      <trkpt lat="45.79665" lon="7.8289">
        <ele>1658</ele>
        <extensions>
          <distance>15296</distance>
        </extensions>
      </trkpt>
      <trkpt lat="45.79679" lon="7.82891">
        <ele>1651</ele>
        <extensions>
          <distance>15313</distance>
        </extensions>
      </trkpt>
      <trkpt lat="45.79687" lon="7.82902">
        <ele>1651</ele>
        <extensions>
          <distance>15325</distance>
        </extensions>
      </trkpt>
      <trkpt lat="45.79688" lon="7.82888">
        <ele>1648</ele>
        <extensions>
          <distance>15336</distance>
        </extensions>
      </trkpt>
      <trkpt lat="45.79697" lon="7.82888">
        <ele>1646</ele>
        <extensions>
          <distance>15346</distance>
        </extensions>
      </trkpt>
      <trkpt lat="45.79701" lon="7.82874">
        <ele>1635</ele>
        <extensions>
          <distance>15361</distance>
        </extensions>
      </trkpt>
      <trkpt lat="45.7971" lon="7.82869">
        <ele>1629</ele>
        <extensions>
          <distance>15374</distance>
        </extensions>
      </trkpt>
      <trkpt lat="45.797238" lon="7.828703">
        <ele>1624</ele>
        <extensions>
          <distance>15390</distance>
        </extensions>
      </trkpt>
      <trkpt lat="45.797259" lon="7.828693">
        <ele>1623</ele>
        <extensions>
          <distance>15392</distance>
        </extensions>
      </trkpt>
      <trkpt lat="45.797369" lon="7.828693">
        <ele>1621</ele>
        <extensions>
          <distance>15405</distance>
        </extensions>
      </trkpt>
      <trkpt lat="45.797507" lon="7.828602">
        <ele>1611</ele>
        <extensions>
          <distance>15425</distance>
        </extensions>
      </trkpt>
      <trkpt lat="45.797563" lon="7.828556">
        <ele>1609</ele>
        <extensions>
          <distance>15432</distance>
        </extensions>
      </trkpt>
      <trkpt lat="45.797699" lon="7.828519">
        <ele>1608</ele>
        <extensions>
          <distance>15447</distance>
        </extensions>
      </trkpt>
      <trkpt lat="45.797801" lon="7.828422">
        <ele>1603</ele>
        <extensions>
          <distance>15462</distance>
        </extensions>
      </trkpt>
      <trkpt lat="45.797928" lon="7.828373">
        <ele>1603</ele>
        <extensions>
          <distance>15476</distance>
        </extensions>
      </trkpt>
      <trkpt lat="45.797988" lon="7.828422">
        <ele>1603</ele>
        <extensions>
          <distance>15484</distance>
        </extensions>
      </trkpt>
      <trkpt lat="45.798056" lon="7.828495">
        <ele>1603</ele>
        <extensions>
          <distance>15494</distance>
        </extensions>
      </trkpt>
      <trkpt lat="45.798157" lon="7.828495">
        <ele>1603</ele>
        <extensions>
          <distance>15505</distance>
        </extensions>
      </trkpt>
      <trkpt lat="45.798404" lon="7.828422">
        <ele>1603</ele>
        <extensions>
          <distance>15533</distance>
        </extensions>
      </trkpt>
      <trkpt lat="45.798506" lon="7.828373">
        <ele>1603</ele>
        <extensions>
          <distance>15545</distance>
        </extensions>
      </trkpt>
      <trkpt lat="45.798523" lon="7.828276">
        <ele>1603</ele>
        <extensions>
          <distance>15553</distance>
        </extensions>
      </trkpt>
      <trkpt lat="45.798582" lon="7.828202">
        <ele>1598</ele>
        <extensions>
          <distance>15561</distance>
        </extensions>
      </trkpt>
      <trkpt lat="45.798642" lon="7.828081">
        <ele>1588</ele>
        <extensions>
          <distance>15577</distance>
        </extensions>
      </trkpt>
      <trkpt lat="45.798718" lon="7.827971">
        <ele>1581</ele>
        <extensions>
          <distance>15591</distance>
        </extensions>
      </trkpt>
      <trkpt lat="45.798769" lon="7.8278">
        <ele>1569</ele>
        <extensions>
          <distance>15609</distance>
        </extensions>
      </trkpt>
      <trkpt lat="45.798718" lon="7.827715">
        <ele>1569</ele>
        <extensions>
          <distance>15618</distance>
        </extensions>
      </trkpt>
      <trkpt lat="45.798616" lon="7.827642">
        <ele>1569</ele>
        <extensions>
          <distance>15631</distance>
        </extensions>
      </trkpt>
      <trkpt lat="45.798531" lon="7.827654">
        <ele>1568</ele>
        <extensions>
          <distance>15640</distance>
        </extensions>
      </trkpt>
      <trkpt lat="45.798463" lon="7.827727">
        <ele>1568</ele>
        <extensions>
          <distance>15650</distance>
        </extensions>
      </trkpt>
      <trkpt lat="45.798378" lon="7.827727">
        <ele>1568</ele>
        <extensions>
          <distance>15659</distance>
        </extensions>
      </trkpt>
      <trkpt lat="45.798344" lon="7.82763">
        <ele>1570</ele>
        <extensions>
          <distance>15668</distance>
        </extensions>
      </trkpt>
      <trkpt lat="45.798242" lon="7.827593">
        <ele>1570</ele>
        <extensions>
          <distance>15679</distance>
        </extensions>
      </trkpt>
      <trkpt lat="45.798149" lon="7.827617">
        <ele>1568</ele>
        <extensions>
          <distance>15690</distance>
        </extensions>
      </trkpt>
      <trkpt lat="45.798081" lon="7.827569">
        <ele>1568</ele>
        <extensions>
          <distance>15698</distance>
        </extensions>
      </trkpt>
      <trkpt lat="45.797988" lon="7.82752">
        <ele>1568</ele>
        <extensions>
          <distance>15709</distance>
        </extensions>
      </trkpt>
      <trkpt lat="45.797911" lon="7.827459">
        <ele>1564</ele>
        <extensions>
          <distance>15719</distance>
        </extensions>
      </trkpt>
      <trkpt lat="45.79786" lon="7.827374">
        <ele>1560</ele>
        <extensions>
          <distance>15729</distance>
        </extensions>
      </trkpt>
      <trkpt lat="45.797741" lon="7.827337">
        <ele>1555</ele>
        <extensions>
          <distance>15743</distance>
        </extensions>
      </trkpt>
      <trkpt lat="45.79769" lon="7.827215">
        <ele>1548</ele>
        <extensions>
          <distance>15756</distance>
        </extensions>
      </trkpt>
      <trkpt lat="45.797631" lon="7.82713">
        <ele>1543</ele>
        <extensions>
          <distance>15767</distance>
        </extensions>
      </trkpt>
      <trkpt lat="45.797537" lon="7.827057">
        <ele>1538</ele>
        <extensions>
          <distance>15780</distance>
        </extensions>
      </trkpt>
      <trkpt lat="45.797639" lon="7.826776">
        <ele>1531</ele>
        <extensions>
          <distance>15805</distance>
        </extensions>
      </trkpt>
      <trkpt lat="45.797639" lon="7.826386">
        <ele>1514</ele>
        <extensions>
          <distance>15840</distance>
        </extensions>
      </trkpt>
      <trkpt lat="45.797611" lon="7.826159">
        <ele>1504</ele>
        <extensions>
          <distance>15861</distance>
        </extensions>
      </trkpt>
      <trkpt lat="45.797599" lon="7.826097">
        <ele>1504</ele>
        <extensions>
          <distance>15866</distance>
        </extensions>
      </trkpt>
      <trkpt lat="45.797653" lon="7.826151">
        <ele>1504</ele>
        <extensions>
          <distance>15873</distance>
        </extensions>
      </trkpt>
      <trkpt lat="45.797696" lon="7.826143">
        <ele>1504</ele>
        <extensions>
          <distance>15878</distance>
        </extensions>
      </trkpt>
      <trkpt lat="45.797788" lon="7.826248">
        <ele>1506</ele>
        <extensions>
          <distance>15891</distance>
        </extensions>
      </trkpt>
      <trkpt lat="45.797901" lon="7.826317">
        <ele>1506</ele>
        <extensions>
          <distance>15904</distance>
        </extensions>
      </trkpt>
      <trkpt lat="45.798084" lon="7.826403">
        <ele>1506</ele>
        <extensions>
          <distance>15926</distance>
        </extensions>
      </trkpt>
      <trkpt lat="45.798242" lon="7.826318">
        <ele>1506</ele>
        <extensions>
          <distance>15945</distance>
        </extensions>
      </trkpt>
      <trkpt lat="45.798491" lon="7.826212">
        <ele>1505</ele>
        <extensions>
          <distance>15973</distance>
        </extensions>
      </trkpt>
      <trkpt lat="45.79869" lon="7.82598">
        <ele>1502</ele>
        <extensions>
          <distance>16002</distance>
        </extensions>
      </trkpt>
      <trkpt lat="45.798955" lon="7.825965">
        <ele>1501</ele>
        <extensions>
          <distance>16032</distance>
        </extensions>
      </trkpt>
      <trkpt lat="45.79922" lon="7.82595">
        <ele>1501</ele>
        <extensions>
          <distance>16061</distance>
        </extensions>
      </trkpt>
      <trkpt lat="45.79923" lon="7.82586">
        <ele>1500</ele>
        <extensions>
          <distance>16068</distance>
        </extensions>
      </trkpt>
      <trkpt lat="45.799365" lon="7.82595">
        <ele>1500</ele>
        <extensions>
          <distance>16085</distance>
        </extensions>
      </trkpt>
      <trkpt lat="45.7995" lon="7.82604">
        <ele>1500</ele>
        <extensions>
          <distance>16101</distance>
        </extensions>
      </trkpt>
      <trkpt lat="45.799715000000006" lon="7.82606">
        <ele>1500</ele>
        <extensions>
          <distance>16125</distance>
        </extensions>
      </trkpt>
      <trkpt lat="45.79993" lon="7.82608">
        <ele>1500</ele>
        <extensions>
          <distance>16149</distance>
        </extensions>
      </trkpt>
      <trkpt lat="45.8001175" lon="7.8261525">
        <ele>1500</ele>
        <extensions>
          <distance>16171</distance>
        </extensions>
      </trkpt>
      <trkpt lat="45.800305" lon="7.826225">
        <ele>1500</ele>
        <extensions>
          <distance>16192</distance>
        </extensions>
      </trkpt>
      <trkpt lat="45.800492500000004" lon="7.8262975">
        <ele>1500</ele>
        <extensions>
          <distance>16214</distance>
        </extensions>
      </trkpt>
      <trkpt lat="45.80068" lon="7.82637">
        <ele>1500</ele>
        <extensions>
          <distance>16235</distance>
        </extensions>
      </trkpt>
      <trkpt lat="45.800865" lon="7.826335">
        <ele>1500</ele>
        <extensions>
          <distance>16256</distance>
        </extensions>
      </trkpt>
      <trkpt lat="45.80105" lon="7.8263">
        <ele>1499</ele>
        <extensions>
          <distance>16277</distance>
        </extensions>
      </trkpt>
      <trkpt lat="45.80126" lon="7.8264">
        <ele>1499</ele>
        <extensions>
          <distance>16302</distance>
        </extensions>
      </trkpt>
      <trkpt lat="45.8013975" lon="7.8263625">
        <ele>1499</ele>
        <extensions>
          <distance>16317</distance>
        </extensions>
      </trkpt>
      <trkpt lat="45.801535" lon="7.826325">
        <ele>1499</ele>
        <extensions>
          <distance>16333</distance>
        </extensions>
      </trkpt>
      <trkpt lat="45.8016725" lon="7.826287499999999">
        <ele>1499</ele>
        <extensions>
          <distance>16348</distance>
        </extensions>
      </trkpt>
      <trkpt lat="45.80181" lon="7.82625">
        <ele>1499</ele>
        <extensions>
          <distance>16364</distance>
        </extensions>
      </trkpt>
      <trkpt lat="45.80197" lon="7.826315">
        <ele>1501</ele>
        <extensions>
          <distance>16382</distance>
        </extensions>
      </trkpt>
      <trkpt lat="45.80213" lon="7.82638">
        <ele>1505</ele>
        <extensions>
          <distance>16401</distance>
        </extensions>
      </trkpt>
      <trkpt lat="45.8023575" lon="7.826365">
        <ele>1508</ele>
        <extensions>
          <distance>16426</distance>
        </extensions>
      </trkpt>
      <trkpt lat="45.802585" lon="7.82635">
        <ele>1510</ele>
        <extensions>
          <distance>16452</distance>
        </extensions>
      </trkpt>
      <trkpt lat="45.8028125" lon="7.826335">
        <ele>1511</ele>
        <extensions>
          <distance>16477</distance>
        </extensions>
      </trkpt>
      <trkpt lat="45.80304" lon="7.82632">
        <ele>1512</ele>
        <extensions>
          <distance>16502</distance>
        </extensions>
      </trkpt>
      <trkpt lat="45.803285" lon="7.826404999999999">
        <ele>1516</ele>
        <extensions>
          <distance>16531</distance>
        </extensions>
      </trkpt>
      <trkpt lat="45.80353" lon="7.82649">
        <ele>1519</ele>
        <extensions>
          <distance>16559</distance>
        </extensions>
      </trkpt>
      <trkpt lat="45.80366" lon="7.82665">
        <ele>1524</ele>
        <extensions>
          <distance>16578</distance>
        </extensions>
      </trkpt>
      <trkpt lat="45.803805" lon="7.8265899999999995">
        <ele>1524</ele>
        <extensions>
          <distance>16595</distance>
        </extensions>
      </trkpt>
      <trkpt lat="45.80395" lon="7.82653">
        <ele>1524</ele>
        <extensions>
          <distance>16612</distance>
        </extensions>
      </trkpt>
      <trkpt lat="45.8041525" lon="7.8265899999999995">
        <ele>1528</ele>
        <extensions>
          <distance>16635</distance>
        </extensions>
      </trkpt>
      <trkpt lat="45.804355" lon="7.82665">
        <ele>1529</ele>
        <extensions>
          <distance>16658</distance>
        </extensions>
      </trkpt>
      <trkpt lat="45.8045575" lon="7.82671">
        <ele>1529</ele>
        <extensions>
          <distance>16681</distance>
        </extensions>
      </trkpt>
      <trkpt lat="45.80476" lon="7.82677">
        <ele>1531</ele>
        <extensions>
          <distance>16704</distance>
        </extensions>
      </trkpt>
      <trkpt lat="45.805" lon="7.826919999999999">
        <ele>1531</ele>
        <extensions>
          <distance>16733</distance>
        </extensions>
      </trkpt>
      <trkpt lat="45.80524" lon="7.82707">
        <ele>1534</ele>
        <extensions>
          <distance>16762</distance>
        </extensions>
      </trkpt>
      <trkpt lat="45.8054525" lon="7.8271025000000005">
        <ele>1538</ele>
        <extensions>
          <distance>16787</distance>
        </extensions>
      </trkpt>
      <trkpt lat="45.805665" lon="7.827135">
        <ele>1540</ele>
        <extensions>
          <distance>16810</distance>
        </extensions>
      </trkpt>
      <trkpt lat="45.805877499999994" lon="7.8271675">
        <ele>1540</ele>
        <extensions>
          <distance>16834</distance>
        </extensions>
      </trkpt>
      <trkpt lat="45.80609" lon="7.8272">
        <ele>1542</ele>
        <extensions>
          <distance>16858</distance>
        </extensions>
      </trkpt>
      <trkpt lat="45.806245" lon="7.827095">
        <ele>1542</ele>
        <extensions>
          <distance>16877</distance>
        </extensions>
      </trkpt>
      <trkpt lat="45.8064" lon="7.82699">
        <ele>1543</ele>
        <extensions>
          <distance>16896</distance>
        </extensions>
      </trkpt>
      <trkpt lat="45.8065425" lon="7.8269925">
        <ele>1543</ele>
        <extensions>
          <distance>16912</distance>
        </extensions>
      </trkpt>
      <trkpt lat="45.806685" lon="7.826995">
        <ele>1543</ele>
        <extensions>
          <distance>16928</distance>
        </extensions>
      </trkpt>
      <trkpt lat="45.8068275" lon="7.8269975">
        <ele>1543</ele>
        <extensions>
          <distance>16944</distance>
        </extensions>
      </trkpt>
      <trkpt lat="45.80697" lon="7.827">
        <ele>1544</ele>
        <extensions>
          <distance>16959</distance>
        </extensions>
      </trkpt>
      <trkpt lat="45.8071125" lon="7.8270025">
        <ele>1544</ele>
        <extensions>
          <distance>16975</distance>
        </extensions>
      </trkpt>
      <trkpt lat="45.807255" lon="7.827005">
        <ele>1544</ele>
        <extensions>
          <distance>16991</distance>
        </extensions>
      </trkpt>
      <trkpt lat="45.8073975" lon="7.8270075">
        <ele>1544</ele>
        <extensions>
          <distance>17007</distance>
        </extensions>
      </trkpt>
      <trkpt lat="45.80754" lon="7.82701">
        <ele>1544</ele>
        <extensions>
          <distance>17023</distance>
        </extensions>
      </trkpt>
      <trkpt lat="45.807675" lon="7.826969999999999">
        <ele>1544</ele>
        <extensions>
          <distance>17038</distance>
        </extensions>
      </trkpt>
      <trkpt lat="45.80781" lon="7.82693">
        <ele>1544</ele>
        <extensions>
          <distance>17053</distance>
        </extensions>
      </trkpt>
      <trkpt lat="45.807989" lon="7.82679">
        <ele>1546</ele>
        <extensions>
          <distance>17076</distance>
        </extensions>
      </trkpt>
      <trkpt lat="45.808163" lon="7.826634">
        <ele>1546</ele>
        <extensions>
          <distance>17099</distance>
        </extensions>
      </trkpt>
      <trkpt lat="45.808265" lon="7.826605">
        <ele>1546</ele>
        <extensions>
          <distance>17110</distance>
        </extensions>
      </trkpt>
      <trkpt lat="45.808419" lon="7.826605">
        <ele>1546</ele>
        <extensions>
          <distance>17128</distance>
        </extensions>
      </trkpt>
      <trkpt lat="45.80848" lon="7.826587">
        <ele>1547</ele>
        <extensions>
          <distance>17135</distance>
        </extensions>
      </trkpt>
      <trkpt lat="45.808529" lon="7.826609">
        <ele>1549</ele>
        <extensions>
          <distance>17140</distance>
        </extensions>
      </trkpt>
      <trkpt lat="45.808621" lon="7.826574">
        <ele>1550</ele>
        <extensions>
          <distance>17151</distance>
        </extensions>
      </trkpt>
      <trkpt lat="45.80874" lon="7.826485">
        <ele>1550</ele>
        <extensions>
          <distance>17166</distance>
        </extensions>
      </trkpt>
      <trkpt lat="45.808831" lon="7.826563">
        <ele>1552</ele>
        <extensions>
          <distance>17178</distance>
        </extensions>
      </trkpt>
      <trkpt lat="45.808899" lon="7.826705">
        <ele>1555</ele>
        <extensions>
          <distance>17191</distance>
        </extensions>
      </trkpt>
      <trkpt lat="45.808951" lon="7.827032">
        <ele>1562</ele>
        <extensions>
          <distance>17218</distance>
        </extensions>
      </trkpt>
      <trkpt lat="45.808932" lon="7.827131">
        <ele>1563</ele>
        <extensions>
          <distance>17226</distance>
        </extensions>
      </trkpt>
      <trkpt lat="45.80876" lon="7.827367">
        <ele>1568</ele>
        <extensions>
          <distance>17253</distance>
        </extensions>
      </trkpt>
      <trkpt lat="45.80874" lon="7.82744">
        <ele>1570</ele>
        <extensions>
          <distance>17260</distance>
        </extensions>
      </trkpt>
      <trkpt lat="45.808749" lon="7.82748">
        <ele>1571</ele>
        <extensions>
          <distance>17263</distance>
        </extensions>
      </trkpt>
      <trkpt lat="45.808914" lon="7.827547">
        <ele>1573</ele>
        <extensions>
          <distance>17282</distance>
        </extensions>
      </trkpt>
      <trkpt lat="45.808982" lon="7.82759">
        <ele>1574</ele>
        <extensions>
          <distance>17291</distance>
        </extensions>
      </trkpt>
      <trkpt lat="45.809082" lon="7.827793">
        <ele>1577</ele>
        <extensions>
          <distance>17310</distance>
        </extensions>
      </trkpt>
      <trkpt lat="45.809049" lon="7.827908">
        <ele>1581</ele>
        <extensions>
          <distance>17321</distance>
        </extensions>
      </trkpt>
      <trkpt lat="45.8089" lon="7.82799">
        <ele>1588</ele>
        <extensions>
          <distance>17340</distance>
        </extensions>
      </trkpt>
      <trkpt lat="45.80886" lon="7.82819">
        <ele>1595</ele>
        <extensions>
          <distance>17357</distance>
        </extensions>
      </trkpt>
      <trkpt lat="45.80868" lon="7.8282">
        <ele>1599</ele>
        <extensions>
          <distance>17378</distance>
        </extensions>
      </trkpt>
      <trkpt lat="45.8085" lon="7.82836">
        <ele>1607</ele>
        <extensions>
          <distance>17403</distance>
        </extensions>
      </trkpt>
      <trkpt lat="45.80839" lon="7.82863">
        <ele>1616</ele>
        <extensions>
          <distance>17429</distance>
        </extensions>
      </trkpt>
      <trkpt lat="45.80834" lon="7.82891">
        <ele>1629</ele>
        <extensions>
          <distance>17455</distance>
        </extensions>
      </trkpt>
      <trkpt lat="45.80823" lon="7.82904">
        <ele>1641</ele>
        <extensions>
          <distance>17474</distance>
        </extensions>
      </trkpt>
      <trkpt lat="45.80825" lon="7.82916">
        <ele>1647</ele>
        <extensions>
          <distance>17486</distance>
        </extensions>
      </trkpt>
      <trkpt lat="45.80812" lon="7.82924">
        <ele>1655</ele>
        <extensions>
          <distance>17503</distance>
        </extensions>
      </trkpt>
      <trkpt lat="45.80812" lon="7.82936">
        <ele>1662</ele>
        <extensions>
          <distance>17515</distance>
        </extensions>
      </trkpt>
      <trkpt lat="45.80792" lon="7.82949">
        <ele>1671</ele>
        <extensions>
          <distance>17541</distance>
        </extensions>
      </trkpt>
      <trkpt lat="45.80798" lon="7.8296">
        <ele>1676</ele>
        <extensions>
          <distance>17553</distance>
        </extensions>
      </trkpt>
      <trkpt lat="45.80788" lon="7.82976">
        <ele>1683</ele>
        <extensions>
          <distance>17571</distance>
        </extensions>
      </trkpt>
      <trkpt lat="45.80795" lon="7.83005">
        <ele>1698</ele>
        <extensions>
          <distance>17599</distance>
        </extensions>
      </trkpt>
      <trkpt lat="45.80793" lon="7.83014">
        <ele>1704</ele>
        <extensions>
          <distance>17609</distance>
        </extensions>
      </trkpt>
      <trkpt lat="45.8078" lon="7.83018">
        <ele>1706</ele>
        <extensions>
          <distance>17624</distance>
        </extensions>
      </trkpt>
      <trkpt lat="45.80774" lon="7.83029">
        <ele>1713</ele>
        <extensions>
          <distance>17636</distance>
        </extensions>
      </trkpt>
      <trkpt lat="45.80782" lon="7.83043">
        <ele>1721</ele>
        <extensions>
          <distance>17652</distance>
        </extensions>
      </trkpt>
      <trkpt lat="45.80779" lon="7.83062">
        <ele>1732</ele>
        <extensions>
          <distance>17671</distance>
        </extensions>
      </trkpt>
      <trkpt lat="45.80773" lon="7.83074">
        <ele>1739</ele>
        <extensions>
          <distance>17684</distance>
        </extensions>
      </trkpt>
      <trkpt lat="45.80761" lon="7.83081">
        <ele>1743</ele>
        <extensions>
          <distance>17699</distance>
        </extensions>
      </trkpt>
      <trkpt lat="45.80768" lon="7.83089">
        <ele>1747</ele>
        <extensions>
          <distance>17710</distance>
        </extensions>
      </trkpt>
      <trkpt lat="45.80768" lon="7.83113">
        <ele>1761</ele>
        <extensions>
          <distance>17733</distance>
        </extensions>
      </trkpt>
      <trkpt lat="45.80777" lon="7.83129">
        <ele>1768</ele>
        <extensions>
          <distance>17751</distance>
        </extensions>
      </trkpt>
      <trkpt lat="45.80775" lon="7.83138">
        <ele>1772</ele>
        <extensions>
          <distance>17759</distance>
        </extensions>
      </trkpt>
      <trkpt lat="45.80787" lon="7.83158">
        <ele>1782</ele>
        <extensions>
          <distance>17782</distance>
        </extensions>
      </trkpt>
      <trkpt lat="45.80782" lon="7.83173">
        <ele>1788</ele>
        <extensions>
          <distance>17796</distance>
        </extensions>
      </trkpt>
      <trkpt lat="45.80786" lon="7.83184">
        <ele>1794</ele>
        <extensions>
          <distance>17807</distance>
        </extensions>
      </trkpt>
      <trkpt lat="45.80783" lon="7.83207">
        <ele>1801</ele>
        <extensions>
          <distance>17827</distance>
        </extensions>
      </trkpt>
      <trkpt lat="45.80795" lon="7.83225">
        <ele>1811</ele>
        <extensions>
          <distance>17849</distance>
        </extensions>
      </trkpt>
      <trkpt lat="45.808175" lon="7.832145000000001">
        <ele>1813</ele>
        <extensions>
          <distance>17875</distance>
        </extensions>
      </trkpt>
      <trkpt lat="45.8084" lon="7.83204">
        <ele>1815</ele>
        <extensions>
          <distance>17901</distance>
        </extensions>
      </trkpt>
      <trkpt lat="45.80857" lon="7.8319">
        <ele>1816</ele>
        <extensions>
          <distance>17923</distance>
        </extensions>
      </trkpt>
      <trkpt lat="45.80877" lon="7.83204">
        <ele>1833</ele>
        <extensions>
          <distance>17951</distance>
        </extensions>
      </trkpt>
      <trkpt lat="45.80897" lon="7.83218">
        <ele>1855</ele>
        <extensions>
          <distance>17984</distance>
        </extensions>
      </trkpt>
      <trkpt lat="45.80918" lon="7.83205">
        <ele>1859</ele>
        <extensions>
          <distance>18010</distance>
        </extensions>
      </trkpt>
      <trkpt lat="45.80941" lon="7.83201">
        <ele>1862</ele>
        <extensions>
          <distance>18036</distance>
        </extensions>
      </trkpt>
      <trkpt lat="45.80963" lon="7.83193">
        <ele>1865</ele>
        <extensions>
          <distance>18062</distance>
        </extensions>
      </trkpt>
      <trkpt lat="45.80989" lon="7.83193">
        <ele>1866</ele>
        <extensions>
          <distance>18090</distance>
        </extensions>
      </trkpt>
      <trkpt lat="45.810035" lon="7.832155">
        <ele>1885</ele>
        <extensions>
          <distance>18118</distance>
        </extensions>
      </trkpt>
      <trkpt lat="45.81018" lon="7.83238">
        <ele>1900</ele>
        <extensions>
          <distance>18146</distance>
        </extensions>
      </trkpt>
      <trkpt lat="45.81031" lon="7.8325">
        <ele>1903</ele>
        <extensions>
          <distance>18163</distance>
        </extensions>
      </trkpt>
      <trkpt lat="45.81041" lon="7.83246">
        <ele>1905</ele>
        <extensions>
          <distance>18175</distance>
        </extensions>
      </trkpt>
      <trkpt lat="45.81052" lon="7.83259">
        <ele>1909</ele>
        <extensions>
          <distance>18192</distance>
        </extensions>
      </trkpt>
      <trkpt lat="45.81063" lon="7.83272">
        <ele>1911</ele>
        <extensions>
          <distance>18207</distance>
        </extensions>
      </trkpt>
      <trkpt lat="45.810810000000004" lon="7.83277">
        <ele>1911</ele>
        <extensions>
          <distance>18228</distance>
        </extensions>
      </trkpt>
      <trkpt lat="45.81099" lon="7.83282">
        <ele>1915</ele>
        <extensions>
          <distance>18248</distance>
        </extensions>
      </trkpt>
      <trkpt lat="45.81103" lon="7.83296">
        <ele>1919</ele>
        <extensions>
          <distance>18261</distance>
        </extensions>
      </trkpt>
      <trkpt lat="45.811155" lon="7.833105">
        <ele>1923</ele>
        <extensions>
          <distance>18279</distance>
        </extensions>
      </trkpt>
      <trkpt lat="45.81128" lon="7.83325">
        <ele>1924</ele>
        <extensions>
          <distance>18297</distance>
        </extensions>
      </trkpt>
      <trkpt lat="45.811425" lon="7.833354999999999">
        <ele>1925</ele>
        <extensions>
          <distance>18315</distance>
        </extensions>
      </trkpt>
      <trkpt lat="45.81157" lon="7.83346">
        <ele>1927</ele>
        <extensions>
          <distance>18333</distance>
        </extensions>
      </trkpt>
      <trkpt lat="45.81172" lon="7.83369">
        <ele>1933</ele>
        <extensions>
          <distance>18359</distance>
        </extensions>
      </trkpt>
      <trkpt lat="45.81187" lon="7.83392">
        <ele>1937</ele>
        <extensions>
          <distance>18383</distance>
        </extensions>
      </trkpt>
      <trkpt lat="45.812034999999995" lon="7.833915">
        <ele>1938</ele>
        <extensions>
          <distance>18402</distance>
        </extensions>
      </trkpt>
      <trkpt lat="45.8122" lon="7.83391">
        <ele>1938</ele>
        <extensions>
          <distance>18420</distance>
        </extensions>
      </trkpt>
      <trkpt lat="45.81234" lon="7.83398">
        <ele>1941</ele>
        <extensions>
          <distance>18437</distance>
        </extensions>
      </trkpt>
      <trkpt lat="45.812535" lon="7.834225">
        <ele>1941</ele>
        <extensions>
          <distance>18466</distance>
        </extensions>
      </trkpt>
      <trkpt lat="45.81273" lon="7.83447">
        <ele>1948</ele>
        <extensions>
          <distance>18495</distance>
        </extensions>
      </trkpt>
      <trkpt lat="45.81285" lon="7.8345">
        <ele>1952</ele>
        <extensions>
          <distance>18509</distance>
        </extensions>
      </trkpt>
      <trkpt lat="45.812960000000004" lon="7.83437">
        <ele>1953</ele>
        <extensions>
          <distance>18525</distance>
        </extensions>
      </trkpt>
      <trkpt lat="45.81307" lon="7.83424">
        <ele>1957</ele>
        <extensions>
          <distance>18541</distance>
        </extensions>
      </trkpt>
      <trkpt lat="45.81316" lon="7.83422">
        <ele>1962</ele>
        <extensions>
          <distance>18552</distance>
        </extensions>
      </trkpt>
      <trkpt lat="45.81326" lon="7.83432">
        <ele>1969</ele>
        <extensions>
          <distance>18568</distance>
        </extensions>
      </trkpt>
      <trkpt lat="45.81343" lon="7.83426">
        <ele>1980</ele>
        <extensions>
          <distance>18590</distance>
        </extensions>
      </trkpt>
      <trkpt lat="45.81354" lon="7.83398">
        <ele>1984</ele>
        <extensions>
          <distance>18615</distance>
        </extensions>
      </trkpt>
      <trkpt lat="45.8136" lon="7.83408">
        <ele>1989</ele>
        <extensions>
          <distance>18627</distance>
        </extensions>
      </trkpt>
      <trkpt lat="45.81363" lon="7.83391">
        <ele>1990</ele>
        <extensions>
          <distance>18640</distance>
        </extensions>
      </trkpt>
      <trkpt lat="45.81368" lon="7.83398">
        <ele>1990</ele>
        <extensions>
          <distance>18648</distance>
        </extensions>
      </trkpt>
      <trkpt lat="45.81371" lon="7.83383">
        <ele>1993</ele>
        <extensions>
          <distance>18660</distance>
        </extensions>
      </trkpt>
      <trkpt lat="45.81381" lon="7.83394">
        <ele>1995</ele>
        <extensions>
          <distance>18674</distance>
        </extensions>
      </trkpt>
      <trkpt lat="45.81393" lon="7.83367">
        <ele>1996</ele>
        <extensions>
          <distance>18699</distance>
        </extensions>
      </trkpt>
      <trkpt lat="45.81404" lon="7.83357">
        <ele>1999</ele>
        <extensions>
          <distance>18714</distance>
        </extensions>
      </trkpt>
      <trkpt lat="45.81421" lon="7.83356">
        <ele>2002</ele>
        <extensions>
          <distance>18733</distance>
        </extensions>
      </trkpt>
      <trkpt lat="45.81414" lon="7.83388">
        <ele>2009</ele>
        <extensions>
          <distance>18760</distance>
        </extensions>
      </trkpt>
      <trkpt lat="45.81429" lon="7.83393">
        <ele>2012</ele>
        <extensions>
          <distance>18778</distance>
        </extensions>
      </trkpt>
      <trkpt lat="45.81434" lon="7.83424">
        <ele>2020</ele>
        <extensions>
          <distance>18804</distance>
        </extensions>
      </trkpt>
      <trkpt lat="45.8144" lon="7.83442">
        <ele>2025</ele>
        <extensions>
          <distance>18820</distance>
        </extensions>
      </trkpt>
      <trkpt lat="45.81446" lon="7.8346">
        <ele>2033</ele>
        <extensions>
          <distance>18837</distance>
        </extensions>
      </trkpt>
      <trkpt lat="45.8145" lon="7.83482">
        <ele>2042</ele>
        <extensions>
          <distance>18857</distance>
        </extensions>
      </trkpt>
      <trkpt lat="45.81451" lon="7.83514">
        <ele>2054</ele>
        <extensions>
          <distance>18885</distance>
        </extensions>
      </trkpt>
      <trkpt lat="45.81445" lon="7.83521">
        <ele>2056</ele>
        <extensions>
          <distance>18893</distance>
        </extensions>
      </trkpt>
      <trkpt lat="45.81452" lon="7.83527">
        <ele>2059</ele>
        <extensions>
          <distance>18903</distance>
        </extensions>
      </trkpt>
      <trkpt lat="45.81455" lon="7.8355">
        <ele>2069</ele>
        <extensions>
          <distance>18924</distance>
        </extensions>
      </trkpt>
      <trkpt lat="45.81458" lon="7.83573">
        <ele>2079</ele>
        <extensions>
          <distance>18945</distance>
        </extensions>
      </trkpt>
      <trkpt lat="45.814535" lon="7.83603">
        <ele>2089</ele>
        <extensions>
          <distance>18971</distance>
        </extensions>
      </trkpt>
      <trkpt lat="45.81449" lon="7.83633">
        <ele>2100</ele>
        <extensions>
          <distance>18997</distance>
        </extensions>
      </trkpt>
      <trkpt lat="45.81453" lon="7.83653">
        <ele>2114</ele>
        <extensions>
          <distance>19018</distance>
        </extensions>
      </trkpt>
      <trkpt lat="45.8145" lon="7.83684">
        <ele>2132</ele>
        <extensions>
          <distance>19049</distance>
        </extensions>
      </trkpt>
      <trkpt lat="45.81453" lon="7.83706">
        <ele>2142</ele>
        <extensions>
          <distance>19069</distance>
        </extensions>
      </trkpt>
      <trkpt lat="45.814665" lon="7.8369">
        <ele>2143</ele>
        <extensions>
          <distance>19088</distance>
        </extensions>
      </trkpt>
      <trkpt lat="45.8148" lon="7.83674">
        <ele>2143</ele>
        <extensions>
          <distance>19108</distance>
        </extensions>
      </trkpt>
      <trkpt lat="45.8149425" lon="7.836639999999999">
        <ele>2147</ele>
        <extensions>
          <distance>19125</distance>
        </extensions>
      </trkpt>
      <trkpt lat="45.815084999999996" lon="7.836539999999999">
        <ele>2150</ele>
        <extensions>
          <distance>19143</distance>
        </extensions>
      </trkpt>
      <trkpt lat="45.8152275" lon="7.83644">
        <ele>2150</ele>
        <extensions>
          <distance>19161</distance>
        </extensions>
      </trkpt>
      <trkpt lat="45.81537" lon="7.83634">
        <ele>2150</ele>
        <extensions>
          <distance>19179</distance>
        </extensions>
      </trkpt>
      <trkpt lat="45.81547" lon="7.83635">
        <ele>2150</ele>
        <extensions>
          <distance>19190</distance>
        </extensions>
      </trkpt>
      <trkpt lat="45.815664999999996" lon="7.83612">
        <ele>2151</ele>
        <extensions>
          <distance>19218</distance>
        </extensions>
      </trkpt>
      <trkpt lat="45.81586" lon="7.83589">
        <ele>2154</ele>
        <extensions>
          <distance>19246</distance>
        </extensions>
      </trkpt>
      <trkpt lat="45.816005000000004" lon="7.83592">
        <ele>2155</ele>
        <extensions>
          <distance>19262</distance>
        </extensions>
      </trkpt>
      <trkpt lat="45.81615" lon="7.83595">
        <ele>2156</ele>
        <extensions>
          <distance>19279</distance>
        </extensions>
      </trkpt>
      <trkpt lat="45.81632" lon="7.83582">
        <ele>2156</ele>
        <extensions>
          <distance>19300</distance>
        </extensions>
      </trkpt>
      <trkpt lat="45.81648" lon="7.83565">
        <ele>2156</ele>
        <extensions>
          <distance>19322</distance>
        </extensions>
      </trkpt>
      <trkpt lat="45.81649" lon="7.83549">
        <ele>2156</ele>
        <extensions>
          <distance>19335</distance>
        </extensions>
      </trkpt>
      <trkpt lat="45.81666" lon="7.83523">
        <ele>2150</ele>
        <extensions>
          <distance>19362</distance>
        </extensions>
      </trkpt>
      <trkpt lat="45.81658" lon="7.83523">
        <ele>2146</ele>
        <extensions>
          <distance>19372</distance>
        </extensions>
      </trkpt>
      <trkpt lat="45.81676" lon="7.83499">
        <ele>2140</ele>
        <extensions>
          <distance>19400</distance>
        </extensions>
      </trkpt>
      <trkpt lat="45.81666" lon="7.83496">
        <ele>2136</ele>
        <extensions>
          <distance>19412</distance>
        </extensions>
      </trkpt>
      <trkpt lat="45.81682" lon="7.83489">
        <ele>2136</ele>
        <extensions>
          <distance>19431</distance>
        </extensions>
      </trkpt>
      <trkpt lat="45.81698" lon="7.83482">
        <ele>2135</ele>
        <extensions>
          <distance>19449</distance>
        </extensions>
      </trkpt>
      <trkpt lat="45.817125000000004" lon="7.834965">
        <ele>2135</ele>
        <extensions>
          <distance>19469</distance>
        </extensions>
      </trkpt>
      <trkpt lat="45.81727" lon="7.83511">
        <ele>2135</ele>
        <extensions>
          <distance>19489</distance>
        </extensions>
      </trkpt>
      <trkpt lat="45.81746" lon="7.83509">
        <ele>2137</ele>
        <extensions>
          <distance>19510</distance>
        </extensions>
      </trkpt>
      <trkpt lat="45.81766" lon="7.83524">
        <ele>2138</ele>
        <extensions>
          <distance>19535</distance>
        </extensions>
      </trkpt>
      <trkpt lat="45.817859999999996" lon="7.8351">
        <ele>2139</ele>
        <extensions>
          <distance>19560</distance>
        </extensions>
      </trkpt>
      <trkpt lat="45.81806" lon="7.83496">
        <ele>2139</ele>
        <extensions>
          <distance>19585</distance>
        </extensions>
      </trkpt>
      <trkpt lat="45.818235" lon="7.834975">
        <ele>2139</ele>
        <extensions>
          <distance>19604</distance>
        </extensions>
      </trkpt>
      <trkpt lat="45.81841" lon="7.83499">
        <ele>2138</ele>
        <extensions>
          <distance>19623</distance>
        </extensions>
      </trkpt>
      <trkpt lat="45.818585" lon="7.83511">
        <ele>2138</ele>
        <extensions>
          <distance>19645</distance>
        </extensions>
      </trkpt>
      <trkpt lat="45.81876" lon="7.83523">
        <ele>2139</ele>
        <extensions>
          <distance>19667</distance>
        </extensions>
      </trkpt>
      <trkpt lat="45.81891" lon="7.83551">
        <ele>2139</ele>
        <extensions>
          <distance>19694</distance>
        </extensions>
      </trkpt>
      <trkpt lat="45.81897" lon="7.83581">
        <ele>2139</ele>
        <extensions>
          <distance>19718</distance>
        </extensions>
      </trkpt>
      <trkpt lat="45.81907" lon="7.83575">
        <ele>2143</ele>
        <extensions>
          <distance>19730</distance>
        </extensions>
      </trkpt>
      <trkpt lat="45.819185000000004" lon="7.835945000000001">
        <ele>2144</ele>
        <extensions>
          <distance>19750</distance>
        </extensions>
      </trkpt>
      <trkpt lat="45.8193" lon="7.83614">
        <ele>2145</ele>
        <extensions>
          <distance>19770</distance>
        </extensions>
      </trkpt>
      <trkpt lat="45.819325" lon="7.83647">
        <ele>2152</ele>
        <extensions>
          <distance>19796</distance>
        </extensions>
      </trkpt>
      <trkpt lat="45.81935" lon="7.8368">
        <ele>2161</ele>
        <extensions>
          <distance>19824</distance>
        </extensions>
      </trkpt>
      <trkpt lat="45.8193" lon="7.83701">
        <ele>2162</ele>
        <extensions>
          <distance>19841</distance>
        </extensions>
      </trkpt>
      <trkpt lat="45.81941" lon="7.83712">
        <ele>2165</ele>
        <extensions>
          <distance>19856</distance>
        </extensions>
      </trkpt>
      <trkpt lat="45.819595" lon="7.836925">
        <ele>2170</ele>
        <extensions>
          <distance>19882</distance>
        </extensions>
      </trkpt>
      <trkpt lat="45.81978" lon="7.83673">
        <ele>2170</ele>
        <extensions>
          <distance>19908</distance>
        </extensions>
      </trkpt>
      <trkpt lat="45.81993" lon="7.83682">
        <ele>2170</ele>
        <extensions>
          <distance>19926</distance>
        </extensions>
      </trkpt>
      <trkpt lat="45.820049999999995" lon="7.836715">
        <ele>2170</ele>
        <extensions>
          <distance>19941</distance>
        </extensions>
      </trkpt>
      <trkpt lat="45.82017" lon="7.83661">
        <ele>2171</ele>
        <extensions>
          <distance>19957</distance>
        </extensions>
      </trkpt>
      <trkpt lat="45.8203" lon="7.8366">
        <ele>2175</ele>
        <extensions>
          <distance>19972</distance>
        </extensions>
      </trkpt>
      <trkpt lat="45.8204" lon="7.83669">
        <ele>2185</ele>
        <extensions>
          <distance>19988</distance>
        </extensions>
      </trkpt>
      <trkpt lat="45.82066" lon="7.83662">
        <ele>2187</ele>
        <extensions>
          <distance>20018</distance>
        </extensions>
      </trkpt>
      <trkpt lat="45.82079" lon="7.83652">
        <ele>2187</ele>
        <extensions>
          <distance>20034</distance>
        </extensions>
      </trkpt>
      <trkpt lat="45.82092" lon="7.83642">
        <ele>2188</ele>
        <extensions>
          <distance>20051</distance>
        </extensions>
      </trkpt>
      <trkpt lat="45.82106" lon="7.836220000000001">
        <ele>2188</ele>
        <extensions>
          <distance>20073</distance>
        </extensions>
      </trkpt>
      <trkpt lat="45.8212" lon="7.83602">
        <ele>2188</ele>
        <extensions>
          <distance>20095</distance>
        </extensions>
      </trkpt>
      <trkpt lat="45.82135" lon="7.83602">
        <ele>2191</ele>
        <extensions>
          <distance>20111</distance>
        </extensions>
      </trkpt>
      <trkpt lat="45.8214725" lon="7.836107500000001">
        <ele>2196</ele>
        <extensions>
          <distance>20127</distance>
        </extensions>
      </trkpt>
      <trkpt lat="45.821595" lon="7.836195">
        <ele>2201</ele>
        <extensions>
          <distance>20143</distance>
        </extensions>
      </trkpt>
      <trkpt lat="45.821717500000005" lon="7.836282499999999">
        <ele>2202</ele>
        <extensions>
          <distance>20159</distance>
        </extensions>
      </trkpt>
      <trkpt lat="45.82184" lon="7.83637">
        <ele>2204</ele>
        <extensions>
          <distance>20174</distance>
        </extensions>
      </trkpt>
      <trkpt lat="45.82206" lon="7.83634">
        <ele>2204</ele>
        <extensions>
          <distance>20198</distance>
        </extensions>
      </trkpt>
      <trkpt lat="45.8222" lon="7.83631">
        <ele>2205</ele>
        <extensions>
          <distance>20214</distance>
        </extensions>
      </trkpt>
      <trkpt lat="45.822320000000005" lon="7.83652">
        <ele>2207</ele>
        <extensions>
          <distance>20235</distance>
        </extensions>
      </trkpt>
      <trkpt lat="45.82244" lon="7.83673">
        <ele>2213</ele>
        <extensions>
          <distance>20257</distance>
        </extensions>
      </trkpt>
      <trkpt lat="45.8226" lon="7.836740000000001">
        <ele>2213</ele>
        <extensions>
          <distance>20275</distance>
        </extensions>
      </trkpt>
      <trkpt lat="45.82276" lon="7.83675">
        <ele>2214</ele>
        <extensions>
          <distance>20293</distance>
        </extensions>
      </trkpt>
      <trkpt lat="45.822905000000006" lon="7.8367">
        <ele>2215</ele>
        <extensions>
          <distance>20309</distance>
        </extensions>
      </trkpt>
      <trkpt lat="45.82305" lon="7.83665">
        <ele>2215</ele>
        <extensions>
          <distance>20326</distance>
        </extensions>
      </trkpt>
      <trkpt lat="45.823195" lon="7.836634999999999">
        <ele>2216</ele>
        <extensions>
          <distance>20342</distance>
        </extensions>
      </trkpt>
      <trkpt lat="45.82334" lon="7.83662">
        <ele>2217</ele>
        <extensions>
          <distance>20358</distance>
        </extensions>
      </trkpt>
      <trkpt lat="45.82348" lon="7.83645">
        <ele>2218</ele>
        <extensions>
          <distance>20379</distance>
        </extensions>
      </trkpt>
      <trkpt lat="45.823675" lon="7.836270000000001">
        <ele>2221</ele>
        <extensions>
          <distance>20405</distance>
        </extensions>
      </trkpt>
      <trkpt lat="45.82387" lon="7.83609">
        <ele>2223</ele>
        <extensions>
          <distance>20431</distance>
        </extensions>
      </trkpt>
      <trkpt lat="45.82404" lon="7.83603">
        <ele>2223</ele>
        <extensions>
          <distance>20450</distance>
        </extensions>
      </trkpt>
      <trkpt lat="45.82419" lon="7.836075">
        <ele>2228</ele>
        <extensions>
          <distance>20467</distance>
        </extensions>
      </trkpt>
      <trkpt lat="45.82434" lon="7.83612">
        <ele>2228</ele>
        <extensions>
          <distance>20484</distance>
        </extensions>
      </trkpt>
      <trkpt lat="45.82449" lon="7.8362549999999995">
        <ele>2228</ele>
        <extensions>
          <distance>20504</distance>
        </extensions>
      </trkpt>
      <trkpt lat="45.82464" lon="7.83639">
        <ele>2228</ele>
        <extensions>
          <distance>20524</distance>
        </extensions>
      </trkpt>
      <trkpt lat="45.82474375" lon="7.83651875">
        <ele>2227</ele>
        <extensions>
          <distance>20539</distance>
        </extensions>
      </trkpt>
      <trkpt lat="45.824847500000004" lon="7.8366475">
        <ele>2223</ele>
        <extensions>
          <distance>20555</distance>
        </extensions>
      </trkpt>
      <trkpt lat="45.824951250000005" lon="7.83677625">
        <ele>2220</ele>
        <extensions>
          <distance>20570</distance>
        </extensions>
      </trkpt>
      <trkpt lat="45.825055000000006" lon="7.836905">
        <ele>2220</ele>
        <extensions>
          <distance>20585</distance>
        </extensions>
      </trkpt>
      <trkpt lat="45.82515875000001" lon="7.83703375">
        <ele>2220</ele>
        <extensions>
          <distance>20601</distance>
        </extensions>
      </trkpt>
      <trkpt lat="45.82526250000001" lon="7.8371625">
        <ele>2220</ele>
        <extensions>
          <distance>20616</distance>
        </extensions>
      </trkpt>
      <trkpt lat="45.82536625" lon="7.83729125">
        <ele>2229</ele>
        <extensions>
          <distance>20632</distance>
        </extensions>
      </trkpt>
      <trkpt lat="45.82547" lon="7.83742">
        <ele>2229</ele>
        <extensions>
          <distance>20647</distance>
        </extensions>
      </trkpt>
      <trkpt lat="45.825615" lon="7.837325">
        <ele>2229</ele>
        <extensions>
          <distance>20665</distance>
        </extensions>
      </trkpt>
      <trkpt lat="45.82576" lon="7.83723">
        <ele>2229</ele>
        <extensions>
          <distance>20683</distance>
        </extensions>
      </trkpt>
      <trkpt lat="45.82593" lon="7.83713">
        <ele>2227</ele>
        <extensions>
          <distance>20703</distance>
        </extensions>
      </trkpt>
      <trkpt lat="45.8261" lon="7.83703">
        <ele>2227</ele>
        <extensions>
          <distance>20723</distance>
        </extensions>
      </trkpt>
      <trkpt lat="45.826269999999994" lon="7.836930000000001">
        <ele>2227</ele>
        <extensions>
          <distance>20744</distance>
        </extensions>
      </trkpt>
      <trkpt lat="45.82644" lon="7.83683">
        <ele>2225</ele>
        <extensions>
          <distance>20764</distance>
        </extensions>
      </trkpt>
      <trkpt lat="45.82665" lon="7.83697">
        <ele>2225</ele>
        <extensions>
          <distance>20790</distance>
        </extensions>
      </trkpt>
      <trkpt lat="45.82686" lon="7.83711">
        <ele>2225</ele>
        <extensions>
          <distance>20816</distance>
        </extensions>
      </trkpt>
      <trkpt lat="45.82694" lon="7.837395">
        <ele>2225</ele>
        <extensions>
          <distance>20840</distance>
        </extensions>
      </trkpt>
      <trkpt lat="45.82702" lon="7.83768">
        <ele>2221</ele>
        <extensions>
          <distance>20864</distance>
        </extensions>
      </trkpt>
      <trkpt lat="45.82699" lon="7.838">
        <ele>2221</ele>
        <extensions>
          <distance>20889</distance>
        </extensions>
      </trkpt>
      <trkpt lat="45.8270275" lon="7.8382000000000005">
        <ele>2221</ele>
        <extensions>
          <distance>20905</distance>
        </extensions>
      </trkpt>
      <trkpt lat="45.827065000000005" lon="7.8384">
        <ele>2219</ele>
        <extensions>
          <distance>20921</distance>
        </extensions>
      </trkpt>
      <trkpt lat="45.8271025" lon="7.8386">
        <ele>2221</ele>
        <extensions>
          <distance>20937</distance>
        </extensions>
      </trkpt>
      <trkpt lat="45.82714" lon="7.8388">
        <ele>2221</ele>
        <extensions>
          <distance>20953</distance>
        </extensions>
      </trkpt>
      <trkpt lat="45.82719" lon="7.83883">
        <ele>2221</ele>
        <extensions>
          <distance>20959</distance>
        </extensions>
      </trkpt>
      <trkpt lat="45.82702" lon="7.83905">
        <ele>2227</ele>
        <extensions>
          <distance>20985</distance>
        </extensions>
      </trkpt>
      <trkpt lat="45.826955" lon="7.8393">
        <ele>2232</ele>
        <extensions>
          <distance>21006</distance>
        </extensions>
      </trkpt>
      <trkpt lat="45.82689" lon="7.83955">
        <ele>2241</ele>
        <extensions>
          <distance>21029</distance>
        </extensions>
      </trkpt>
      <trkpt lat="45.826944999999995" lon="7.839875">
        <ele>2243</ele>
        <extensions>
          <distance>21055</distance>
        </extensions>
      </trkpt>
      <trkpt lat="45.827" lon="7.8402">
        <ele>2243</ele>
        <extensions>
          <distance>21081</distance>
        </extensions>
      </trkpt>
      <trkpt lat="45.82697" lon="7.84045">
        <ele>2251</ele>
        <extensions>
          <distance>21101</distance>
        </extensions>
      </trkpt>
      <trkpt lat="45.827040000000004" lon="7.84066">
        <ele>2251</ele>
        <extensions>
          <distance>21119</distance>
        </extensions>
      </trkpt>
      <trkpt lat="45.827110000000005" lon="7.84087">
        <ele>2253</ele>
        <extensions>
          <distance>21137</distance>
        </extensions>
      </trkpt>
      <trkpt lat="45.82718" lon="7.84108">
        <ele>2253</ele>
        <extensions>
          <distance>21155</distance>
        </extensions>
      </trkpt>
      <trkpt lat="45.82725" lon="7.84129">
        <ele>2253</ele>
        <extensions>
          <distance>21173</distance>
        </extensions>
      </trkpt>
      <trkpt lat="45.8272175" lon="7.84158">
        <ele>2254</ele>
        <extensions>
          <distance>21196</distance>
        </extensions>
      </trkpt>
      <trkpt lat="45.827185" lon="7.84187">
        <ele>2260</ele>
        <extensions>
          <distance>21220</distance>
        </extensions>
      </trkpt>
      <trkpt lat="45.8271525" lon="7.84216">
        <ele>2265</ele>
        <extensions>
          <distance>21243</distance>
        </extensions>
      </trkpt>
      <trkpt lat="45.82712" lon="7.84245">
        <ele>2272</ele>
        <extensions>
          <distance>21267</distance>
        </extensions>
      </trkpt>
      <trkpt lat="45.82719" lon="7.8427500000000006">
        <ele>2272</ele>
        <extensions>
          <distance>21292</distance>
        </extensions>
      </trkpt>
      <trkpt lat="45.82726" lon="7.84305">
        <ele>2276</ele>
        <extensions>
          <distance>21316</distance>
        </extensions>
      </trkpt>
      <trkpt lat="45.827222500000005" lon="7.8432775">
        <ele>2282</ele>
        <extensions>
          <distance>21336</distance>
        </extensions>
      </trkpt>
      <trkpt lat="45.827185" lon="7.843505">
        <ele>2285</ele>
        <extensions>
          <distance>21354</distance>
        </extensions>
      </trkpt>
      <trkpt lat="45.827147499999995" lon="7.8437325">
        <ele>2287</ele>
        <extensions>
          <distance>21372</distance>
        </extensions>
      </trkpt>
      <trkpt lat="45.82711" lon="7.84396">
        <ele>2290</ele>
        <extensions>
          <distance>21391</distance>
        </extensions>
      </trkpt>
      <trkpt lat="45.82715" lon="7.84429">
        <ele>2295</ele>
        <extensions>
          <distance>21417</distance>
        </extensions>
      </trkpt>
      <trkpt lat="45.82729500000001" lon="7.844425">
        <ele>2295</ele>
        <extensions>
          <distance>21436</distance>
        </extensions>
      </trkpt>
      <trkpt lat="45.82744" lon="7.84456">
        <ele>2296</ele>
        <extensions>
          <distance>21456</distance>
        </extensions>
      </trkpt>
      <trkpt lat="45.82752" lon="7.844735">
        <ele>2297</ele>
        <extensions>
          <distance>21472</distance>
        </extensions>
      </trkpt>
      <trkpt lat="45.8276" lon="7.84491">
        <ele>2297</ele>
        <extensions>
          <distance>21488</distance>
        </extensions>
      </trkpt>
      <trkpt lat="45.8278025" lon="7.84484">
        <ele>2298</ele>
        <extensions>
          <distance>21511</distance>
        </extensions>
      </trkpt>
      <trkpt lat="45.828005" lon="7.8447700000000005">
        <ele>2299</ele>
        <extensions>
          <distance>21534</distance>
        </extensions>
      </trkpt>
      <trkpt lat="45.8282075" lon="7.8447000000000005">
        <ele>2299</ele>
        <extensions>
          <distance>21558</distance>
        </extensions>
      </trkpt>
      <trkpt lat="45.82841" lon="7.84463">
        <ele>2299</ele>
        <extensions>
          <distance>21581</distance>
        </extensions>
      </trkpt>
      <trkpt lat="45.82867" lon="7.84467">
        <ele>2304</ele>
        <extensions>
          <distance>21610</distance>
        </extensions>
      </trkpt>
      <trkpt lat="45.8289" lon="7.84486">
        <ele>2314</ele>
        <extensions>
          <distance>21641</distance>
        </extensions>
      </trkpt>
      <trkpt lat="45.82911" lon="7.84485">
        <ele>2318</ele>
        <extensions>
          <distance>21665</distance>
        </extensions>
      </trkpt>
      <trkpt lat="45.8293" lon="7.84471">
        <ele>2319</ele>
        <extensions>
          <distance>21689</distance>
        </extensions>
      </trkpt>
      <trkpt lat="45.82956" lon="7.84472">
        <ele>2321</ele>
        <extensions>
          <distance>21718</distance>
        </extensions>
      </trkpt>
      <trkpt lat="45.82973" lon="7.8446549999999995">
        <ele>2322</ele>
        <extensions>
          <distance>21737</distance>
        </extensions>
      </trkpt>
      <trkpt lat="45.8299" lon="7.84459">
        <ele>2322</ele>
        <extensions>
          <distance>21757</distance>
        </extensions>
      </trkpt>
      <trkpt lat="45.83006" lon="7.84473">
        <ele>2323</ele>
        <extensions>
          <distance>21778</distance>
        </extensions>
      </trkpt>
      <trkpt lat="45.83001" lon="7.8448">
        <ele>2328</ele>
        <extensions>
          <distance>21786</distance>
        </extensions>
      </trkpt>
      <trkpt lat="45.830105" lon="7.845035">
        <ele>2334</ele>
        <extensions>
          <distance>21808</distance>
        </extensions>
      </trkpt>
      <trkpt lat="45.8302" lon="7.84527">
        <ele>2339</ele>
        <extensions>
          <distance>21829</distance>
        </extensions>
      </trkpt>
      <trkpt lat="45.830254999999994" lon="7.84558">
        <ele>2340</ele>
        <extensions>
          <distance>21854</distance>
        </extensions>
      </trkpt>
      <trkpt lat="45.83031" lon="7.84589">
        <ele>2340</ele>
        <extensions>
          <distance>21879</distance>
        </extensions>
      </trkpt>
      <trkpt lat="45.83034" lon="7.84598">
        <ele>2340</ele>
        <extensions>
          <distance>21887</distance>
        </extensions>
      </trkpt>
      <trkpt lat="45.830357500000005" lon="7.84618">
        <ele>2342</ele>
        <extensions>
          <distance>21902</distance>
        </extensions>
      </trkpt>
      <trkpt lat="45.830375000000004" lon="7.84638">
        <ele>2344</ele>
        <extensions>
          <distance>21918</distance>
        </extensions>
      </trkpt>
      <trkpt lat="45.8303925" lon="7.846579999999999">
        <ele>2344</ele>
        <extensions>
          <distance>21934</distance>
        </extensions>
      </trkpt>
      <trkpt lat="45.83041" lon="7.84678">
        <ele>2344</ele>
        <extensions>
          <distance>21949</distance>
        </extensions>
      </trkpt>
      <trkpt lat="45.8303875" lon="7.847042500000001">
        <ele>2351</ele>
        <extensions>
          <distance>21971</distance>
        </extensions>
      </trkpt>
      <trkpt lat="45.830365" lon="7.847305">
        <ele>2354</ele>
        <extensions>
          <distance>21991</distance>
        </extensions>
      </trkpt>
      <trkpt lat="45.8303425" lon="7.8475675">
        <ele>2354</ele>
        <extensions>
          <distance>22012</distance>
        </extensions>
      </trkpt>
      <trkpt lat="45.83032" lon="7.84783">
        <ele>2355</ele>
        <extensions>
          <distance>22032</distance>
        </extensions>
      </trkpt>
      <trkpt lat="45.8302725" lon="7.848105">
        <ele>2360</ele>
        <extensions>
          <distance>22055</distance>
        </extensions>
      </trkpt>
      <trkpt lat="45.830225" lon="7.848380000000001">
        <ele>2366</ele>
        <extensions>
          <distance>22078</distance>
        </extensions>
      </trkpt>
      <trkpt lat="45.8301775" lon="7.848655000000001">
        <ele>2377</ele>
        <extensions>
          <distance>22102</distance>
        </extensions>
      </trkpt>
      <trkpt lat="45.83013" lon="7.84893">
        <ele>2392</ele>
        <extensions>
          <distance>22129</distance>
        </extensions>
      </trkpt>
      <trkpt lat="45.83013" lon="7.84921">
        <ele>2400</ele>
        <extensions>
          <distance>22152</distance>
        </extensions>
      </trkpt>
      <trkpt lat="45.83013" lon="7.84949">
        <ele>2403</ele>
        <extensions>
          <distance>22174</distance>
        </extensions>
      </trkpt>
      <trkpt lat="45.830164999999994" lon="7.849690000000001">
        <ele>2411</ele>
        <extensions>
          <distance>22192</distance>
        </extensions>
      </trkpt>
      <trkpt lat="45.8302" lon="7.84989">
        <ele>2421</ele>
        <extensions>
          <distance>22211</distance>
        </extensions>
      </trkpt>
      <trkpt lat="45.83026" lon="7.85003">
        <ele>2424</ele>
        <extensions>
          <distance>22224</distance>
        </extensions>
      </trkpt>
      <trkpt lat="45.8303475" lon="7.8502875">
        <ele>2424</ele>
        <extensions>
          <distance>22246</distance>
        </extensions>
      </trkpt>
      <trkpt lat="45.830435" lon="7.850545">
        <ele>2424</ele>
        <extensions>
          <distance>22268</distance>
        </extensions>
      </trkpt>
      <trkpt lat="45.8305225" lon="7.8508025">
        <ele>2424</ele>
        <extensions>
          <distance>22291</distance>
        </extensions>
      </trkpt>
      <trkpt lat="45.83061" lon="7.85106">
        <ele>2424</ele>
        <extensions>
          <distance>22313</distance>
        </extensions>
      </trkpt>
      <trkpt lat="45.8306625" lon="7.851305">
        <ele>2424</ele>
        <extensions>
          <distance>22333</distance>
        </extensions>
      </trkpt>
      <trkpt lat="45.830715" lon="7.85155">
        <ele>2424</ele>
        <extensions>
          <distance>22353</distance>
        </extensions>
      </trkpt>
      <trkpt lat="45.8307675" lon="7.851794999999999">
        <ele>2426</ele>
        <extensions>
          <distance>22373</distance>
        </extensions>
      </trkpt>
      <trkpt lat="45.83082" lon="7.85204">
        <ele>2427</ele>
        <extensions>
          <distance>22392</distance>
        </extensions>
      </trkpt>
      <trkpt lat="45.830955" lon="7.852164999999999">
        <ele>2428</ele>
        <extensions>
          <distance>22410</distance>
        </extensions>
      </trkpt>
      <trkpt lat="45.83109" lon="7.85229">
        <ele>2428</ele>
        <extensions>
          <distance>22428</distance>
        </extensions>
      </trkpt>
      <trkpt lat="45.831320000000005" lon="7.85239">
        <ele>2432</ele>
        <extensions>
          <distance>22455</distance>
        </extensions>
      </trkpt>
      <trkpt lat="45.83155" lon="7.85249">
        <ele>2438</ele>
        <extensions>
          <distance>22483</distance>
        </extensions>
      </trkpt>
      <trkpt lat="45.831675000000004" lon="7.852622500000001">
        <ele>2443</ele>
        <extensions>
          <distance>22501</distance>
        </extensions>
      </trkpt>
      <trkpt lat="45.8318" lon="7.852755">
        <ele>2446</ele>
        <extensions>
          <distance>22518</distance>
        </extensions>
      </trkpt>
      <trkpt lat="45.831925" lon="7.8528875">
        <ele>2446</ele>
        <extensions>
          <distance>22535</distance>
        </extensions>
      </trkpt>
      <trkpt lat="45.83205" lon="7.85302">
        <ele>2447</ele>
        <extensions>
          <distance>22553</distance>
        </extensions>
      </trkpt>
      <trkpt lat="45.832285" lon="7.853135">
        <ele>2447</ele>
        <extensions>
          <distance>22580</distance>
        </extensions>
      </trkpt>
      <trkpt lat="45.83252" lon="7.85325">
        <ele>2447</ele>
        <extensions>
          <distance>22608</distance>
        </extensions>
      </trkpt>
      <trkpt lat="45.832675" lon="7.853384999999999">
        <ele>2447</ele>
        <extensions>
          <distance>22628</distance>
        </extensions>
      </trkpt>
      <trkpt lat="45.83283" lon="7.85352">
        <ele>2446</ele>
        <extensions>
          <distance>22648</distance>
        </extensions>
      </trkpt>
      <trkpt lat="45.833015" lon="7.85338">
        <ele>2444</ele>
        <extensions>
          <distance>22671</distance>
        </extensions>
      </trkpt>
      <trkpt lat="45.8332" lon="7.85324">
        <ele>2437</ele>
        <extensions>
          <distance>22695</distance>
        </extensions>
      </trkpt>
      <trkpt lat="45.833389999999994" lon="7.853035">
        <ele>2430</ele>
        <extensions>
          <distance>22722</distance>
        </extensions>
      </trkpt>
      <trkpt lat="45.83358" lon="7.85283">
        <ele>2426</ele>
        <extensions>
          <distance>22749</distance>
        </extensions>
      </trkpt>
      <trkpt lat="45.83368" lon="7.85269875">
        <ele>2424</ele>
        <extensions>
          <distance>22764</distance>
        </extensions>
      </trkpt>
      <trkpt lat="45.83378" lon="7.852567499999999">
        <ele>2421</ele>
        <extensions>
          <distance>22780</distance>
        </extensions>
      </trkpt>
      <trkpt lat="45.83387999999999" lon="7.852436249999999">
        <ele>2417</ele>
        <extensions>
          <distance>22795</distance>
        </extensions>
      </trkpt>
      <trkpt lat="45.83398" lon="7.852304999999999">
        <ele>2414</ele>
        <extensions>
          <distance>22811</distance>
        </extensions>
      </trkpt>
      <trkpt lat="45.83408" lon="7.8521737499999995">
        <ele>2411</ele>
        <extensions>
          <distance>22826</distance>
        </extensions>
      </trkpt>
      <trkpt lat="45.83418" lon="7.8520425">
        <ele>2409</ele>
        <extensions>
          <distance>22841</distance>
        </extensions>
      </trkpt>
      <trkpt lat="45.83428000000001" lon="7.85191125">
        <ele>2406</ele>
        <extensions>
          <distance>22857</distance>
        </extensions>
      </trkpt>
      <trkpt lat="45.83438" lon="7.85178">
        <ele>2403</ele>
        <extensions>
          <distance>22872</distance>
        </extensions>
      </trkpt>
      <trkpt lat="45.83455" lon="7.85154">
        <ele>2397</ele>
        <extensions>
          <distance>22899</distance>
        </extensions>
      </trkpt>
      <trkpt lat="45.834697500000004" lon="7.8513649999999995">
        <ele>2395</ele>
        <extensions>
          <distance>22921</distance>
        </extensions>
      </trkpt>
      <trkpt lat="45.834845" lon="7.85119">
        <ele>2392</ele>
        <extensions>
          <distance>22942</distance>
        </extensions>
      </trkpt>
      <trkpt lat="45.8349925" lon="7.851015">
        <ele>2385</ele>
        <extensions>
          <distance>22965</distance>
        </extensions>
      </trkpt>
      <trkpt lat="45.83514" lon="7.85084">
        <ele>2385</ele>
        <extensions>
          <distance>22986</distance>
        </extensions>
      </trkpt>
      <trkpt lat="45.83533" lon="7.85101">
        <ele>2385</ele>
        <extensions>
          <distance>23011</distance>
        </extensions>
      </trkpt>
      <trkpt lat="45.83532" lon="7.85125">
        <ele>2385</ele>
        <extensions>
          <distance>23029</distance>
        </extensions>
      </trkpt>
      <trkpt lat="45.83539" lon="7.85135">
        <ele>2394</ele>
        <extensions>
          <distance>23041</distance>
        </extensions>
      </trkpt>
      <trkpt lat="45.83557" lon="7.85135">
        <ele>2394</ele>
        <extensions>
          <distance>23061</distance>
        </extensions>
      </trkpt>
      <trkpt lat="45.83562" lon="7.85154">
        <ele>2403</ele>
        <extensions>
          <distance>23078</distance>
        </extensions>
      </trkpt>
      <trkpt lat="45.83567" lon="7.85173">
        <ele>2408</ele>
        <extensions>
          <distance>23094</distance>
        </extensions>
      </trkpt>
      <trkpt lat="45.83588" lon="7.85189">
        <ele>2408</ele>
        <extensions>
          <distance>23121</distance>
        </extensions>
      </trkpt>
      <trkpt lat="45.83599" lon="7.85208">
        <ele>2408</ele>
        <extensions>
          <distance>23140</distance>
        </extensions>
      </trkpt>
      <trkpt lat="45.8361" lon="7.85227">
        <ele>2408</ele>
        <extensions>
          <distance>23159</distance>
        </extensions>
      </trkpt>
      <trkpt lat="45.836235" lon="7.85219">
        <ele>2405</ele>
        <extensions>
          <distance>23175</distance>
        </extensions>
      </trkpt>
      <trkpt lat="45.83637" lon="7.85211">
        <ele>2402</ele>
        <extensions>
          <distance>23192</distance>
        </extensions>
      </trkpt>
      <trkpt lat="45.836505" lon="7.85203">
        <ele>2402</ele>
        <extensions>
          <distance>23208</distance>
        </extensions>
      </trkpt>
      <trkpt lat="45.83664" lon="7.85195">
        <ele>2402</ele>
        <extensions>
          <distance>23224</distance>
        </extensions>
      </trkpt>
      <trkpt lat="45.83681" lon="7.851917500000001">
        <ele>2402</ele>
        <extensions>
          <distance>23244</distance>
        </extensions>
      </trkpt>
      <trkpt lat="45.83698" lon="7.851885">
        <ele>2404</ele>
        <extensions>
          <distance>23263</distance>
        </extensions>
      </trkpt>
      <trkpt lat="45.837149999999994" lon="7.8518525">
        <ele>2408</ele>
        <extensions>
          <distance>23282</distance>
        </extensions>
      </trkpt>
      <trkpt lat="45.83732" lon="7.85182">
        <ele>2410</ele>
        <extensions>
          <distance>23301</distance>
        </extensions>
      </trkpt>
      <trkpt lat="45.837525" lon="7.851789999999999">
        <ele>2412</ele>
        <extensions>
          <distance>23324</distance>
        </extensions>
      </trkpt>
      <trkpt lat="45.83773" lon="7.85176">
        <ele>2417</ele>
        <extensions>
          <distance>23347</distance>
        </extensions>
      </trkpt>
      <trkpt lat="45.83786" lon="7.85184">
        <ele>2418</ele>
        <extensions>
          <distance>23363</distance>
        </extensions>
      </trkpt>
      <trkpt lat="45.837982499999995" lon="7.851682500000001">
        <ele>2418</ele>
        <extensions>
          <distance>23381</distance>
        </extensions>
      </trkpt>
      <trkpt lat="45.838105" lon="7.8515250000000005">
        <ele>2421</ele>
        <extensions>
          <distance>23400</distance>
        </extensions>
      </trkpt>
      <trkpt lat="45.8382275" lon="7.8513675">
        <ele>2423</ele>
        <extensions>
          <distance>23418</distance>
        </extensions>
      </trkpt>
      <trkpt lat="45.83835" lon="7.85121">
        <ele>2421</ele>
        <extensions>
          <distance>23437</distance>
        </extensions>
      </trkpt>
      <trkpt lat="45.838565" lon="7.8511299999999995">
        <ele>2421</ele>
        <extensions>
          <distance>23461</distance>
        </extensions>
      </trkpt>
      <trkpt lat="45.83878" lon="7.85105">
        <ele>2420</ele>
        <extensions>
          <distance>23486</distance>
        </extensions>
      </trkpt>
      <trkpt lat="45.838885000000005" lon="7.850835">
        <ele>2421</ele>
        <extensions>
          <distance>23506</distance>
        </extensions>
      </trkpt>
      <trkpt lat="45.83899" lon="7.85062">
        <ele>2422</ele>
        <extensions>
          <distance>23527</distance>
        </extensions>
      </trkpt>
      <trkpt lat="45.83918" lon="7.8505">
        <ele>2422</ele>
        <extensions>
          <distance>23550</distance>
        </extensions>
      </trkpt>
      <trkpt lat="45.83937" lon="7.85038">
        <ele>2422</ele>
        <extensions>
          <distance>23573</distance>
        </extensions>
      </trkpt>
      <trkpt lat="45.83943" lon="7.85057">
        <ele>2427</ele>
        <extensions>
          <distance>23589</distance>
        </extensions>
      </trkpt>
      <trkpt lat="45.839625" lon="7.85057">
        <ele>2437</ele>
        <extensions>
          <distance>23613</distance>
        </extensions>
      </trkpt>
      <trkpt lat="45.83982" lon="7.85057">
        <ele>2443</ele>
        <extensions>
          <distance>23635</distance>
        </extensions>
      </trkpt>
      <trkpt lat="45.8399325" lon="7.8506825">
        <ele>2446</ele>
        <extensions>
          <distance>23651</distance>
        </extensions>
      </trkpt>
      <trkpt lat="45.840045" lon="7.850795">
        <ele>2446</ele>
        <extensions>
          <distance>23666</distance>
        </extensions>
      </trkpt>
      <trkpt lat="45.840157500000004" lon="7.8509075">
        <ele>2446</ele>
        <extensions>
          <distance>23682</distance>
        </extensions>
      </trkpt>
      <trkpt lat="45.84027" lon="7.85102">
        <ele>2446</ele>
        <extensions>
          <distance>23697</distance>
        </extensions>
      </trkpt>
      <trkpt lat="45.84043249999999" lon="7.850960000000001">
        <ele>2440</ele>
        <extensions>
          <distance>23716</distance>
        </extensions>
      </trkpt>
      <trkpt lat="45.84059499999999" lon="7.8509">
        <ele>2432</ele>
        <extensions>
          <distance>23736</distance>
        </extensions>
      </trkpt>
      <trkpt lat="45.840757499999995" lon="7.85084">
        <ele>2427</ele>
        <extensions>
          <distance>23755</distance>
        </extensions>
      </trkpt>
      <trkpt lat="45.84092" lon="7.85078">
        <ele>2426</ele>
        <extensions>
          <distance>23774</distance>
        </extensions>
      </trkpt>
      <trkpt lat="45.8410025" lon="7.8505650000000005">
        <ele>2420</ele>
        <extensions>
          <distance>23794</distance>
        </extensions>
      </trkpt>
      <trkpt lat="45.841085" lon="7.850350000000001">
        <ele>2413</ele>
        <extensions>
          <distance>23814</distance>
        </extensions>
      </trkpt>
      <trkpt lat="45.8411675" lon="7.850135">
        <ele>2406</ele>
        <extensions>
          <distance>23834</distance>
        </extensions>
      </trkpt>
      <trkpt lat="45.84125" lon="7.84992">
        <ele>2400</ele>
        <extensions>
          <distance>23854</distance>
        </extensions>
      </trkpt>
      <trkpt lat="45.841435000000004" lon="7.8496749999999995">
        <ele>2392</ele>
        <extensions>
          <distance>23883</distance>
        </extensions>
      </trkpt>
      <trkpt lat="45.84162" lon="7.84943">
        <ele>2382</ele>
        <extensions>
          <distance>23913</distance>
        </extensions>
      </trkpt>
      <trkpt lat="45.841785" lon="7.84928">
        <ele>2379</ele>
        <extensions>
          <distance>23935</distance>
        </extensions>
      </trkpt>
      <trkpt lat="45.84195" lon="7.84913">
        <ele>2379</ele>
        <extensions>
          <distance>23957</distance>
        </extensions>
      </trkpt>
      <trkpt lat="45.8422" lon="7.849085">
        <ele>2379</ele>
        <extensions>
          <distance>23985</distance>
        </extensions>
      </trkpt>
      <trkpt lat="45.84245" lon="7.84904">
        <ele>2379</ele>
        <extensions>
          <distance>24013</distance>
        </extensions>
      </trkpt>
      <trkpt lat="45.84266" lon="7.84912">
        <ele>2379</ele>
        <extensions>
          <distance>24037</distance>
        </extensions>
      </trkpt>
      <trkpt lat="45.8428" lon="7.8491">
        <ele>2379</ele>
        <extensions>
          <distance>24053</distance>
        </extensions>
      </trkpt>
      <trkpt lat="45.84294" lon="7.84908">
        <ele>2379</ele>
        <extensions>
          <distance>24068</distance>
        </extensions>
      </trkpt>
      <trkpt lat="45.8431375" lon="7.848952499999999">
        <ele>2378</ele>
        <extensions>
          <distance>24092</distance>
        </extensions>
      </trkpt>
      <trkpt lat="45.843334999999996" lon="7.848825">
        <ele>2376</ele>
        <extensions>
          <distance>24116</distance>
        </extensions>
      </trkpt>
      <trkpt lat="45.843532499999995" lon="7.8486975">
        <ele>2375</ele>
        <extensions>
          <distance>24141</distance>
        </extensions>
      </trkpt>
      <trkpt lat="45.84373" lon="7.84857">
        <ele>2375</ele>
        <extensions>
          <distance>24165</distance>
        </extensions>
      </trkpt>
      <trkpt lat="45.8439175" lon="7.8485225">
        <ele>2375</ele>
        <extensions>
          <distance>24186</distance>
        </extensions>
      </trkpt>
      <trkpt lat="45.844105" lon="7.848475">
        <ele>2376</ele>
        <extensions>
          <distance>24207</distance>
        </extensions>
      </trkpt>
      <trkpt lat="45.844292499999995" lon="7.8484275">
        <ele>2376</ele>
        <extensions>
          <distance>24228</distance>
        </extensions>
      </trkpt>
      <trkpt lat="45.84448" lon="7.84838">
        <ele>2379</ele>
        <extensions>
          <distance>24249</distance>
        </extensions>
      </trkpt>
      <trkpt lat="45.844692499999994" lon="7.848482499999999">
        <ele>2379</ele>
        <extensions>
          <distance>24274</distance>
        </extensions>
      </trkpt>
      <trkpt lat="45.844905" lon="7.848585">
        <ele>2380</ele>
        <extensions>
          <distance>24299</distance>
        </extensions>
      </trkpt>
      <trkpt lat="45.8451175" lon="7.8486875000000005">
        <ele>2380</ele>
        <extensions>
          <distance>24324</distance>
        </extensions>
      </trkpt>
      <trkpt lat="45.84533" lon="7.84879">
        <ele>2380</ele>
        <extensions>
          <distance>24349</distance>
        </extensions>
      </trkpt>
      <trkpt lat="45.8454625" lon="7.8489375">
        <ele>2379</ele>
        <extensions>
          <distance>24368</distance>
        </extensions>
      </trkpt>
      <trkpt lat="45.845595" lon="7.8490850000000005">
        <ele>2379</ele>
        <extensions>
          <distance>24386</distance>
        </extensions>
      </trkpt>
      <trkpt lat="45.8457275" lon="7.8492325">
        <ele>2378</ele>
        <extensions>
          <distance>24405</distance>
        </extensions>
      </trkpt>
      <trkpt lat="45.84586" lon="7.84938">
        <ele>2377</ele>
        <extensions>
          <distance>24424</distance>
        </extensions>
      </trkpt>
      <trkpt lat="45.846085" lon="7.849395">
        <ele>2377</ele>
        <extensions>
          <distance>24449</distance>
        </extensions>
      </trkpt>
      <trkpt lat="45.84631" lon="7.849410000000001">
        <ele>2376</ele>
        <extensions>
          <distance>24474</distance>
        </extensions>
      </trkpt>
      <trkpt lat="45.846535" lon="7.849425">
        <ele>2374</ele>
        <extensions>
          <distance>24499</distance>
        </extensions>
      </trkpt>
      <trkpt lat="45.84676" lon="7.84944">
        <ele>2371</ele>
        <extensions>
          <distance>24524</distance>
        </extensions>
      </trkpt>
      <trkpt lat="45.846885" lon="7.84953">
        <ele>2371</ele>
        <extensions>
          <distance>24540</distance>
        </extensions>
      </trkpt>
      <trkpt lat="45.84701" lon="7.84962">
        <ele>2371</ele>
        <extensions>
          <distance>24555</distance>
        </extensions>
      </trkpt>
      <trkpt lat="45.847179999999994" lon="7.84988">
        <ele>2371</ele>
        <extensions>
          <distance>24583</distance>
        </extensions>
      </trkpt>
      <trkpt lat="45.84735" lon="7.85014">
        <ele>2371</ele>
        <extensions>
          <distance>24610</distance>
        </extensions>
      </trkpt>
      <trkpt lat="45.84761" lon="7.85023">
        <ele>2371</ele>
        <extensions>
          <distance>24640</distance>
        </extensions>
      </trkpt>
      <trkpt lat="45.84780000000001" lon="7.85022">
        <ele>2371</ele>
        <extensions>
          <distance>24661</distance>
        </extensions>
      </trkpt>
      <trkpt lat="45.84799" lon="7.85021">
        <ele>2371</ele>
        <extensions>
          <distance>24682</distance>
        </extensions>
      </trkpt>
      <trkpt lat="45.84815" lon="7.85013">
        <ele>2369</ele>
        <extensions>
          <distance>24701</distance>
        </extensions>
      </trkpt>
      <trkpt lat="45.848325" lon="7.8501449999999995">
        <ele>2369</ele>
        <extensions>
          <distance>24721</distance>
        </extensions>
      </trkpt>
      <trkpt lat="45.8485" lon="7.85016">
        <ele>2369</ele>
        <extensions>
          <distance>24740</distance>
        </extensions>
      </trkpt>
      <trkpt lat="45.848675" lon="7.850175">
        <ele>2368</ele>
        <extensions>
          <distance>24760</distance>
        </extensions>
      </trkpt>
      <trkpt lat="45.84885" lon="7.85019">
        <ele>2368</ele>
        <extensions>
          <distance>24779</distance>
        </extensions>
      </trkpt>
      <trkpt lat="45.849085" lon="7.850244999999999">
        <ele>2368</ele>
        <extensions>
          <distance>24806</distance>
        </extensions>
      </trkpt>
      <trkpt lat="45.84932" lon="7.8503">
        <ele>2368</ele>
        <extensions>
          <distance>24832</distance>
        </extensions>
      </trkpt>
      <trkpt lat="45.8494475" lon="7.8503775000000005">
        <ele>2369</ele>
        <extensions>
          <distance>24848</distance>
        </extensions>
      </trkpt>
      <trkpt lat="45.849575" lon="7.850455">
        <ele>2371</ele>
        <extensions>
          <distance>24863</distance>
        </extensions>
      </trkpt>
      <trkpt lat="45.8497025" lon="7.8505325">
        <ele>2371</ele>
        <extensions>
          <distance>24878</distance>
        </extensions>
      </trkpt>
      <trkpt lat="45.84983" lon="7.85061">
        <ele>2372</ele>
        <extensions>
          <distance>24894</distance>
        </extensions>
      </trkpt>
      <trkpt lat="45.850049999999996" lon="7.850595">
        <ele>2372</ele>
        <extensions>
          <distance>24918</distance>
        </extensions>
      </trkpt>
      <trkpt lat="45.85027" lon="7.85058">
        <ele>2373</ele>
        <extensions>
          <distance>24943</distance>
        </extensions>
      </trkpt>
      <trkpt lat="45.8504525" lon="7.8507625">
        <ele>2375</ele>
        <extensions>
          <distance>24968</distance>
        </extensions>
      </trkpt>
      <trkpt lat="45.850635" lon="7.850944999999999">
        <ele>2375</ele>
        <extensions>
          <distance>24992</distance>
        </extensions>
      </trkpt>
      <trkpt lat="45.8508175" lon="7.8511275">
        <ele>2375</ele>
        <extensions>
          <distance>25017</distance>
        </extensions>
      </trkpt>
      <trkpt lat="45.851" lon="7.85131">
        <ele>2375</ele>
        <extensions>
          <distance>25042</distance>
        </extensions>
      </trkpt>
      <trkpt lat="45.85108" lon="7.85154">
        <ele>2375</ele>
        <extensions>
          <distance>25062</distance>
        </extensions>
      </trkpt>
      <trkpt lat="45.851225" lon="7.851535">
        <ele>2373</ele>
        <extensions>
          <distance>25078</distance>
        </extensions>
      </trkpt>
      <trkpt lat="45.85137" lon="7.85153">
        <ele>2371</ele>
        <extensions>
          <distance>25094</distance>
        </extensions>
      </trkpt>
      <trkpt lat="45.85158" lon="7.85167">
        <ele>2371</ele>
        <extensions>
          <distance>25120</distance>
        </extensions>
      </trkpt>
      <trkpt lat="45.85169" lon="7.851800000000001">
        <ele>2371</ele>
        <extensions>
          <distance>25136</distance>
        </extensions>
      </trkpt>
      <trkpt lat="45.8518" lon="7.85193">
        <ele>2371</ele>
        <extensions>
          <distance>25152</distance>
        </extensions>
      </trkpt>
      <trkpt lat="45.85183" lon="7.85223">
        <ele>2373</ele>
        <extensions>
          <distance>25175</distance>
        </extensions>
      </trkpt>
      <trkpt lat="45.85193" lon="7.85246">
        <ele>2374</ele>
        <extensions>
          <distance>25196</distance>
        </extensions>
      </trkpt>
      <trkpt lat="45.851995" lon="7.85279">
        <ele>2374</ele>
        <extensions>
          <distance>25223</distance>
        </extensions>
      </trkpt>
      <trkpt lat="45.85206" lon="7.85312">
        <ele>2374</ele>
        <extensions>
          <distance>25249</distance>
        </extensions>
      </trkpt>
      <trkpt lat="45.852056250000004" lon="7.8533375">
        <ele>2374</ele>
        <extensions>
          <distance>25266</distance>
        </extensions>
      </trkpt>
      <trkpt lat="45.8520525" lon="7.853555">
        <ele>2374</ele>
        <extensions>
          <distance>25283</distance>
        </extensions>
      </trkpt>
      <trkpt lat="45.85204875" lon="7.8537725">
        <ele>2373</ele>
        <extensions>
          <distance>25300</distance>
        </extensions>
      </trkpt>
      <trkpt lat="45.852045000000004" lon="7.85399">
        <ele>2373</ele>
        <extensions>
          <distance>25317</distance>
        </extensions>
      </trkpt>
      <trkpt lat="45.85204125" lon="7.854207499999999">
        <ele>2373</ele>
        <extensions>
          <distance>25334</distance>
        </extensions>
      </trkpt>
      <trkpt lat="45.8520375" lon="7.854425">
        <ele>2373</ele>
        <extensions>
          <distance>25351</distance>
        </extensions>
      </trkpt>
      <trkpt lat="45.852033750000004" lon="7.854642500000001">
        <ele>2373</ele>
        <extensions>
          <distance>25368</distance>
        </extensions>
      </trkpt>
      <trkpt lat="45.85203" lon="7.85486">
        <ele>2372</ele>
        <extensions>
          <distance>25385</distance>
        </extensions>
      </trkpt>
      <trkpt lat="45.85208" lon="7.8552">
        <ele>2372</ele>
        <extensions>
          <distance>25412</distance>
        </extensions>
      </trkpt>
      <trkpt lat="45.85219" lon="7.85539">
        <ele>2371</ele>
        <extensions>
          <distance>25431</distance>
        </extensions>
      </trkpt>
      <trkpt lat="45.85235" lon="7.85541">
        <ele>2370</ele>
        <extensions>
          <distance>25449</distance>
        </extensions>
      </trkpt>
      <trkpt lat="45.85258" lon="7.85527">
        <ele>2369</ele>
        <extensions>
          <distance>25476</distance>
        </extensions>
      </trkpt>
      <trkpt lat="45.85281" lon="7.85513">
        <ele>2369</ele>
        <extensions>
          <distance>25504</distance>
        </extensions>
      </trkpt>
      <trkpt lat="45.852995" lon="7.855115">
        <ele>2369</ele>
        <extensions>
          <distance>25525</distance>
        </extensions>
      </trkpt>
      <trkpt lat="45.85318" lon="7.8551">
        <ele>2369</ele>
        <extensions>
          <distance>25545</distance>
        </extensions>
      </trkpt>
      <trkpt lat="45.85336" lon="7.85519">
        <ele>2371</ele>
        <extensions>
          <distance>25567</distance>
        </extensions>
      </trkpt>
      <trkpt lat="45.85355" lon="7.85508">
        <ele>2371</ele>
        <extensions>
          <distance>25589</distance>
        </extensions>
      </trkpt>
      <trkpt lat="45.8537" lon="7.85485">
        <ele>2372</ele>
        <extensions>
          <distance>25614</distance>
        </extensions>
      </trkpt>
      <trkpt lat="45.85378" lon="7.85451">
        <ele>2372</ele>
        <extensions>
          <distance>25642</distance>
        </extensions>
      </trkpt>
      <trkpt lat="45.85378" lon="7.8543025">
        <ele>2372</ele>
        <extensions>
          <distance>25658</distance>
        </extensions>
      </trkpt>
      <trkpt lat="45.85378" lon="7.854095">
        <ele>2372</ele>
        <extensions>
          <distance>25674</distance>
        </extensions>
      </trkpt>
      <trkpt lat="45.85378" lon="7.8538875">
        <ele>2373</ele>
        <extensions>
          <distance>25690</distance>
        </extensions>
      </trkpt>
      <trkpt lat="45.85378" lon="7.85368">
        <ele>2373</ele>
        <extensions>
          <distance>25706</distance>
        </extensions>
      </trkpt>
      <trkpt lat="45.853750000000005" lon="7.853325">
        <ele>2373</ele>
        <extensions>
          <distance>25734</distance>
        </extensions>
      </trkpt>
      <trkpt lat="45.85372" lon="7.85297">
        <ele>2373</ele>
        <extensions>
          <distance>25762</distance>
        </extensions>
      </trkpt>
      <trkpt lat="45.853605" lon="7.852785">
        <ele>2373</ele>
        <extensions>
          <distance>25781</distance>
        </extensions>
      </trkpt>
      <trkpt lat="45.85349" lon="7.8526">
        <ele>2373</ele>
        <extensions>
          <distance>25800</distance>
        </extensions>
      </trkpt>
      <trkpt lat="45.85344" lon="7.85224">
        <ele>2373</ele>
        <extensions>
          <distance>25829</distance>
        </extensions>
      </trkpt>
      <trkpt lat="45.853455" lon="7.85197">
        <ele>2374</ele>
        <extensions>
          <distance>25850</distance>
        </extensions>
      </trkpt>
      <trkpt lat="45.85347" lon="7.8517">
        <ele>2374</ele>
        <extensions>
          <distance>25871</distance>
        </extensions>
      </trkpt>
      <trkpt lat="45.85343" lon="7.851402500000001">
        <ele>2374</ele>
        <extensions>
          <distance>25894</distance>
        </extensions>
      </trkpt>
      <trkpt lat="45.853390000000005" lon="7.8511050000000004">
        <ele>2374</ele>
        <extensions>
          <distance>25918</distance>
        </extensions>
      </trkpt>
      <trkpt lat="45.853350000000006" lon="7.8508075">
        <ele>2374</ele>
        <extensions>
          <distance>25941</distance>
        </extensions>
      </trkpt>
      <trkpt lat="45.85331" lon="7.85051">
        <ele>2372</ele>
        <extensions>
          <distance>25965</distance>
        </extensions>
      </trkpt>
      <trkpt lat="45.85324" lon="7.85034">
        <ele>2370</ele>
        <extensions>
          <distance>25980</distance>
        </extensions>
      </trkpt>
      <trkpt lat="45.85317" lon="7.85017">
        <ele>2369</ele>
        <extensions>
          <distance>25996</distance>
        </extensions>
      </trkpt>
      <trkpt lat="45.8531" lon="7.85">
        <ele>2367</ele>
        <extensions>
          <distance>26011</distance>
        </extensions>
      </trkpt>
      <trkpt lat="45.85303" lon="7.84983">
        <ele>2366</ele>
        <extensions>
          <distance>26026</distance>
        </extensions>
      </trkpt>
      <trkpt lat="45.853" lon="7.84966">
        <ele>2366</ele>
        <extensions>
          <distance>26040</distance>
        </extensions>
      </trkpt>
      <trkpt lat="45.853210000000004" lon="7.84958">
        <ele>2363</ele>
        <extensions>
          <distance>26064</distance>
        </extensions>
      </trkpt>
      <trkpt lat="45.85342" lon="7.8495">
        <ele>2363</ele>
        <extensions>
          <distance>26088</distance>
        </extensions>
      </trkpt>
      <trkpt lat="45.853545" lon="7.849575">
        <ele>2363</ele>
        <extensions>
          <distance>26104</distance>
        </extensions>
      </trkpt>
      <trkpt lat="45.85367" lon="7.8496500000000005">
        <ele>2363</ele>
        <extensions>
          <distance>26119</distance>
        </extensions>
      </trkpt>
      <trkpt lat="45.853795000000005" lon="7.849725">
        <ele>2363</ele>
        <extensions>
          <distance>26134</distance>
        </extensions>
      </trkpt>
      <trkpt lat="45.85392" lon="7.8498">
        <ele>2363</ele>
        <extensions>
          <distance>26149</distance>
        </extensions>
      </trkpt>
      <trkpt lat="45.8541" lon="7.8498">
        <ele>2363</ele>
        <extensions>
          <distance>26169</distance>
        </extensions>
      </trkpt>
      <trkpt lat="45.85419" lon="7.8497">
        <ele>2361</ele>
        <extensions>
          <distance>26181</distance>
        </extensions>
      </trkpt>
      <trkpt lat="45.854335000000006" lon="7.849575">
        <ele>2360</ele>
        <extensions>
          <distance>26200</distance>
        </extensions>
      </trkpt>
      <trkpt lat="45.85448" lon="7.84945">
        <ele>2359</ele>
        <extensions>
          <distance>26219</distance>
        </extensions>
      </trkpt>
      <trkpt lat="45.85466" lon="7.84955">
        <ele>2358</ele>
        <extensions>
          <distance>26241</distance>
        </extensions>
      </trkpt>
      <trkpt lat="45.8548675" lon="7.8493025">
        <ele>2357</ele>
        <extensions>
          <distance>26271</distance>
        </extensions>
      </trkpt>
      <trkpt lat="45.855075" lon="7.849055">
        <ele>2356</ele>
        <extensions>
          <distance>26301</distance>
        </extensions>
      </trkpt>
      <trkpt lat="45.8552825" lon="7.8488074999999995">
        <ele>2355</ele>
        <extensions>
          <distance>26331</distance>
        </extensions>
      </trkpt>
      <trkpt lat="45.85549" lon="7.84856">
        <ele>2355</ele>
        <extensions>
          <distance>26361</distance>
        </extensions>
      </trkpt>
      <trkpt lat="45.85572" lon="7.84839">
        <ele>2354</ele>
        <extensions>
          <distance>26390</distance>
        </extensions>
      </trkpt>
      <trkpt lat="45.855805000000004" lon="7.848185">
        <ele>2353</ele>
        <extensions>
          <distance>26408</distance>
        </extensions>
      </trkpt>
      <trkpt lat="45.85589" lon="7.84798">
        <ele>2351</ele>
        <extensions>
          <distance>26427</distance>
        </extensions>
      </trkpt>
      <trkpt lat="45.8560025" lon="7.8478224999999995">
        <ele>2350</ele>
        <extensions>
          <distance>26444</distance>
        </extensions>
      </trkpt>
      <trkpt lat="45.856115" lon="7.847664999999999">
        <ele>2348</ele>
        <extensions>
          <distance>26462</distance>
        </extensions>
      </trkpt>
      <trkpt lat="45.8562275" lon="7.847507499999999">
        <ele>2347</ele>
        <extensions>
          <distance>26479</distance>
        </extensions>
      </trkpt>
      <trkpt lat="45.85634" lon="7.84735">
        <ele>2346</ele>
        <extensions>
          <distance>26497</distance>
        </extensions>
      </trkpt>
      <trkpt lat="45.85637" lon="7.84714">
        <ele>2342</ele>
        <extensions>
          <distance>26514</distance>
        </extensions>
      </trkpt>
      <trkpt lat="45.8564" lon="7.84693">
        <ele>2342</ele>
        <extensions>
          <distance>26530</distance>
        </extensions>
      </trkpt>
      <trkpt lat="45.85646" lon="7.8467525">
        <ele>2342</ele>
        <extensions>
          <distance>26546</distance>
        </extensions>
      </trkpt>
      <trkpt lat="45.85652" lon="7.846575">
        <ele>2341</ele>
        <extensions>
          <distance>26561</distance>
        </extensions>
      </trkpt>
      <trkpt lat="45.85658" lon="7.8463975">
        <ele>2341</ele>
        <extensions>
          <distance>26576</distance>
        </extensions>
      </trkpt>
      <trkpt lat="45.85664" lon="7.84622">
        <ele>2341</ele>
        <extensions>
          <distance>26592</distance>
        </extensions>
      </trkpt>
      <trkpt lat="45.856562499999995" lon="7.846055">
        <ele>2337</ele>
        <extensions>
          <distance>26607</distance>
        </extensions>
      </trkpt>
      <trkpt lat="45.856485" lon="7.84589">
        <ele>2334</ele>
        <extensions>
          <distance>26623</distance>
        </extensions>
      </trkpt>
      <trkpt lat="45.8564075" lon="7.845725">
        <ele>2331</ele>
        <extensions>
          <distance>26639</distance>
        </extensions>
      </trkpt>
      <trkpt lat="45.85633" lon="7.84556">
        <ele>2327</ele>
        <extensions>
          <distance>26655</distance>
        </extensions>
      </trkpt>
      <trkpt lat="45.856359999999995" lon="7.845269999999999">
        <ele>2324</ele>
        <extensions>
          <distance>26678</distance>
        </extensions>
      </trkpt>
      <trkpt lat="45.85639" lon="7.84498">
        <ele>2324</ele>
        <extensions>
          <distance>26700</distance>
        </extensions>
      </trkpt>
      <trkpt lat="45.85632" lon="7.84482">
        <ele>2324</ele>
        <extensions>
          <distance>26715</distance>
        </extensions>
      </trkpt>
      <trkpt lat="45.85634" lon="7.84474">
        <ele>2323</ele>
        <extensions>
          <distance>26722</distance>
        </extensions>
      </trkpt>
      <trkpt lat="45.85653" lon="7.84489">
        <ele>2322</ele>
        <extensions>
          <distance>26746</distance>
        </extensions>
      </trkpt>
      <trkpt lat="45.856584999999995" lon="7.844695">
        <ele>2320</ele>
        <extensions>
          <distance>26762</distance>
        </extensions>
      </trkpt>
      <trkpt lat="45.85664" lon="7.8445">
        <ele>2320</ele>
        <extensions>
          <distance>26778</distance>
        </extensions>
      </trkpt>
      <trkpt lat="45.85666" lon="7.8443000000000005">
        <ele>2319</ele>
        <extensions>
          <distance>26794</distance>
        </extensions>
      </trkpt>
      <trkpt lat="45.85668" lon="7.8441">
        <ele>2318</ele>
        <extensions>
          <distance>26810</distance>
        </extensions>
      </trkpt>
      <trkpt lat="45.856565" lon="7.84377">
        <ele>2316</ele>
        <extensions>
          <distance>26839</distance>
        </extensions>
      </trkpt>
      <trkpt lat="45.85645" lon="7.84344">
        <ele>2313</ele>
        <extensions>
          <distance>26867</distance>
        </extensions>
      </trkpt>
      <trkpt lat="45.856435000000005" lon="7.843085">
        <ele>2313</ele>
        <extensions>
          <distance>26895</distance>
        </extensions>
      </trkpt>
      <trkpt lat="45.85642" lon="7.84273">
        <ele>2311</ele>
        <extensions>
          <distance>26923</distance>
        </extensions>
      </trkpt>
      <trkpt lat="45.856355" lon="7.84253">
        <ele>2308</ele>
        <extensions>
          <distance>26940</distance>
        </extensions>
      </trkpt>
      <trkpt lat="45.85629" lon="7.84233">
        <ele>2303</ele>
        <extensions>
          <distance>26958</distance>
        </extensions>
      </trkpt>
      <trkpt lat="45.856275" lon="7.842065">
        <ele>2299</ele>
        <extensions>
          <distance>26979</distance>
        </extensions>
      </trkpt>
      <trkpt lat="45.85626" lon="7.8418">
        <ele>2294</ele>
        <extensions>
          <distance>27000</distance>
        </extensions>
      </trkpt>
      <trkpt lat="45.85615" lon="7.8416250000000005">
        <ele>2287</ele>
        <extensions>
          <distance>27020</distance>
        </extensions>
      </trkpt>
      <trkpt lat="45.85604" lon="7.84145">
        <ele>2282</ele>
        <extensions>
          <distance>27039</distance>
        </extensions>
      </trkpt>
      <trkpt lat="45.856049999999996" lon="7.841245">
        <ele>2278</ele>
        <extensions>
          <distance>27055</distance>
        </extensions>
      </trkpt>
      <trkpt lat="45.85606" lon="7.84104">
        <ele>2272</ele>
        <extensions>
          <distance>27072</distance>
        </extensions>
      </trkpt>
      <trkpt lat="45.856224999999995" lon="7.84094">
        <ele>2269</ele>
        <extensions>
          <distance>27092</distance>
        </extensions>
      </trkpt>
      <trkpt lat="45.85639" lon="7.84084">
        <ele>2265</ele>
        <extensions>
          <distance>27113</distance>
        </extensions>
      </trkpt>
      <trkpt lat="45.85641" lon="7.84059">
        <ele>2250</ele>
        <extensions>
          <distance>27137</distance>
        </extensions>
      </trkpt>
      <trkpt lat="45.85647" lon="7.84041">
        <ele>2241</ele>
        <extensions>
          <distance>27155</distance>
        </extensions>
      </trkpt>
      <trkpt lat="45.85652" lon="7.84031">
        <ele>2237</ele>
        <extensions>
          <distance>27165</distance>
        </extensions>
      </trkpt>
      <trkpt lat="45.85646" lon="7.84018">
        <ele>2229</ele>
        <extensions>
          <distance>27180</distance>
        </extensions>
      </trkpt>
      <trkpt lat="45.85653" lon="7.83995">
        <ele>2217</ele>
        <extensions>
          <distance>27203</distance>
        </extensions>
      </trkpt>
      <trkpt lat="45.8566" lon="7.83972">
        <ele>2204</ele>
        <extensions>
          <distance>27226</distance>
        </extensions>
      </trkpt>
      <trkpt lat="45.856695" lon="7.8395600000000005">
        <ele>2194</ele>
        <extensions>
          <distance>27245</distance>
        </extensions>
      </trkpt>
      <trkpt lat="45.85679" lon="7.8394">
        <ele>2182</ele>
        <extensions>
          <distance>27266</distance>
        </extensions>
      </trkpt>
      <trkpt lat="45.85678" lon="7.83931">
        <ele>2177</ele>
        <extensions>
          <distance>27274</distance>
        </extensions>
      </trkpt>
      <trkpt lat="45.85685" lon="7.83934">
        <ele>2177</ele>
        <extensions>
          <distance>27282</distance>
        </extensions>
      </trkpt>
      <trkpt lat="45.85686" lon="7.83928">
        <ele>2172</ele>
        <extensions>
          <distance>27288</distance>
        </extensions>
      </trkpt>
      <trkpt lat="45.857029999999995" lon="7.839175">
        <ele>2152</ele>
        <extensions>
          <distance>27317</distance>
        </extensions>
      </trkpt>
      <trkpt lat="45.8572" lon="7.83907">
        <ele>2134</ele>
        <extensions>
          <distance>27344</distance>
        </extensions>
      </trkpt>
      <trkpt lat="45.85744" lon="7.83896">
        <ele>2129</ele>
        <extensions>
          <distance>27373</distance>
        </extensions>
      </trkpt>
      <trkpt lat="45.85758" lon="7.83885">
        <ele>2124</ele>
        <extensions>
          <distance>27391</distance>
        </extensions>
      </trkpt>
      <trkpt lat="45.85769" lon="7.83861">
        <ele>2117</ele>
        <extensions>
          <distance>27414</distance>
        </extensions>
      </trkpt>
      <trkpt lat="45.8578" lon="7.83837">
        <ele>2110</ele>
        <extensions>
          <distance>27438</distance>
        </extensions>
      </trkpt>
      <trkpt lat="45.85792" lon="7.8382249999999996">
        <ele>2107</ele>
        <extensions>
          <distance>27456</distance>
        </extensions>
      </trkpt>
      <trkpt lat="45.85804" lon="7.83808">
        <ele>2106</ele>
        <extensions>
          <distance>27473</distance>
        </extensions>
      </trkpt>
      <trkpt lat="45.857865000000004" lon="7.837865">
        <ele>2096</ele>
        <extensions>
          <distance>27500</distance>
        </extensions>
      </trkpt>
      <trkpt lat="45.85769" lon="7.83765">
        <ele>2092</ele>
        <extensions>
          <distance>27526</distance>
        </extensions>
      </trkpt>
      <trkpt lat="45.85765" lon="7.83754">
        <ele>2090</ele>
        <extensions>
          <distance>27536</distance>
        </extensions>
      </trkpt>
      <trkpt lat="45.85774" lon="7.83731">
        <ele>2083</ele>
        <extensions>
          <distance>27557</distance>
        </extensions>
      </trkpt>
      <trkpt lat="45.85772" lon="7.83696">
        <ele>2076</ele>
        <extensions>
          <distance>27586</distance>
        </extensions>
      </trkpt>
      <trkpt lat="45.85777" lon="7.83659">
        <ele>2070</ele>
        <extensions>
          <distance>27615</distance>
        </extensions>
      </trkpt>
      <trkpt lat="45.85791" lon="7.83633">
        <ele>2068</ele>
        <extensions>
          <distance>27641</distance>
        </extensions>
      </trkpt>
      <trkpt lat="45.8579" lon="7.836095">
        <ele>2068</ele>
        <extensions>
          <distance>27659</distance>
        </extensions>
      </trkpt>
      <trkpt lat="45.85789" lon="7.83586">
        <ele>2067</ele>
        <extensions>
          <distance>27678</distance>
        </extensions>
      </trkpt>
      <trkpt lat="45.858019999999996" lon="7.835765">
        <ele>2067</ele>
        <extensions>
          <distance>27694</distance>
        </extensions>
      </trkpt>
      <trkpt lat="45.85815" lon="7.83567">
        <ele>2067</ele>
        <extensions>
          <distance>27710</distance>
        </extensions>
      </trkpt>
      <trkpt lat="45.858185000000006" lon="7.835375">
        <ele>2067</ele>
        <extensions>
          <distance>27733</distance>
        </extensions>
      </trkpt>
      <trkpt lat="45.85822" lon="7.83508">
        <ele>2067</ele>
        <extensions>
          <distance>27756</distance>
        </extensions>
      </trkpt>
      <trkpt lat="45.858155000000004" lon="7.8348474999999995">
        <ele>2067</ele>
        <extensions>
          <distance>27776</distance>
        </extensions>
      </trkpt>
      <trkpt lat="45.858090000000004" lon="7.834614999999999">
        <ele>2067</ele>
        <extensions>
          <distance>27795</distance>
        </extensions>
      </trkpt>
      <trkpt lat="45.858025" lon="7.8343825">
        <ele>2067</ele>
        <extensions>
          <distance>27815</distance>
        </extensions>
      </trkpt>
      <trkpt lat="45.85796" lon="7.83415">
        <ele>2066</ele>
        <extensions>
          <distance>27834</distance>
        </extensions>
      </trkpt>
      <trkpt lat="45.85794" lon="7.83386">
        <ele>2059</ele>
        <extensions>
          <distance>27857</distance>
        </extensions>
      </trkpt>
      <trkpt lat="45.85782" lon="7.83367">
        <ele>2056</ele>
        <extensions>
          <distance>27877</distance>
        </extensions>
      </trkpt>
      <trkpt lat="45.85783" lon="7.83356">
        <ele>2053</ele>
        <extensions>
          <distance>27886</distance>
        </extensions>
      </trkpt>
      <trkpt lat="45.858" lon="7.83347">
        <ele>2050</ele>
        <extensions>
          <distance>27907</distance>
        </extensions>
      </trkpt>
      <trkpt lat="45.85804" lon="7.83331">
        <ele>2048</ele>
        <extensions>
          <distance>27920</distance>
        </extensions>
      </trkpt>
      <trkpt lat="45.85799" lon="7.83314">
        <ele>2046</ele>
        <extensions>
          <distance>27934</distance>
        </extensions>
      </trkpt>
      <trkpt lat="45.85786" lon="7.83303">
        <ele>2044</ele>
        <extensions>
          <distance>27951</distance>
        </extensions>
      </trkpt>
      <trkpt lat="45.85794" lon="7.83272">
        <ele>2043</ele>
        <extensions>
          <distance>27977</distance>
        </extensions>
      </trkpt>
      <trkpt lat="45.85792" lon="7.83237">
        <ele>2043</ele>
        <extensions>
          <distance>28004</distance>
        </extensions>
      </trkpt>
      <trkpt lat="45.8579" lon="7.83202">
        <ele>2043</ele>
        <extensions>
          <distance>28032</distance>
        </extensions>
      </trkpt>
      <trkpt lat="45.857960000000006" lon="7.8317499999999995">
        <ele>2042</ele>
        <extensions>
          <distance>28054</distance>
        </extensions>
      </trkpt>
      <trkpt lat="45.85802" lon="7.83148">
        <ele>2040</ele>
        <extensions>
          <distance>28076</distance>
        </extensions>
      </trkpt>
      <trkpt lat="45.85802" lon="7.83114">
        <ele>2036</ele>
        <extensions>
          <distance>28102</distance>
        </extensions>
      </trkpt>
      <trkpt lat="45.8580825" lon="7.8309175">
        <ele>2034</ele>
        <extensions>
          <distance>28121</distance>
        </extensions>
      </trkpt>
      <trkpt lat="45.858145" lon="7.830695">
        <ele>2032</ele>
        <extensions>
          <distance>28140</distance>
        </extensions>
      </trkpt>
      <trkpt lat="45.8582075" lon="7.830472500000001">
        <ele>2030</ele>
        <extensions>
          <distance>28158</distance>
        </extensions>
      </trkpt>
      <trkpt lat="45.85827" lon="7.83025">
        <ele>2028</ele>
        <extensions>
          <distance>28177</distance>
        </extensions>
      </trkpt>
      <trkpt lat="45.85829" lon="7.8299">
        <ele>2020</ele>
        <extensions>
          <distance>28206</distance>
        </extensions>
      </trkpt>
      <trkpt lat="45.858265" lon="7.829575">
        <ele>2014</ele>
        <extensions>
          <distance>28232</distance>
        </extensions>
      </trkpt>
      <trkpt lat="45.85824" lon="7.82925">
        <ele>2013</ele>
        <extensions>
          <distance>28257</distance>
        </extensions>
      </trkpt>
      <trkpt lat="45.858230000000006" lon="7.828945">
        <ele>2013</ele>
        <extensions>
          <distance>28281</distance>
        </extensions>
      </trkpt>
      <trkpt lat="45.85822" lon="7.82864">
        <ele>2012</ele>
        <extensions>
          <distance>28305</distance>
        </extensions>
      </trkpt>
      <trkpt lat="45.85813" lon="7.82859">
        <ele>2011</ele>
        <extensions>
          <distance>28315</distance>
        </extensions>
      </trkpt>
      <trkpt lat="45.85815" lon="7.8283362499999996">
        <ele>2010</ele>
        <extensions>
          <distance>28335</distance>
        </extensions>
      </trkpt>
      <trkpt lat="45.85817" lon="7.8280825">
        <ele>2010</ele>
        <extensions>
          <distance>28355</distance>
        </extensions>
      </trkpt>
      <trkpt lat="45.85819" lon="7.82782875">
        <ele>2007</ele>
        <extensions>
          <distance>28375</distance>
        </extensions>
      </trkpt>
      <trkpt lat="45.85821" lon="7.8275749999999995">
        <ele>2006</ele>
        <extensions>
          <distance>28395</distance>
        </extensions>
      </trkpt>
      <trkpt lat="45.85823" lon="7.82732125">
        <ele>2005</ele>
        <extensions>
          <distance>28415</distance>
        </extensions>
      </trkpt>
      <trkpt lat="45.85825" lon="7.8270675">
        <ele>2005</ele>
        <extensions>
          <distance>28435</distance>
        </extensions>
      </trkpt>
      <trkpt lat="45.85827" lon="7.8268137499999995">
        <ele>2005</ele>
        <extensions>
          <distance>28454</distance>
        </extensions>
      </trkpt>
      <trkpt lat="45.85829" lon="7.82656">
        <ele>2002</ele>
        <extensions>
          <distance>28474</distance>
        </extensions>
      </trkpt>
      <trkpt lat="45.858264999999996" lon="7.8262975">
        <ele>1998</ele>
        <extensions>
          <distance>28495</distance>
        </extensions>
      </trkpt>
      <trkpt lat="45.858239999999995" lon="7.826035">
        <ele>1995</ele>
        <extensions>
          <distance>28516</distance>
        </extensions>
      </trkpt>
      <trkpt lat="45.858215" lon="7.8257725">
        <ele>1992</ele>
        <extensions>
          <distance>28537</distance>
        </extensions>
      </trkpt>
      <trkpt lat="45.85819" lon="7.82551">
        <ele>1989</ele>
        <extensions>
          <distance>28558</distance>
        </extensions>
      </trkpt>
      <trkpt lat="45.858235" lon="7.82523">
        <ele>1987</ele>
        <extensions>
          <distance>28580</distance>
        </extensions>
      </trkpt>
      <trkpt lat="45.85828" lon="7.82495">
        <ele>1985</ele>
        <extensions>
          <distance>28602</distance>
        </extensions>
      </trkpt>
      <trkpt lat="45.858325" lon="7.82467">
        <ele>1982</ele>
        <extensions>
          <distance>28625</distance>
        </extensions>
      </trkpt>
      <trkpt lat="45.85837" lon="7.82439">
        <ele>1979</ele>
        <extensions>
          <distance>28647</distance>
        </extensions>
      </trkpt>
      <trkpt lat="45.858387500000006" lon="7.8240575">
        <ele>1978</ele>
        <extensions>
          <distance>28673</distance>
        </extensions>
      </trkpt>
      <trkpt lat="45.858405000000005" lon="7.823725">
        <ele>1978</ele>
        <extensions>
          <distance>28699</distance>
        </extensions>
      </trkpt>
      <trkpt lat="45.8584225" lon="7.8233925">
        <ele>1977</ele>
        <extensions>
          <distance>28725</distance>
        </extensions>
      </trkpt>
      <trkpt lat="45.85844" lon="7.82306">
        <ele>1977</ele>
        <extensions>
          <distance>28751</distance>
        </extensions>
      </trkpt>
      <trkpt lat="45.8584025" lon="7.82283">
        <ele>1977</ele>
        <extensions>
          <distance>28769</distance>
        </extensions>
      </trkpt>
      <trkpt lat="45.858365" lon="7.8225999999999996">
        <ele>1973</ele>
        <extensions>
          <distance>28788</distance>
        </extensions>
      </trkpt>
      <trkpt lat="45.8583275" lon="7.822369999999999">
        <ele>1967</ele>
        <extensions>
          <distance>28807</distance>
        </extensions>
      </trkpt>
      <trkpt lat="45.85829" lon="7.82214">
        <ele>1962</ele>
        <extensions>
          <distance>28826</distance>
        </extensions>
      </trkpt>
      <trkpt lat="45.858345" lon="7.821905">
        <ele>1961</ele>
        <extensions>
          <distance>28845</distance>
        </extensions>
      </trkpt>
      <trkpt lat="45.8584" lon="7.82167">
        <ele>1958</ele>
        <extensions>
          <distance>28865</distance>
        </extensions>
      </trkpt>
      <trkpt lat="45.858455000000006" lon="7.821435">
        <ele>1955</ele>
        <extensions>
          <distance>28884</distance>
        </extensions>
      </trkpt>
      <trkpt lat="45.85851" lon="7.8212">
        <ele>1953</ele>
        <extensions>
          <distance>28904</distance>
        </extensions>
      </trkpt>
      <trkpt lat="45.85848" lon="7.8208850000000005">
        <ele>1948</ele>
        <extensions>
          <distance>28929</distance>
        </extensions>
      </trkpt>
      <trkpt lat="45.85845" lon="7.82057">
        <ele>1946</ele>
        <extensions>
          <distance>28954</distance>
        </extensions>
      </trkpt>
      <trkpt lat="45.85845875" lon="7.82031875">
        <ele>1946</ele>
        <extensions>
          <distance>28973</distance>
        </extensions>
      </trkpt>
      <trkpt lat="45.8584675" lon="7.8200675">
        <ele>1945</ele>
        <extensions>
          <distance>28993</distance>
        </extensions>
      </trkpt>
      <trkpt lat="45.85847625" lon="7.819816250000001">
        <ele>1943</ele>
        <extensions>
          <distance>29012</distance>
        </extensions>
      </trkpt>
      <trkpt lat="45.858485" lon="7.819565">
        <ele>1941</ele>
        <extensions>
          <distance>29032</distance>
        </extensions>
      </trkpt>
      <trkpt lat="45.85849375" lon="7.819313749999999">
        <ele>1939</ele>
        <extensions>
          <distance>29051</distance>
        </extensions>
      </trkpt>
      <trkpt lat="45.8585025" lon="7.819062499999999">
        <ele>1938</ele>
        <extensions>
          <distance>29071</distance>
        </extensions>
      </trkpt>
      <trkpt lat="45.85851125" lon="7.8188112499999995">
        <ele>1936</ele>
        <extensions>
          <distance>29091</distance>
        </extensions>
      </trkpt>
      <trkpt lat="45.85852" lon="7.81856">
        <ele>1935</ele>
        <extensions>
          <distance>29110</distance>
        </extensions>
      </trkpt>
      <trkpt lat="45.8585125" lon="7.8183175">
        <ele>1933</ele>
        <extensions>
          <distance>29129</distance>
        </extensions>
      </trkpt>
      <trkpt lat="45.858505" lon="7.818075">
        <ele>1931</ele>
        <extensions>
          <distance>29148</distance>
        </extensions>
      </trkpt>
      <trkpt lat="45.8584975" lon="7.8178325">
        <ele>1927</ele>
        <extensions>
          <distance>29168</distance>
        </extensions>
      </trkpt>
      <trkpt lat="45.85849" lon="7.81759">
        <ele>1926</ele>
        <extensions>
          <distance>29186</distance>
        </extensions>
      </trkpt>
      <trkpt lat="45.858585000000005" lon="7.817254999999999">
        <ele>1925</ele>
        <extensions>
          <distance>29214</distance>
        </extensions>
      </trkpt>
      <trkpt lat="45.85868" lon="7.81692">
        <ele>1925</ele>
        <extensions>
          <distance>29243</distance>
        </extensions>
      </trkpt>
      <trkpt lat="45.858855" lon="7.816655">
        <ele>1925</ele>
        <extensions>
          <distance>29271</distance>
        </extensions>
      </trkpt>
      <trkpt lat="45.85903" lon="7.81639">
        <ele>1925</ele>
        <extensions>
          <distance>29299</distance>
        </extensions>
      </trkpt>
      <trkpt lat="45.85921" lon="7.816265">
        <ele>1925</ele>
        <extensions>
          <distance>29321</distance>
        </extensions>
      </trkpt>
      <trkpt lat="45.85939" lon="7.81614">
        <ele>1925</ele>
        <extensions>
          <distance>29344</distance>
        </extensions>
      </trkpt>
      <trkpt lat="45.85957" lon="7.816015">
        <ele>1923</ele>
        <extensions>
          <distance>29366</distance>
        </extensions>
      </trkpt>
      <trkpt lat="45.85975" lon="7.81589">
        <ele>1923</ele>
        <extensions>
          <distance>29388</distance>
        </extensions>
      </trkpt>
      <trkpt lat="45.859895" lon="7.815744">
        <ele>1922</ele>
        <extensions>
          <distance>29408</distance>
        </extensions>
      </trkpt>
      <trkpt lat="45.860037" lon="7.815602">
        <ele>1920</ele>
        <extensions>
          <distance>29427</distance>
        </extensions>
      </trkpt>
      <trkpt lat="45.860388" lon="7.81529">
        <ele>1911</ele>
        <extensions>
          <distance>29474</distance>
        </extensions>
      </trkpt>
      <trkpt lat="45.860726" lon="7.815027">
        <ele>1910</ele>
        <extensions>
          <distance>29517</distance>
        </extensions>
      </trkpt>
      <trkpt lat="45.860811" lon="7.814974">
        <ele>1910</ele>
        <extensions>
          <distance>29527</distance>
        </extensions>
      </trkpt>
      <trkpt lat="45.86099" lon="7.814833">
        <ele>1906</ele>
        <extensions>
          <distance>29550</distance>
        </extensions>
      </trkpt>
      <trkpt lat="45.861391" lon="7.814541">
        <ele>1905</ele>
        <extensions>
          <distance>29600</distance>
        </extensions>
      </trkpt>
      <trkpt lat="45.861563" lon="7.8144">
        <ele>1905</ele>
        <extensions>
          <distance>29622</distance>
        </extensions>
      </trkpt>
      <trkpt lat="45.861698" lon="7.814263">
        <ele>1904</ele>
        <extensions>
          <distance>29640</distance>
        </extensions>
      </trkpt>
      <trkpt lat="45.861707" lon="7.814217">
        <ele>1902</ele>
        <extensions>
          <distance>29644</distance>
        </extensions>
      </trkpt>
      <trkpt lat="45.861704" lon="7.814171">
        <ele>1900</ele>
        <extensions>
          <distance>29648</distance>
        </extensions>
      </trkpt>
      <trkpt lat="45.861676" lon="7.814137">
        <ele>1898</ele>
        <extensions>
          <distance>29653</distance>
        </extensions>
      </trkpt>
      <trkpt lat="45.86164" lon="7.814129">
        <ele>1896</ele>
        <extensions>
          <distance>29657</distance>
        </extensions>
      </trkpt>
      <trkpt lat="45.861588" lon="7.814143">
        <ele>1895</ele>
        <extensions>
          <distance>29663</distance>
        </extensions>
      </trkpt>
      <trkpt lat="45.86139" lon="7.814241">
        <ele>1891</ele>
        <extensions>
          <distance>29687</distance>
        </extensions>
      </trkpt>
      <trkpt lat="45.860987" lon="7.814413">
        <ele>1885</ele>
        <extensions>
          <distance>29734</distance>
        </extensions>
      </trkpt>
      <trkpt lat="45.860834" lon="7.814419">
        <ele>1883</ele>
        <extensions>
          <distance>29751</distance>
        </extensions>
      </trkpt>
      <trkpt lat="45.860696" lon="7.814387">
        <ele>1879</ele>
        <extensions>
          <distance>29767</distance>
        </extensions>
      </trkpt>
      <trkpt lat="45.860512" lon="7.814322">
        <ele>1874</ele>
        <extensions>
          <distance>29789</distance>
        </extensions>
      </trkpt>
      <trkpt lat="45.860378" lon="7.814241">
        <ele>1870</ele>
        <extensions>
          <distance>29805</distance>
        </extensions>
      </trkpt>
      <trkpt lat="45.860255" lon="7.814214">
        <ele>1867</ele>
        <extensions>
          <distance>29819</distance>
        </extensions>
      </trkpt>
      <trkpt lat="45.860164" lon="7.814227">
        <ele>1866</ele>
        <extensions>
          <distance>29830</distance>
        </extensions>
      </trkpt>
      <trkpt lat="45.860108" lon="7.814264">
        <ele>1866</ele>
        <extensions>
          <distance>29836</distance>
        </extensions>
      </trkpt>
      <trkpt lat="45.860094" lon="7.81423">
        <ele>1864</ele>
        <extensions>
          <distance>29840</distance>
        </extensions>
      </trkpt>
      <trkpt lat="45.860208" lon="7.813892">
        <ele>1856</ele>
        <extensions>
          <distance>29870</distance>
        </extensions>
      </trkpt>
      <trkpt lat="45.860162" lon="7.81347">
        <ele>1846</ele>
        <extensions>
          <distance>29905</distance>
        </extensions>
      </trkpt>
      <trkpt lat="45.86017" lon="7.81314">
        <ele>1839</ele>
        <extensions>
          <distance>29931</distance>
        </extensions>
      </trkpt>
      <trkpt lat="45.860294999999994" lon="7.81298">
        <ele>1837</ele>
        <extensions>
          <distance>29950</distance>
        </extensions>
      </trkpt>
      <trkpt lat="45.86042" lon="7.81282">
        <ele>1835</ele>
        <extensions>
          <distance>29969</distance>
        </extensions>
      </trkpt>
      <trkpt lat="45.86041" lon="7.812625000000001">
        <ele>1834</ele>
        <extensions>
          <distance>29984</distance>
        </extensions>
      </trkpt>
      <trkpt lat="45.8604" lon="7.81243">
        <ele>1834</ele>
        <extensions>
          <distance>29999</distance>
        </extensions>
      </trkpt>
      <trkpt lat="45.86055" lon="7.81241">
        <ele>1833</ele>
        <extensions>
          <distance>30016</distance>
        </extensions>
      </trkpt>
      <trkpt lat="45.86069" lon="7.81241">
        <ele>1832</ele>
        <extensions>
          <distance>30031</distance>
        </extensions>
      </trkpt>
      <trkpt lat="45.86068" lon="7.81216">
        <ele>1831</ele>
        <extensions>
          <distance>30051</distance>
        </extensions>
      </trkpt>
      <trkpt lat="45.860465000000005" lon="7.812180000000001">
        <ele>1831</ele>
        <extensions>
          <distance>30075</distance>
        </extensions>
      </trkpt>
      <trkpt lat="45.86025" lon="7.812200000000001">
        <ele>1830</ele>
        <extensions>
          <distance>30099</distance>
        </extensions>
      </trkpt>
      <trkpt lat="45.860034999999996" lon="7.81222">
        <ele>1830</ele>
        <extensions>
          <distance>30123</distance>
        </extensions>
      </trkpt>
      <trkpt lat="45.85982" lon="7.81224">
        <ele>1830</ele>
        <extensions>
          <distance>30147</distance>
        </extensions>
      </trkpt>
      <trkpt lat="45.859737" lon="7.812013">
        <ele>1829</ele>
        <extensions>
          <distance>30167</distance>
        </extensions>
      </trkpt>
      <trkpt lat="45.859382" lon="7.812017">
        <ele>1828</ele>
        <extensions>
          <distance>30206</distance>
        </extensions>
      </trkpt>
      <trkpt lat="45.859326" lon="7.812005">
        <ele>1827</ele>
        <extensions>
          <distance>30212</distance>
        </extensions>
      </trkpt>
      <trkpt lat="45.858977" lon="7.811827">
        <ele>1827</ele>
        <extensions>
          <distance>30254</distance>
        </extensions>
      </trkpt>
      <trkpt lat="45.858714" lon="7.811819">
        <ele>1826</ele>
        <extensions>
          <distance>30283</distance>
        </extensions>
      </trkpt>
      <trkpt lat="45.85839" lon="7.811758">
        <ele>1826</ele>
        <extensions>
          <distance>30319</distance>
        </extensions>
      </trkpt>
      <trkpt lat="45.858257" lon="7.811755">
        <ele>1825</ele>
        <extensions>
          <distance>30334</distance>
        </extensions>
      </trkpt>
      <trkpt lat="45.858214" lon="7.811806">
        <ele>1824</ele>
        <extensions>
          <distance>30340</distance>
        </extensions>
      </trkpt>
      <trkpt lat="45.857891" lon="7.811768">
        <ele>1821</ele>
        <extensions>
          <distance>30376</distance>
        </extensions>
      </trkpt>
      <trkpt lat="45.857815" lon="7.811782">
        <ele>1821</ele>
        <extensions>
          <distance>30385</distance>
        </extensions>
      </trkpt>
      <trkpt lat="45.857782" lon="7.81185">
        <ele>1821</ele>
        <extensions>
          <distance>30391</distance>
        </extensions>
      </trkpt>
      <trkpt lat="45.857694" lon="7.811743">
        <ele>1821</ele>
        <extensions>
          <distance>30404</distance>
        </extensions>
      </trkpt>
      <trkpt lat="45.85758" lon="7.811629">
        <ele>1821</ele>
        <extensions>
          <distance>30420</distance>
        </extensions>
      </trkpt>
      <trkpt lat="45.857516" lon="7.81143">
        <ele>1824</ele>
        <extensions>
          <distance>30437</distance>
        </extensions>
      </trkpt>
      <trkpt lat="45.857255" lon="7.811034">
        <ele>1828</ele>
        <extensions>
          <distance>30479</distance>
        </extensions>
      </trkpt>
      <trkpt lat="45.857117" lon="7.810963">
        <ele>1828</ele>
        <extensions>
          <distance>30495</distance>
        </extensions>
      </trkpt>
      <trkpt lat="45.857015" lon="7.810829">
        <ele>1830</ele>
        <extensions>
          <distance>30511</distance>
        </extensions>
      </trkpt>
      <trkpt lat="45.85694" lon="7.81065">
        <ele>1831</ele>
        <extensions>
          <distance>30527</distance>
        </extensions>
      </trkpt>
      <trkpt lat="45.856735" lon="7.81065">
        <ele>1831</ele>
        <extensions>
          <distance>30550</distance>
        </extensions>
      </trkpt>
      <trkpt lat="45.85653" lon="7.81065">
        <ele>1831</ele>
        <extensions>
          <distance>30573</distance>
        </extensions>
      </trkpt>
      <trkpt lat="45.856390000000005" lon="7.810734999999999">
        <ele>1831</ele>
        <extensions>
          <distance>30590</distance>
        </extensions>
      </trkpt>
      <trkpt lat="45.85625" lon="7.81082">
        <ele>1830</ele>
        <extensions>
          <distance>30606</distance>
        </extensions>
      </trkpt>
      <trkpt lat="45.856045" lon="7.81081">
        <ele>1830</ele>
        <extensions>
          <distance>30629</distance>
        </extensions>
      </trkpt>
      <trkpt lat="45.85584" lon="7.8108">
        <ele>1829</ele>
        <extensions>
          <distance>30652</distance>
        </extensions>
      </trkpt>
      <trkpt lat="45.855695" lon="7.81099">
        <ele>1822</ele>
        <extensions>
          <distance>30674</distance>
        </extensions>
      </trkpt>
      <trkpt lat="45.85555" lon="7.81118">
        <ele>1817</ele>
        <extensions>
          <distance>30697</distance>
        </extensions>
      </trkpt>
      <trkpt lat="45.855335" lon="7.81121">
        <ele>1815</ele>
        <extensions>
          <distance>30721</distance>
        </extensions>
      </trkpt>
      <trkpt lat="45.85512" lon="7.81124">
        <ele>1815</ele>
        <extensions>
          <distance>30745</distance>
        </extensions>
      </trkpt>
      <trkpt lat="45.855" lon="7.81116">
        <ele>1815</ele>
        <extensions>
          <distance>30759</distance>
        </extensions>
      </trkpt>
      <trkpt lat="45.85493" lon="7.81126">
        <ele>1815</ele>
        <extensions>
          <distance>30770</distance>
        </extensions>
      </trkpt>
      <trkpt lat="45.85479" lon="7.81117">
        <ele>1817</ele>
        <extensions>
          <distance>30787</distance>
        </extensions>
      </trkpt>
      <trkpt lat="45.85468" lon="7.81135">
        <ele>1817</ele>
        <extensions>
          <distance>30806</distance>
        </extensions>
      </trkpt>
      <trkpt lat="45.8545125" lon="7.8113275">
        <ele>1819</ele>
        <extensions>
          <distance>30825</distance>
        </extensions>
      </trkpt>
      <trkpt lat="45.854345" lon="7.811305">
        <ele>1819</ele>
        <extensions>
          <distance>30843</distance>
        </extensions>
      </trkpt>
      <trkpt lat="45.854177500000006" lon="7.8112825">
        <ele>1817</ele>
        <extensions>
          <distance>30862</distance>
        </extensions>
      </trkpt>
      <trkpt lat="45.85401" lon="7.81126">
        <ele>1820</ele>
        <extensions>
          <distance>30881</distance>
        </extensions>
      </trkpt>
      <trkpt lat="45.85384" lon="7.81144">
        <ele>1820</ele>
        <extensions>
          <distance>30904</distance>
        </extensions>
      </trkpt>
      <trkpt lat="45.8536" lon="7.81158">
        <ele>1820</ele>
        <extensions>
          <distance>30933</distance>
        </extensions>
      </trkpt>
      <trkpt lat="45.8535" lon="7.81154">
        <ele>1818</ele>
        <extensions>
          <distance>30945</distance>
        </extensions>
      </trkpt>
      <trkpt lat="45.85332" lon="7.81168">
        <ele>1817</ele>
        <extensions>
          <distance>30967</distance>
        </extensions>
      </trkpt>
      <trkpt lat="45.85314" lon="7.81182">
        <ele>1817</ele>
        <extensions>
          <distance>30990</distance>
        </extensions>
      </trkpt>
      <trkpt lat="45.85294" lon="7.81178">
        <ele>1817</ele>
        <extensions>
          <distance>31013</distance>
        </extensions>
      </trkpt>
      <trkpt lat="45.8527" lon="7.811835">
        <ele>1816</ele>
        <extensions>
          <distance>31040</distance>
        </extensions>
      </trkpt>
      <trkpt lat="45.85246" lon="7.81189">
        <ele>1816</ele>
        <extensions>
          <distance>31067</distance>
        </extensions>
      </trkpt>
      <trkpt lat="45.852265" lon="7.81199">
        <ele>1816</ele>
        <extensions>
          <distance>31090</distance>
        </extensions>
      </trkpt>
      <trkpt lat="45.85207" lon="7.81209">
        <ele>1815</ele>
        <extensions>
          <distance>31113</distance>
        </extensions>
      </trkpt>
      <trkpt lat="45.851974999999996" lon="7.812255">
        <ele>1812</ele>
        <extensions>
          <distance>31129</distance>
        </extensions>
      </trkpt>
      <trkpt lat="45.85188" lon="7.81242">
        <ele>1811</ele>
        <extensions>
          <distance>31146</distance>
        </extensions>
      </trkpt>
      <trkpt lat="45.8517" lon="7.81252">
        <ele>1810</ele>
        <extensions>
          <distance>31168</distance>
        </extensions>
      </trkpt>
      <trkpt lat="45.85152" lon="7.81262">
        <ele>1808</ele>
        <extensions>
          <distance>31189</distance>
        </extensions>
      </trkpt>
      <trkpt lat="45.851420000000005" lon="7.81279">
        <ele>1805</ele>
        <extensions>
          <distance>31207</distance>
        </extensions>
      </trkpt>
      <trkpt lat="45.85132" lon="7.81296">
        <ele>1799</ele>
        <extensions>
          <distance>31225</distance>
        </extensions>
      </trkpt>
      <trkpt lat="45.85131" lon="7.81318">
        <ele>1792</ele>
        <extensions>
          <distance>31243</distance>
        </extensions>
      </trkpt>
      <trkpt lat="45.8512" lon="7.8133">
        <ele>1788</ele>
        <extensions>
          <distance>31259</distance>
        </extensions>
      </trkpt>
      <trkpt lat="45.8510225" lon="7.81332">
        <ele>1787</ele>
        <extensions>
          <distance>31279</distance>
        </extensions>
      </trkpt>
      <trkpt lat="45.850845" lon="7.81334">
        <ele>1787</ele>
        <extensions>
          <distance>31299</distance>
        </extensions>
      </trkpt>
      <trkpt lat="45.8506675" lon="7.81336">
        <ele>1786</ele>
        <extensions>
          <distance>31319</distance>
        </extensions>
      </trkpt>
      <trkpt lat="45.85049" lon="7.81338">
        <ele>1785</ele>
        <extensions>
          <distance>31338</distance>
        </extensions>
      </trkpt>
      <trkpt lat="45.85042" lon="7.81324">
        <ele>1785</ele>
        <extensions>
          <distance>31352</distance>
        </extensions>
      </trkpt>
      <trkpt lat="45.850269999999995" lon="7.813215">
        <ele>1785</ele>
        <extensions>
          <distance>31369</distance>
        </extensions>
      </trkpt>
      <trkpt lat="45.85012" lon="7.81319">
        <ele>1786</ele>
        <extensions>
          <distance>31385</distance>
        </extensions>
      </trkpt>
      <trkpt lat="45.85001" lon="7.81285">
        <ele>1789</ele>
        <extensions>
          <distance>31415</distance>
        </extensions>
      </trkpt>
      <trkpt lat="45.849824999999996" lon="7.81274">
        <ele>1790</ele>
        <extensions>
          <distance>31437</distance>
        </extensions>
      </trkpt>
      <trkpt lat="45.84964" lon="7.81263">
        <ele>1792</ele>
        <extensions>
          <distance>31459</distance>
        </extensions>
      </trkpt>
      <trkpt lat="45.84949" lon="7.812455">
        <ele>1796</ele>
        <extensions>
          <distance>31481</distance>
        </extensions>
      </trkpt>
      <trkpt lat="45.84934" lon="7.81228">
        <ele>1801</ele>
        <extensions>
          <distance>31503</distance>
        </extensions>
      </trkpt>
      <trkpt lat="45.84921" lon="7.81202">
        <ele>1807</ele>
        <extensions>
          <distance>31529</distance>
        </extensions>
      </trkpt>
      <trkpt lat="45.84897" lon="7.81185">
        <ele>1807</ele>
        <extensions>
          <distance>31559</distance>
        </extensions>
      </trkpt>
      <trkpt lat="45.84873" lon="7.81168">
        <ele>1807</ele>
        <extensions>
          <distance>31588</distance>
        </extensions>
      </trkpt>
      <trkpt lat="45.848560000000006" lon="7.811755">
        <ele>1807</ele>
        <extensions>
          <distance>31608</distance>
        </extensions>
      </trkpt>
      <trkpt lat="45.84839" lon="7.81183">
        <ele>1807</ele>
        <extensions>
          <distance>31628</distance>
        </extensions>
      </trkpt>
      <trkpt lat="45.84831" lon="7.812049999999999">
        <ele>1807</ele>
        <extensions>
          <distance>31647</distance>
        </extensions>
      </trkpt>
      <trkpt lat="45.84823" lon="7.81227">
        <ele>1807</ele>
        <extensions>
          <distance>31666</distance>
        </extensions>
      </trkpt>
      <trkpt lat="45.848150000000004" lon="7.812015">
        <ele>1807</ele>
        <extensions>
          <distance>31688</distance>
        </extensions>
      </trkpt>
      <trkpt lat="45.84807" lon="7.81176">
        <ele>1812</ele>
        <extensions>
          <distance>31710</distance>
        </extensions>
      </trkpt>
      <trkpt lat="45.84789" lon="7.81171">
        <ele>1812</ele>
        <extensions>
          <distance>31730</distance>
        </extensions>
      </trkpt>
      <trkpt lat="45.84771" lon="7.81166">
        <ele>1812</ele>
        <extensions>
          <distance>31751</distance>
        </extensions>
      </trkpt>
      <trkpt lat="45.8477" lon="7.81177">
        <ele>1813</ele>
        <extensions>
          <distance>31759</distance>
        </extensions>
      </trkpt>
      <trkpt lat="45.84762" lon="7.8118">
        <ele>1813</ele>
        <extensions>
          <distance>31768</distance>
        </extensions>
      </trkpt>
      <trkpt lat="45.84748" lon="7.81168">
        <ele>1813</ele>
        <extensions>
          <distance>31787</distance>
        </extensions>
      </trkpt>
      <trkpt lat="45.847395" lon="7.8114550000000005">
        <ele>1813</ele>
        <extensions>
          <distance>31806</distance>
        </extensions>
      </trkpt>
      <trkpt lat="45.84731" lon="7.81123">
        <ele>1817</ele>
        <extensions>
          <distance>31826</distance>
        </extensions>
      </trkpt>
      <trkpt lat="45.84711" lon="7.81107">
        <ele>1818</ele>
        <extensions>
          <distance>31852</distance>
        </extensions>
      </trkpt>
      <trkpt lat="45.84718" lon="7.81086">
        <ele>1829</ele>
        <extensions>
          <distance>31872</distance>
        </extensions>
      </trkpt>
      <trkpt lat="45.84714" lon="7.81075">
        <ele>1829</ele>
        <extensions>
          <distance>31881</distance>
        </extensions>
      </trkpt>
      <trkpt lat="45.84690500000001" lon="7.810615">
        <ele>1829</ele>
        <extensions>
          <distance>31909</distance>
        </extensions>
      </trkpt>
      <trkpt lat="45.84667" lon="7.81048">
        <ele>1829</ele>
        <extensions>
          <distance>31938</distance>
        </extensions>
      </trkpt>
      <trkpt lat="45.84652" lon="7.81062">
        <ele>1821</ele>
        <extensions>
          <distance>31958</distance>
        </extensions>
      </trkpt>
      <trkpt lat="45.84637" lon="7.8106175">
        <ele>1818</ele>
        <extensions>
          <distance>31975</distance>
        </extensions>
      </trkpt>
      <trkpt lat="45.84622" lon="7.810615">
        <ele>1813</ele>
        <extensions>
          <distance>31992</distance>
        </extensions>
      </trkpt>
      <trkpt lat="45.84607" lon="7.8106124999999995">
        <ele>1808</ele>
        <extensions>
          <distance>32010</distance>
        </extensions>
      </trkpt>
      <trkpt lat="45.84592" lon="7.81061">
        <ele>1805</ele>
        <extensions>
          <distance>32026</distance>
        </extensions>
      </trkpt>
      <trkpt lat="45.8457" lon="7.81076">
        <ele>1794</ele>
        <extensions>
          <distance>32056</distance>
        </extensions>
      </trkpt>
      <trkpt lat="45.84545" lon="7.81088">
        <ele>1783</ele>
        <extensions>
          <distance>32087</distance>
        </extensions>
      </trkpt>
      <trkpt lat="45.845254999999995" lon="7.811005">
        <ele>1778</ele>
        <extensions>
          <distance>32111</distance>
        </extensions>
      </trkpt>
      <trkpt lat="45.84506" lon="7.81113">
        <ele>1775</ele>
        <extensions>
          <distance>32135</distance>
        </extensions>
      </trkpt>
      <trkpt lat="45.844925" lon="7.811235">
        <ele>1773</ele>
        <extensions>
          <distance>32152</distance>
        </extensions>
      </trkpt>
      <trkpt lat="45.84479" lon="7.81134">
        <ele>1772</ele>
        <extensions>
          <distance>32170</distance>
        </extensions>
      </trkpt>
      <trkpt lat="45.84465" lon="7.81166">
        <ele>1758</ele>
        <extensions>
          <distance>32202</distance>
        </extensions>
      </trkpt>
      <trkpt lat="45.84448" lon="7.81189">
        <ele>1747</ele>
        <extensions>
          <distance>32230</distance>
        </extensions>
      </trkpt>
      <trkpt lat="45.84432" lon="7.81206">
        <ele>1745</ele>
        <extensions>
          <distance>32252</distance>
        </extensions>
      </trkpt>
      <trkpt lat="45.84416" lon="7.81207">
        <ele>1744</ele>
        <extensions>
          <distance>32270</distance>
        </extensions>
      </trkpt>
      <trkpt lat="45.844" lon="7.81208">
        <ele>1743</ele>
        <extensions>
          <distance>32288</distance>
        </extensions>
      </trkpt>
      <trkpt lat="45.84388" lon="7.81221">
        <ele>1739</ele>
        <extensions>
          <distance>32305</distance>
        </extensions>
      </trkpt>
      <trkpt lat="45.8437" lon="7.81229">
        <ele>1736</ele>
        <extensions>
          <distance>32326</distance>
        </extensions>
      </trkpt>
      <trkpt lat="45.84358" lon="7.81238">
        <ele>1733</ele>
        <extensions>
          <distance>32342</distance>
        </extensions>
      </trkpt>
      <trkpt lat="45.84346" lon="7.81247">
        <ele>1731</ele>
        <extensions>
          <distance>32357</distance>
        </extensions>
      </trkpt>
      <trkpt lat="45.84334" lon="7.8125824999999995">
        <ele>1728</ele>
        <extensions>
          <distance>32373</distance>
        </extensions>
      </trkpt>
      <trkpt lat="45.84322" lon="7.812695">
        <ele>1726</ele>
        <extensions>
          <distance>32389</distance>
        </extensions>
      </trkpt>
      <trkpt lat="45.8431" lon="7.8128075">
        <ele>1723</ele>
        <extensions>
          <distance>32405</distance>
        </extensions>
      </trkpt>
      <trkpt lat="45.84298" lon="7.81292">
        <ele>1720</ele>
        <extensions>
          <distance>32422</distance>
        </extensions>
      </trkpt>
      <trkpt lat="45.842765" lon="7.8129100000000005">
        <ele>1719</ele>
        <extensions>
          <distance>32446</distance>
        </extensions>
      </trkpt>
      <trkpt lat="45.84255" lon="7.8129">
        <ele>1719</ele>
        <extensions>
          <distance>32469</distance>
        </extensions>
      </trkpt>
      <trkpt lat="45.842405" lon="7.81301">
        <ele>1717</ele>
        <extensions>
          <distance>32488</distance>
        </extensions>
      </trkpt>
      <trkpt lat="45.84226" lon="7.81312">
        <ele>1714</ele>
        <extensions>
          <distance>32506</distance>
        </extensions>
      </trkpt>
      <trkpt lat="45.842085" lon="7.813025">
        <ele>1714</ele>
        <extensions>
          <distance>32527</distance>
        </extensions>
      </trkpt>
      <trkpt lat="45.84191" lon="7.81293">
        <ele>1714</ele>
        <extensions>
          <distance>32548</distance>
        </extensions>
      </trkpt>
      <trkpt lat="45.841685" lon="7.81297">
        <ele>1711</ele>
        <extensions>
          <distance>32573</distance>
        </extensions>
      </trkpt>
      <trkpt lat="45.84146" lon="7.81301">
        <ele>1710</ele>
        <extensions>
          <distance>32598</distance>
        </extensions>
      </trkpt>
      <trkpt lat="45.841210000000004" lon="7.813105">
        <ele>1710</ele>
        <extensions>
          <distance>32627</distance>
        </extensions>
      </trkpt>
      <trkpt lat="45.84096" lon="7.8132">
        <ele>1710</ele>
        <extensions>
          <distance>32656</distance>
        </extensions>
      </trkpt>
      <trkpt lat="45.840755" lon="7.813395">
        <ele>1709</ele>
        <extensions>
          <distance>32683</distance>
        </extensions>
      </trkpt>
      <trkpt lat="45.84055" lon="7.81359">
        <ele>1709</ele>
        <extensions>
          <distance>32711</distance>
        </extensions>
      </trkpt>
      <trkpt lat="45.8403325" lon="7.8135175">
        <ele>1708</ele>
        <extensions>
          <distance>32735</distance>
        </extensions>
      </trkpt>
      <trkpt lat="45.840115" lon="7.813445">
        <ele>1707</ele>
        <extensions>
          <distance>32760</distance>
        </extensions>
      </trkpt>
      <trkpt lat="45.8398975" lon="7.8133725">
        <ele>1707</ele>
        <extensions>
          <distance>32785</distance>
        </extensions>
      </trkpt>
      <trkpt lat="45.83968" lon="7.8133">
        <ele>1705</ele>
        <extensions>
          <distance>32810</distance>
        </extensions>
      </trkpt>
      <trkpt lat="45.839465000000004" lon="7.813375">
        <ele>1705</ele>
        <extensions>
          <distance>32835</distance>
        </extensions>
      </trkpt>
      <trkpt lat="45.83925" lon="7.81345">
        <ele>1705</ele>
        <extensions>
          <distance>32859</distance>
        </extensions>
      </trkpt>
      <trkpt lat="45.839034999999996" lon="7.813525">
        <ele>1704</ele>
        <extensions>
          <distance>32884</distance>
        </extensions>
      </trkpt>
      <trkpt lat="45.83882" lon="7.8136">
        <ele>1703</ele>
        <extensions>
          <distance>32908</distance>
        </extensions>
      </trkpt>
      <trkpt lat="45.8386425" lon="7.813775">
        <ele>1703</ele>
        <extensions>
          <distance>32932</distance>
        </extensions>
      </trkpt>
      <trkpt lat="45.838465" lon="7.81395">
        <ele>1703</ele>
        <extensions>
          <distance>32956</distance>
        </extensions>
      </trkpt>
      <trkpt lat="45.8382875" lon="7.814125000000001">
        <ele>1697</ele>
        <extensions>
          <distance>32980</distance>
        </extensions>
      </trkpt>
      <trkpt lat="45.83811" lon="7.8143">
        <ele>1688</ele>
        <extensions>
          <distance>33006</distance>
        </extensions>
      </trkpt>
      <trkpt lat="45.837955" lon="7.8144175">
        <ele>1686</ele>
        <extensions>
          <distance>33025</distance>
        </extensions>
      </trkpt>
      <trkpt lat="45.8378" lon="7.814535">
        <ele>1686</ele>
        <extensions>
          <distance>33045</distance>
        </extensions>
      </trkpt>
      <trkpt lat="45.837645" lon="7.8146525">
        <ele>1685</ele>
        <extensions>
          <distance>33065</distance>
        </extensions>
      </trkpt>
      <trkpt lat="45.83749" lon="7.81477">
        <ele>1685</ele>
        <extensions>
          <distance>33084</distance>
        </extensions>
      </trkpt>
      <trkpt lat="45.837395" lon="7.81493">
        <ele>1685</ele>
        <extensions>
          <distance>33100</distance>
        </extensions>
      </trkpt>
      <trkpt lat="45.8373" lon="7.81509">
        <ele>1685</ele>
        <extensions>
          <distance>33117</distance>
        </extensions>
      </trkpt>
      <trkpt lat="45.837205" lon="7.81525">
        <ele>1682</ele>
        <extensions>
          <distance>33133</distance>
        </extensions>
      </trkpt>
      <trkpt lat="45.83711" lon="7.81541">
        <ele>1680</ele>
        <extensions>
          <distance>33149</distance>
        </extensions>
      </trkpt>
      <trkpt lat="45.83689" lon="7.815625">
        <ele>1675</ele>
        <extensions>
          <distance>33180</distance>
        </extensions>
      </trkpt>
      <trkpt lat="45.83667" lon="7.81584">
        <ele>1670</ele>
        <extensions>
          <distance>33210</distance>
        </extensions>
      </trkpt>
      <trkpt lat="45.83659" lon="7.8160099999999995">
        <ele>1669</ele>
        <extensions>
          <distance>33225</distance>
        </extensions>
      </trkpt>
      <trkpt lat="45.836510000000004" lon="7.816179999999999">
        <ele>1668</ele>
        <extensions>
          <distance>33241</distance>
        </extensions>
      </trkpt>
      <trkpt lat="45.83643000000001" lon="7.81635">
        <ele>1667</ele>
        <extensions>
          <distance>33257</distance>
        </extensions>
      </trkpt>
      <trkpt lat="45.83635" lon="7.81652">
        <ele>1667</ele>
        <extensions>
          <distance>33273</distance>
        </extensions>
      </trkpt>
      <trkpt lat="45.836175" lon="7.816739999999999">
        <ele>1666</ele>
        <extensions>
          <distance>33299</distance>
        </extensions>
      </trkpt>
      <trkpt lat="45.836" lon="7.81696">
        <ele>1666</ele>
        <extensions>
          <distance>33325</distance>
        </extensions>
      </trkpt>
      <trkpt lat="45.8358625" lon="7.81703">
        <ele>1665</ele>
        <extensions>
          <distance>33341</distance>
        </extensions>
      </trkpt>
      <trkpt lat="45.835725" lon="7.8171">
        <ele>1665</ele>
        <extensions>
          <distance>33358</distance>
        </extensions>
      </trkpt>
      <trkpt lat="45.835587499999995" lon="7.81717">
        <ele>1664</ele>
        <extensions>
          <distance>33374</distance>
        </extensions>
      </trkpt>
      <trkpt lat="45.835449999999994" lon="7.81724">
        <ele>1663</ele>
        <extensions>
          <distance>33390</distance>
        </extensions>
      </trkpt>
      <trkpt lat="45.83531249999999" lon="7.81731">
        <ele>1661</ele>
        <extensions>
          <distance>33406</distance>
        </extensions>
      </trkpt>
      <trkpt lat="45.83517499999999" lon="7.81738">
        <ele>1660</ele>
        <extensions>
          <distance>33423</distance>
        </extensions>
      </trkpt>
      <trkpt lat="45.8350375" lon="7.81745">
        <ele>1660</ele>
        <extensions>
          <distance>33439</distance>
        </extensions>
      </trkpt>
      <trkpt lat="45.8349" lon="7.81752">
        <ele>1660</ele>
        <extensions>
          <distance>33455</distance>
        </extensions>
      </trkpt>
      <trkpt lat="45.83464" lon="7.81759">
        <ele>1660</ele>
        <extensions>
          <distance>33484</distance>
        </extensions>
      </trkpt>
      <trkpt lat="45.834405000000004" lon="7.81753">
        <ele>1660</ele>
        <extensions>
          <distance>33511</distance>
        </extensions>
      </trkpt>
      <trkpt lat="45.83417" lon="7.81747">
        <ele>1660</ele>
        <extensions>
          <distance>33538</distance>
        </extensions>
      </trkpt>
      <trkpt lat="45.83401" lon="7.81749">
        <ele>1660</ele>
        <extensions>
          <distance>33555</distance>
        </extensions>
      </trkpt>
      <trkpt lat="45.83382" lon="7.817615">
        <ele>1660</ele>
        <extensions>
          <distance>33579</distance>
        </extensions>
      </trkpt>
      <trkpt lat="45.83363" lon="7.81774">
        <ele>1659</ele>
        <extensions>
          <distance>33602</distance>
        </extensions>
      </trkpt>
      <trkpt lat="45.83352" lon="7.8179099999999995">
        <ele>1659</ele>
        <extensions>
          <distance>33620</distance>
        </extensions>
      </trkpt>
      <trkpt lat="45.83341" lon="7.81808">
        <ele>1659</ele>
        <extensions>
          <distance>33638</distance>
        </extensions>
      </trkpt>
      <trkpt lat="45.833335" lon="7.818385">
        <ele>1655</ele>
        <extensions>
          <distance>33663</distance>
        </extensions>
      </trkpt>
      <trkpt lat="45.833259999999996" lon="7.81869">
        <ele>1652</ele>
        <extensions>
          <distance>33688</distance>
        </extensions>
      </trkpt>
      <trkpt lat="45.833185" lon="7.818995">
        <ele>1649</ele>
        <extensions>
          <distance>33714</distance>
        </extensions>
      </trkpt>
      <trkpt lat="45.83311" lon="7.8193">
        <ele>1648</ele>
        <extensions>
          <distance>33739</distance>
        </extensions>
      </trkpt>
      <trkpt lat="45.833018749999994" lon="7.81952125">
        <ele>1648</ele>
        <extensions>
          <distance>33759</distance>
        </extensions>
      </trkpt>
      <trkpt lat="45.8329275" lon="7.8197425">
        <ele>1648</ele>
        <extensions>
          <distance>33779</distance>
        </extensions>
      </trkpt>
      <trkpt lat="45.83283625" lon="7.81996375">
        <ele>1648</ele>
        <extensions>
          <distance>33799</distance>
        </extensions>
      </trkpt>
      <trkpt lat="45.832745" lon="7.820185">
        <ele>1647</ele>
        <extensions>
          <distance>33819</distance>
        </extensions>
      </trkpt>
      <trkpt lat="45.832653750000006" lon="7.8204062500000004">
        <ele>1647</ele>
        <extensions>
          <distance>33839</distance>
        </extensions>
      </trkpt>
      <trkpt lat="45.8325625" lon="7.8206275000000005">
        <ele>1646</ele>
        <extensions>
          <distance>33859</distance>
        </extensions>
      </trkpt>
      <trkpt lat="45.83247125" lon="7.82084875">
        <ele>1644</ele>
        <extensions>
          <distance>33879</distance>
        </extensions>
      </trkpt>
      <trkpt lat="45.83238" lon="7.82107">
        <ele>1642</ele>
        <extensions>
          <distance>33899</distance>
        </extensions>
      </trkpt>
      <trkpt lat="45.832237500000005" lon="7.8212150000000005">
        <ele>1641</ele>
        <extensions>
          <distance>33918</distance>
        </extensions>
      </trkpt>
      <trkpt lat="45.832095" lon="7.82136">
        <ele>1638</ele>
        <extensions>
          <distance>33938</distance>
        </extensions>
      </trkpt>
      <trkpt lat="45.8319525" lon="7.821505">
        <ele>1637</ele>
        <extensions>
          <distance>33957</distance>
        </extensions>
      </trkpt>
      <trkpt lat="45.831810000000004" lon="7.82165">
        <ele>1637</ele>
        <extensions>
          <distance>33977</distance>
        </extensions>
      </trkpt>
      <trkpt lat="45.8316675" lon="7.821795">
        <ele>1637</ele>
        <extensions>
          <distance>33996</distance>
        </extensions>
      </trkpt>
      <trkpt lat="45.831525" lon="7.82194">
        <ele>1637</ele>
        <extensions>
          <distance>34016</distance>
        </extensions>
      </trkpt>
      <trkpt lat="45.831382500000004" lon="7.8220849999999995">
        <ele>1637</ele>
        <extensions>
          <distance>34035</distance>
        </extensions>
      </trkpt>
      <trkpt lat="45.83124" lon="7.82223">
        <ele>1637</ele>
        <extensions>
          <distance>34054</distance>
        </extensions>
      </trkpt>
      <trkpt lat="45.831095000000005" lon="7.82237">
        <ele>1637</ele>
        <extensions>
          <distance>34074</distance>
        </extensions>
      </trkpt>
      <trkpt lat="45.83095" lon="7.82251">
        <ele>1637</ele>
        <extensions>
          <distance>34093</distance>
        </extensions>
      </trkpt>
      <trkpt lat="45.83078" lon="7.82264">
        <ele>1637</ele>
        <extensions>
          <distance>34115</distance>
        </extensions>
      </trkpt>
      <trkpt lat="45.8306125" lon="7.8226949999999995">
        <ele>1637</ele>
        <extensions>
          <distance>34134</distance>
        </extensions>
      </trkpt>
      <trkpt lat="45.830445" lon="7.82275">
        <ele>1636</ele>
        <extensions>
          <distance>34153</distance>
        </extensions>
      </trkpt>
      <trkpt lat="45.830277499999994" lon="7.822805000000001">
        <ele>1635</ele>
        <extensions>
          <distance>34172</distance>
        </extensions>
      </trkpt>
      <trkpt lat="45.83011" lon="7.82286">
        <ele>1634</ele>
        <extensions>
          <distance>34191</distance>
        </extensions>
      </trkpt>
      <trkpt lat="45.829975" lon="7.82277">
        <ele>1634</ele>
        <extensions>
          <distance>34208</distance>
        </extensions>
      </trkpt>
      <trkpt lat="45.82984" lon="7.82268">
        <ele>1634</ele>
        <extensions>
          <distance>34224</distance>
        </extensions>
      </trkpt>
      <trkpt lat="45.829695" lon="7.82266125">
        <ele>1634</ele>
        <extensions>
          <distance>34240</distance>
        </extensions>
      </trkpt>
      <trkpt lat="45.82955" lon="7.822642500000001">
        <ele>1633</ele>
        <extensions>
          <distance>34257</distance>
        </extensions>
      </trkpt>
      <trkpt lat="45.829404999999994" lon="7.82262375">
        <ele>1633</ele>
        <extensions>
          <distance>34273</distance>
        </extensions>
      </trkpt>
      <trkpt lat="45.82926" lon="7.822605">
        <ele>1633</ele>
        <extensions>
          <distance>34289</distance>
        </extensions>
      </trkpt>
      <trkpt lat="45.829115" lon="7.8225862500000005">
        <ele>1633</ele>
        <extensions>
          <distance>34305</distance>
        </extensions>
      </trkpt>
      <trkpt lat="45.82897" lon="7.8225675">
        <ele>1633</ele>
        <extensions>
          <distance>34321</distance>
        </extensions>
      </trkpt>
      <trkpt lat="45.828824999999995" lon="7.82254875">
        <ele>1633</ele>
        <extensions>
          <distance>34338</distance>
        </extensions>
      </trkpt>
      <trkpt lat="45.82868" lon="7.82253">
        <ele>1633</ele>
        <extensions>
          <distance>34354</distance>
        </extensions>
      </trkpt>
      <trkpt lat="45.8284625" lon="7.822542500000001">
        <ele>1632</ele>
        <extensions>
          <distance>34378</distance>
        </extensions>
      </trkpt>
      <trkpt lat="45.828244999999995" lon="7.822555">
        <ele>1631</ele>
        <extensions>
          <distance>34402</distance>
        </extensions>
      </trkpt>
      <trkpt lat="45.8280275" lon="7.8225675">
        <ele>1631</ele>
        <extensions>
          <distance>34426</distance>
        </extensions>
      </trkpt>
      <trkpt lat="45.82781" lon="7.82258">
        <ele>1631</ele>
        <extensions>
          <distance>34450</distance>
        </extensions>
      </trkpt>
      <trkpt lat="45.82758" lon="7.82265">
        <ele>1629</ele>
        <extensions>
          <distance>34477</distance>
        </extensions>
      </trkpt>
      <trkpt lat="45.82735" lon="7.82272">
        <ele>1628</ele>
        <extensions>
          <distance>34503</distance>
        </extensions>
      </trkpt>
      <trkpt lat="45.82721" lon="7.82281">
        <ele>1628</ele>
        <extensions>
          <distance>34520</distance>
        </extensions>
      </trkpt>
      <trkpt lat="45.82695" lon="7.82282">
        <ele>1628</ele>
        <extensions>
          <distance>34549</distance>
        </extensions>
      </trkpt>
      <trkpt lat="45.82687" lon="7.82268">
        <ele>1628</ele>
        <extensions>
          <distance>34563</distance>
        </extensions>
      </trkpt>
      <trkpt lat="45.82668" lon="7.82284">
        <ele>1627</ele>
        <extensions>
          <distance>34587</distance>
        </extensions>
      </trkpt>
      <trkpt lat="45.826507500000005" lon="7.8229025">
        <ele>1626</ele>
        <extensions>
          <distance>34607</distance>
        </extensions>
      </trkpt>
      <trkpt lat="45.826334" lon="7.82296">
        <ele>1625</ele>
        <extensions>
          <distance>34627</distance>
        </extensions>
      </trkpt>
      <trkpt lat="45.825993" lon="7.823092">
        <ele>1622</ele>
        <extensions>
          <distance>34666</distance>
        </extensions>
      </trkpt>
      <trkpt lat="45.825787" lon="7.823194">
        <ele>1622</ele>
        <extensions>
          <distance>34691</distance>
        </extensions>
      </trkpt>
      <trkpt lat="45.82558" lon="7.82328">
        <ele>1622</ele>
        <extensions>
          <distance>34715</distance>
        </extensions>
      </trkpt>
      <trkpt lat="45.82557" lon="7.82318">
        <ele>1622</ele>
        <extensions>
          <distance>34722</distance>
        </extensions>
      </trkpt>
      <trkpt lat="45.82539" lon="7.82309">
        <ele>1622</ele>
        <extensions>
          <distance>34744</distance>
        </extensions>
      </trkpt>
      <trkpt lat="45.82525" lon="7.82317">
        <ele>1622</ele>
        <extensions>
          <distance>34760</distance>
        </extensions>
      </trkpt>
      <trkpt lat="45.825125" lon="7.823085000000001">
        <ele>1624</ele>
        <extensions>
          <distance>34776</distance>
        </extensions>
      </trkpt>
      <trkpt lat="45.825" lon="7.823">
        <ele>1624</ele>
        <extensions>
          <distance>34791</distance>
        </extensions>
      </trkpt>
      <trkpt lat="45.824825000000004" lon="7.822995000000001">
        <ele>1624</ele>
        <extensions>
          <distance>34811</distance>
        </extensions>
      </trkpt>
      <trkpt lat="45.82465" lon="7.82299">
        <ele>1626</ele>
        <extensions>
          <distance>34830</distance>
        </extensions>
      </trkpt>
      <trkpt lat="45.824415" lon="7.82308">
        <ele>1626</ele>
        <extensions>
          <distance>34857</distance>
        </extensions>
      </trkpt>
      <trkpt lat="45.82418" lon="7.82317">
        <ele>1626</ele>
        <extensions>
          <distance>34884</distance>
        </extensions>
      </trkpt>
      <trkpt lat="45.824045" lon="7.823065">
        <ele>1626</ele>
        <extensions>
          <distance>34901</distance>
        </extensions>
      </trkpt>
      <trkpt lat="45.82391" lon="7.82296">
        <ele>1629</ele>
        <extensions>
          <distance>34918</distance>
        </extensions>
      </trkpt>
      <trkpt lat="45.823795000000004" lon="7.822765">
        <ele>1636</ele>
        <extensions>
          <distance>34939</distance>
        </extensions>
      </trkpt>
      <trkpt lat="45.82368" lon="7.82257">
        <ele>1642</ele>
        <extensions>
          <distance>34960</distance>
        </extensions>
      </trkpt>
      <trkpt lat="45.823455" lon="7.82258">
        <ele>1644</ele>
        <extensions>
          <distance>34985</distance>
        </extensions>
      </trkpt>
      <trkpt lat="45.82323" lon="7.82259">
        <ele>1646</ele>
        <extensions>
          <distance>35010</distance>
        </extensions>
      </trkpt>
      <trkpt lat="45.823080000000004" lon="7.822635">
        <ele>1646</ele>
        <extensions>
          <distance>35027</distance>
        </extensions>
      </trkpt>
      <trkpt lat="45.82293" lon="7.82268">
        <ele>1647</ele>
        <extensions>
          <distance>35044</distance>
        </extensions>
      </trkpt>
      <trkpt lat="45.822784999999996" lon="7.822685">
        <ele>1650</ele>
        <extensions>
          <distance>35061</distance>
        </extensions>
      </trkpt>
      <trkpt lat="45.82264" lon="7.82269">
        <ele>1653</ele>
        <extensions>
          <distance>35077</distance>
        </extensions>
      </trkpt>
      <trkpt lat="45.822495" lon="7.8226949999999995">
        <ele>1655</ele>
        <extensions>
          <distance>35093</distance>
        </extensions>
      </trkpt>
      <trkpt lat="45.82235" lon="7.8227">
        <ele>1657</ele>
        <extensions>
          <distance>35110</distance>
        </extensions>
      </trkpt>
      <trkpt lat="45.82217" lon="7.8226">
        <ele>1665</ele>
        <extensions>
          <distance>35132</distance>
        </extensions>
      </trkpt>
      <trkpt lat="45.82199" lon="7.8224350000000005">
        <ele>1676</ele>
        <extensions>
          <distance>35159</distance>
        </extensions>
      </trkpt>
      <trkpt lat="45.82181" lon="7.82227">
        <ele>1686</ele>
        <extensions>
          <distance>35184</distance>
        </extensions>
      </trkpt>
      <trkpt lat="45.82163" lon="7.8222274999999994">
        <ele>1689</ele>
        <extensions>
          <distance>35205</distance>
        </extensions>
      </trkpt>
      <trkpt lat="45.82145" lon="7.822184999999999">
        <ele>1691</ele>
        <extensions>
          <distance>35225</distance>
        </extensions>
      </trkpt>
      <trkpt lat="45.82127" lon="7.8221425">
        <ele>1696</ele>
        <extensions>
          <distance>35246</distance>
        </extensions>
      </trkpt>
      <trkpt lat="45.82109" lon="7.8221">
        <ele>1703</ele>
        <extensions>
          <distance>35267</distance>
        </extensions>
      </trkpt>
      <trkpt lat="45.820922499999995" lon="7.8220725">
        <ele>1710</ele>
        <extensions>
          <distance>35287</distance>
        </extensions>
      </trkpt>
      <trkpt lat="45.820755" lon="7.822045">
        <ele>1716</ele>
        <extensions>
          <distance>35307</distance>
        </extensions>
      </trkpt>
      <trkpt lat="45.8205875" lon="7.8220175">
        <ele>1720</ele>
        <extensions>
          <distance>35326</distance>
        </extensions>
      </trkpt>
      <trkpt lat="45.82042" lon="7.82199">
        <ele>1723</ele>
        <extensions>
          <distance>35345</distance>
        </extensions>
      </trkpt>
      <trkpt lat="45.82018" lon="7.82193">
        <ele>1726</ele>
        <extensions>
          <distance>35373</distance>
        </extensions>
      </trkpt>
      <trkpt lat="45.82003" lon="7.82179">
        <ele>1730</ele>
        <extensions>
          <distance>35393</distance>
        </extensions>
      </trkpt>
      <trkpt lat="45.81989" lon="7.82157">
        <ele>1739</ele>
        <extensions>
          <distance>35418</distance>
        </extensions>
      </trkpt>
      <trkpt lat="45.819720000000004" lon="7.8215475">
        <ele>1743</ele>
        <extensions>
          <distance>35437</distance>
        </extensions>
      </trkpt>
      <trkpt lat="45.81955" lon="7.821525">
        <ele>1748</ele>
        <extensions>
          <distance>35457</distance>
        </extensions>
      </trkpt>
      <trkpt lat="45.819379999999995" lon="7.8215025">
        <ele>1751</ele>
        <extensions>
          <distance>35476</distance>
        </extensions>
      </trkpt>
      <trkpt lat="45.81921" lon="7.82148">
        <ele>1753</ele>
        <extensions>
          <distance>35495</distance>
        </extensions>
      </trkpt>
      <trkpt lat="45.81903" lon="7.8216">
        <ele>1754</ele>
        <extensions>
          <distance>35517</distance>
        </extensions>
      </trkpt>
      <trkpt lat="45.818815" lon="7.82162">
        <ele>1756</ele>
        <extensions>
          <distance>35541</distance>
        </extensions>
      </trkpt>
      <trkpt lat="45.8186" lon="7.82164">
        <ele>1758</ele>
        <extensions>
          <distance>35565</distance>
        </extensions>
      </trkpt>
      <trkpt lat="45.81847" lon="7.82158">
        <ele>1763</ele>
        <extensions>
          <distance>35581</distance>
        </extensions>
      </trkpt>
      <trkpt lat="45.818344999999994" lon="7.821345">
        <ele>1774</ele>
        <extensions>
          <distance>35607</distance>
        </extensions>
      </trkpt>
      <trkpt lat="45.81822" lon="7.82111">
        <ele>1782</ele>
        <extensions>
          <distance>35631</distance>
        </extensions>
      </trkpt>
      <trkpt lat="45.818065" lon="7.8209275">
        <ele>1787</ele>
        <extensions>
          <distance>35654</distance>
        </extensions>
      </trkpt>
      <trkpt lat="45.81791" lon="7.8207450000000005">
        <ele>1791</ele>
        <extensions>
          <distance>35676</distance>
        </extensions>
      </trkpt>
      <trkpt lat="45.817755" lon="7.8205625">
        <ele>1792</ele>
        <extensions>
          <distance>35699</distance>
        </extensions>
      </trkpt>
      <trkpt lat="45.8176" lon="7.82038">
        <ele>1793</ele>
        <extensions>
          <distance>35721</distance>
        </extensions>
      </trkpt>
      <trkpt lat="45.81741" lon="7.82011">
        <ele>1793</ele>
        <extensions>
          <distance>35751</distance>
        </extensions>
      </trkpt>
      <trkpt lat="45.817385" lon="7.819915">
        <ele>1795</ele>
        <extensions>
          <distance>35766</distance>
        </extensions>
      </trkpt>
      <trkpt lat="45.81736" lon="7.81972">
        <ele>1800</ele>
        <extensions>
          <distance>35782</distance>
        </extensions>
      </trkpt>
      <trkpt lat="45.817215000000004" lon="7.819605">
        <ele>1800</ele>
        <extensions>
          <distance>35801</distance>
        </extensions>
      </trkpt>
      <trkpt lat="45.81707" lon="7.81949">
        <ele>1805</ele>
        <extensions>
          <distance>35820</distance>
        </extensions>
      </trkpt>
      <trkpt lat="45.8168925" lon="7.8194725">
        <ele>1808</ele>
        <extensions>
          <distance>35840</distance>
        </extensions>
      </trkpt>
      <trkpt lat="45.816715" lon="7.819455">
        <ele>1814</ele>
        <extensions>
          <distance>35860</distance>
        </extensions>
      </trkpt>
      <trkpt lat="45.8165375" lon="7.819437499999999">
        <ele>1818</ele>
        <extensions>
          <distance>35881</distance>
        </extensions>
      </trkpt>
      <trkpt lat="45.81636" lon="7.81942">
        <ele>1822</ele>
        <extensions>
          <distance>35901</distance>
        </extensions>
      </trkpt>
      <trkpt lat="45.8162" lon="7.81937">
        <ele>1824</ele>
        <extensions>
          <distance>35919</distance>
        </extensions>
      </trkpt>
      <trkpt lat="45.81611" lon="7.8192075">
        <ele>1832</ele>
        <extensions>
          <distance>35936</distance>
        </extensions>
      </trkpt>
      <trkpt lat="45.81602" lon="7.819045">
        <ele>1838</ele>
        <extensions>
          <distance>35954</distance>
        </extensions>
      </trkpt>
      <trkpt lat="45.81593" lon="7.8188825">
        <ele>1838</ele>
        <extensions>
          <distance>35970</distance>
        </extensions>
      </trkpt>
      <trkpt lat="45.81584" lon="7.81872">
        <ele>1838</ele>
        <extensions>
          <distance>35986</distance>
        </extensions>
      </trkpt>
      <trkpt lat="45.8157" lon="7.81873">
        <ele>1838</ele>
        <extensions>
          <distance>36001</distance>
        </extensions>
      </trkpt>
      <trkpt lat="45.81556" lon="7.81894">
        <ele>1836</ele>
        <extensions>
          <distance>36024</distance>
        </extensions>
      </trkpt>
      <trkpt lat="45.815425" lon="7.81892">
        <ele>1834</ele>
        <extensions>
          <distance>36039</distance>
        </extensions>
      </trkpt>
      <trkpt lat="45.81529" lon="7.8189">
        <ele>1833</ele>
        <extensions>
          <distance>36054</distance>
        </extensions>
      </trkpt>
      <trkpt lat="45.81523" lon="7.81902">
        <ele>1832</ele>
        <extensions>
          <distance>36066</distance>
        </extensions>
      </trkpt>
      <trkpt lat="45.815129999999996" lon="7.81916">
        <ele>1829</ele>
        <extensions>
          <distance>36082</distance>
        </extensions>
      </trkpt>
      <trkpt lat="45.81503" lon="7.8193">
        <ele>1829</ele>
        <extensions>
          <distance>36097</distance>
        </extensions>
      </trkpt>
      <trkpt lat="45.8148875" lon="7.8193175">
        <ele>1829</ele>
        <extensions>
          <distance>36113</distance>
        </extensions>
      </trkpt>
      <trkpt lat="45.814745" lon="7.819335000000001">
        <ele>1829</ele>
        <extensions>
          <distance>36129</distance>
        </extensions>
      </trkpt>
      <trkpt lat="45.8146025" lon="7.819352500000001">
        <ele>1830</ele>
        <extensions>
          <distance>36145</distance>
        </extensions>
      </trkpt>
      <trkpt lat="45.81446" lon="7.81937">
        <ele>1831</ele>
        <extensions>
          <distance>36161</distance>
        </extensions>
      </trkpt>
      <trkpt lat="45.81422" lon="7.8195">
        <ele>1831</ele>
        <extensions>
          <distance>36189</distance>
        </extensions>
      </trkpt>
      <trkpt lat="45.8140625" lon="7.8194675">
        <ele>1831</ele>
        <extensions>
          <distance>36207</distance>
        </extensions>
      </trkpt>
      <trkpt lat="45.813905" lon="7.819435">
        <ele>1831</ele>
        <extensions>
          <distance>36225</distance>
        </extensions>
      </trkpt>
      <trkpt lat="45.8137475" lon="7.819402500000001">
        <ele>1831</ele>
        <extensions>
          <distance>36242</distance>
        </extensions>
      </trkpt>
      <trkpt lat="45.81359" lon="7.81937">
        <ele>1831</ele>
        <extensions>
          <distance>36260</distance>
        </extensions>
      </trkpt>
      <trkpt lat="45.813419999999994" lon="7.8194">
        <ele>1828</ele>
        <extensions>
          <distance>36279</distance>
        </extensions>
      </trkpt>
      <trkpt lat="45.81325" lon="7.81943">
        <ele>1826</ele>
        <extensions>
          <distance>36298</distance>
        </extensions>
      </trkpt>
      <trkpt lat="45.81301" lon="7.819395">
        <ele>1822</ele>
        <extensions>
          <distance>36325</distance>
        </extensions>
      </trkpt>
      <trkpt lat="45.81277" lon="7.81936">
        <ele>1813</ele>
        <extensions>
          <distance>36353</distance>
        </extensions>
      </trkpt>
      <trkpt lat="45.81255" lon="7.81921">
        <ele>1812</ele>
        <extensions>
          <distance>36381</distance>
        </extensions>
      </trkpt>
      <trkpt lat="45.81242" lon="7.81901">
        <ele>1809</ele>
        <extensions>
          <distance>36402</distance>
        </extensions>
      </trkpt>
      <trkpt lat="45.81218" lon="7.81908">
        <ele>1808</ele>
        <extensions>
          <distance>36429</distance>
        </extensions>
      </trkpt>
      <trkpt lat="45.81196" lon="7.81886">
        <ele>1805</ele>
        <extensions>
          <distance>36459</distance>
        </extensions>
      </trkpt>
      <trkpt lat="45.81188" lon="7.81895">
        <ele>1803</ele>
        <extensions>
          <distance>36470</distance>
        </extensions>
      </trkpt>
      <trkpt lat="45.8117425" lon="7.8188825">
        <ele>1801</ele>
        <extensions>
          <distance>36487</distance>
        </extensions>
      </trkpt>
      <trkpt lat="45.811605" lon="7.818815">
        <ele>1798</ele>
        <extensions>
          <distance>36503</distance>
        </extensions>
      </trkpt>
      <trkpt lat="45.8114675" lon="7.8187475">
        <ele>1798</ele>
        <extensions>
          <distance>36520</distance>
        </extensions>
      </trkpt>
      <trkpt lat="45.81133" lon="7.81868">
        <ele>1798</ele>
        <extensions>
          <distance>36536</distance>
        </extensions>
      </trkpt>
      <trkpt lat="45.81124" lon="7.818524999999999">
        <ele>1798</ele>
        <extensions>
          <distance>36551</distance>
        </extensions>
      </trkpt>
      <trkpt lat="45.81115" lon="7.81837">
        <ele>1798</ele>
        <extensions>
          <distance>36567</distance>
        </extensions>
      </trkpt>
      <trkpt lat="45.81106" lon="7.818215">
        <ele>1798</ele>
        <extensions>
          <distance>36583</distance>
        </extensions>
      </trkpt>
      <trkpt lat="45.81097" lon="7.81806">
        <ele>1800</ele>
        <extensions>
          <distance>36598</distance>
        </extensions>
      </trkpt>
      <trkpt lat="45.81073" lon="7.817915">
        <ele>1800</ele>
        <extensions>
          <distance>36627</distance>
        </extensions>
      </trkpt>
      <trkpt lat="45.81049" lon="7.81777">
        <ele>1802</ele>
        <extensions>
          <distance>36656</distance>
        </extensions>
      </trkpt>
      <trkpt lat="45.81041" lon="7.81741">
        <ele>1804</ele>
        <extensions>
          <distance>36686</distance>
        </extensions>
      </trkpt>
      <trkpt lat="45.81026" lon="7.81726">
        <ele>1804</ele>
        <extensions>
          <distance>36706</distance>
        </extensions>
      </trkpt>
      <trkpt lat="45.81024" lon="7.81713">
        <ele>1804</ele>
        <extensions>
          <distance>36716</distance>
        </extensions>
      </trkpt>
      <trkpt lat="45.810024999999996" lon="7.8169474999999995">
        <ele>1805</ele>
        <extensions>
          <distance>36744</distance>
        </extensions>
      </trkpt>
      <trkpt lat="45.80981" lon="7.816765">
        <ele>1807</ele>
        <extensions>
          <distance>36772</distance>
        </extensions>
      </trkpt>
      <trkpt lat="45.809595" lon="7.8165825">
        <ele>1809</ele>
        <extensions>
          <distance>36800</distance>
        </extensions>
      </trkpt>
      <trkpt lat="45.80938" lon="7.8164">
        <ele>1809</ele>
        <extensions>
          <distance>36828</distance>
        </extensions>
      </trkpt>
      <trkpt lat="45.80942" lon="7.81607">
        <ele>1827</ele>
        <extensions>
          <distance>36857</distance>
        </extensions>
      </trkpt>
      <trkpt lat="45.80927" lon="7.81603">
        <ele>1828</ele>
        <extensions>
          <distance>36874</distance>
        </extensions>
      </trkpt>
      <trkpt lat="45.80912" lon="7.81599">
        <ele>1829</ele>
        <extensions>
          <distance>36891</distance>
        </extensions>
      </trkpt>
      <trkpt lat="45.809015" lon="7.8158650000000005">
        <ele>1833</ele>
        <extensions>
          <distance>36906</distance>
        </extensions>
      </trkpt>
      <trkpt lat="45.80891" lon="7.81574">
        <ele>1839</ele>
        <extensions>
          <distance>36922</distance>
        </extensions>
      </trkpt>
      <trkpt lat="45.80867" lon="7.8156324999999995">
        <ele>1844</ele>
        <extensions>
          <distance>36951</distance>
        </extensions>
      </trkpt>
      <trkpt lat="45.80843" lon="7.815525">
        <ele>1846</ele>
        <extensions>
          <distance>36979</distance>
        </extensions>
      </trkpt>
      <trkpt lat="45.808189999999996" lon="7.815417500000001">
        <ele>1849</ele>
        <extensions>
          <distance>37007</distance>
        </extensions>
      </trkpt>
      <trkpt lat="45.80795" lon="7.81531">
        <ele>1849</ele>
        <extensions>
          <distance>37035</distance>
        </extensions>
      </trkpt>
      <trkpt lat="45.807779999999994" lon="7.81501">
        <ele>1854</ele>
        <extensions>
          <distance>37065</distance>
        </extensions>
      </trkpt>
      <trkpt lat="45.80761" lon="7.81471">
        <ele>1862</ele>
        <extensions>
          <distance>37096</distance>
        </extensions>
      </trkpt>
      <trkpt lat="45.807535" lon="7.814515">
        <ele>1867</ele>
        <extensions>
          <distance>37114</distance>
        </extensions>
      </trkpt>
      <trkpt lat="45.80746" lon="7.81432">
        <ele>1872</ele>
        <extensions>
          <distance>37132</distance>
        </extensions>
      </trkpt>
      <trkpt lat="45.80751" lon="7.81414">
        <ele>1877</ele>
        <extensions>
          <distance>37148</distance>
        </extensions>
      </trkpt>
      <trkpt lat="45.80738" lon="7.81382">
        <ele>1877</ele>
        <extensions>
          <distance>37177</distance>
        </extensions>
      </trkpt>
      <trkpt lat="45.80731" lon="7.814">
        <ele>1877</ele>
        <extensions>
          <distance>37193</distance>
        </extensions>
      </trkpt>
      <trkpt lat="45.80717" lon="7.8141">
        <ele>1877</ele>
        <extensions>
          <distance>37210</distance>
        </extensions>
      </trkpt>
      <trkpt lat="45.807125" lon="7.814285">
        <ele>1870</ele>
        <extensions>
          <distance>37226</distance>
        </extensions>
      </trkpt>
      <trkpt lat="45.80708" lon="7.81447">
        <ele>1867</ele>
        <extensions>
          <distance>37241</distance>
        </extensions>
      </trkpt>
      <trkpt lat="45.806915000000004" lon="7.814555">
        <ele>1864</ele>
        <extensions>
          <distance>37261</distance>
        </extensions>
      </trkpt>
      <trkpt lat="45.80675" lon="7.81464">
        <ele>1863</ele>
        <extensions>
          <distance>37281</distance>
        </extensions>
      </trkpt>
      <trkpt lat="45.80663" lon="7.81481">
        <ele>1863</ele>
        <extensions>
          <distance>37299</distance>
        </extensions>
      </trkpt>
      <trkpt lat="45.80651" lon="7.81498">
        <ele>1864</ele>
        <extensions>
          <distance>37318</distance>
        </extensions>
      </trkpt>
      <trkpt lat="45.806290000000004" lon="7.8151150000000005">
        <ele>1864</ele>
        <extensions>
          <distance>37345</distance>
        </extensions>
      </trkpt>
      <trkpt lat="45.80607" lon="7.81525">
        <ele>1863</ele>
        <extensions>
          <distance>37371</distance>
        </extensions>
      </trkpt>
      <trkpt lat="45.80601" lon="7.815485">
        <ele>1862</ele>
        <extensions>
          <distance>37391</distance>
        </extensions>
      </trkpt>
      <trkpt lat="45.80595" lon="7.81572">
        <ele>1862</ele>
        <extensions>
          <distance>37410</distance>
        </extensions>
      </trkpt>
      <trkpt lat="45.80605" lon="7.81582">
        <ele>1852</ele>
        <extensions>
          <distance>37424</distance>
        </extensions>
      </trkpt>
      <trkpt lat="45.806025" lon="7.81607">
        <ele>1846</ele>
        <extensions>
          <distance>37445</distance>
        </extensions>
      </trkpt>
      <trkpt lat="45.806" lon="7.81632">
        <ele>1844</ele>
        <extensions>
          <distance>37464</distance>
        </extensions>
      </trkpt>
      <trkpt lat="45.805899999999994" lon="7.816549999999999">
        <ele>1841</ele>
        <extensions>
          <distance>37486</distance>
        </extensions>
      </trkpt>
      <trkpt lat="45.8058" lon="7.81678">
        <ele>1832</ele>
        <extensions>
          <distance>37509</distance>
        </extensions>
      </trkpt>
      <trkpt lat="45.80589" lon="7.81688">
        <ele>1822</ele>
        <extensions>
          <distance>37525</distance>
        </extensions>
      </trkpt>
      <trkpt lat="45.805764999999994" lon="7.816975">
        <ele>1819</ele>
        <extensions>
          <distance>37541</distance>
        </extensions>
      </trkpt>
      <trkpt lat="45.80564" lon="7.81707">
        <ele>1815</ele>
        <extensions>
          <distance>37557</distance>
        </extensions>
      </trkpt>
      <trkpt lat="45.80557" lon="7.8173">
        <ele>1811</ele>
        <extensions>
          <distance>37577</distance>
        </extensions>
      </trkpt>
      <trkpt lat="45.8054" lon="7.81744">
        <ele>1811</ele>
        <extensions>
          <distance>37599</distance>
        </extensions>
      </trkpt>
      <trkpt lat="45.8053" lon="7.81746">
        <ele>1811</ele>
        <extensions>
          <distance>37610</distance>
        </extensions>
      </trkpt>
      <trkpt lat="45.80514" lon="7.81726">
        <ele>1811</ele>
        <extensions>
          <distance>37634</distance>
        </extensions>
      </trkpt>
      <trkpt lat="45.804950000000005" lon="7.817155">
        <ele>1818</ele>
        <extensions>
          <distance>37657</distance>
        </extensions>
      </trkpt>
      <trkpt lat="45.80476" lon="7.81705">
        <ele>1821</ele>
        <extensions>
          <distance>37679</distance>
        </extensions>
      </trkpt>
      <trkpt lat="45.80458" lon="7.81705">
        <ele>1821</ele>
        <extensions>
          <distance>37699</distance>
        </extensions>
      </trkpt>
      <trkpt lat="45.80439" lon="7.8172049999999995">
        <ele>1821</ele>
        <extensions>
          <distance>37724</distance>
        </extensions>
      </trkpt>
      <trkpt lat="45.8042" lon="7.81736">
        <ele>1821</ele>
        <extensions>
          <distance>37748</distance>
        </extensions>
      </trkpt>
      <trkpt lat="45.803995" lon="7.817425">
        <ele>1816</ele>
        <extensions>
          <distance>37771</distance>
        </extensions>
      </trkpt>
      <trkpt lat="45.80379" lon="7.81749">
        <ele>1811</ele>
        <extensions>
          <distance>37795</distance>
        </extensions>
      </trkpt>
      <trkpt lat="45.803545" lon="7.81749">
        <ele>1807</ele>
        <extensions>
          <distance>37823</distance>
        </extensions>
      </trkpt>
      <trkpt lat="45.8033" lon="7.81749">
        <ele>1806</ele>
        <extensions>
          <distance>37850</distance>
        </extensions>
      </trkpt>
      <trkpt lat="45.803105" lon="7.81735">
        <ele>1804</ele>
        <extensions>
          <distance>37874</distance>
        </extensions>
      </trkpt>
      <trkpt lat="45.80291" lon="7.81721">
        <ele>1802</ele>
        <extensions>
          <distance>37899</distance>
        </extensions>
      </trkpt>
      <trkpt lat="45.802719999999994" lon="7.8171800000000005">
        <ele>1801</ele>
        <extensions>
          <distance>37920</distance>
        </extensions>
      </trkpt>
      <trkpt lat="45.80253" lon="7.81715">
        <ele>1797</ele>
        <extensions>
          <distance>37942</distance>
        </extensions>
      </trkpt>
      <trkpt lat="45.80227" lon="7.8172">
        <ele>1781</ele>
        <extensions>
          <distance>37975</distance>
        </extensions>
      </trkpt>
      <trkpt lat="45.80201" lon="7.81725">
        <ele>1774</ele>
        <extensions>
          <distance>38005</distance>
        </extensions>
      </trkpt>
      <trkpt lat="45.801860000000005" lon="7.817125">
        <ele>1773</ele>
        <extensions>
          <distance>38024</distance>
        </extensions>
      </trkpt>
      <trkpt lat="45.80171" lon="7.817">
        <ele>1773</ele>
        <extensions>
          <distance>38043</distance>
        </extensions>
      </trkpt>
      <trkpt lat="45.80161" lon="7.81703">
        <ele>1773</ele>
        <extensions>
          <distance>38055</distance>
        </extensions>
      </trkpt>
      <trkpt lat="45.80137499999999" lon="7.8169474999999995">
        <ele>1774</ele>
        <extensions>
          <distance>38082</distance>
        </extensions>
      </trkpt>
      <trkpt lat="45.80114" lon="7.816865">
        <ele>1775</ele>
        <extensions>
          <distance>38109</distance>
        </extensions>
      </trkpt>
      <trkpt lat="45.800905" lon="7.8167825">
        <ele>1775</ele>
        <extensions>
          <distance>38136</distance>
        </extensions>
      </trkpt>
      <trkpt lat="45.80067" lon="7.8167">
        <ele>1775</ele>
        <extensions>
          <distance>38162</distance>
        </extensions>
      </trkpt>
      <trkpt lat="45.80047999999999" lon="7.816682500000001">
        <ele>1775</ele>
        <extensions>
          <distance>38184</distance>
        </extensions>
      </trkpt>
      <trkpt lat="45.80029" lon="7.816665">
        <ele>1774</ele>
        <extensions>
          <distance>38205</distance>
        </extensions>
      </trkpt>
      <trkpt lat="45.8001" lon="7.8166475">
        <ele>1774</ele>
        <extensions>
          <distance>38226</distance>
        </extensions>
      </trkpt>
      <trkpt lat="45.79991" lon="7.81663">
        <ele>1774</ele>
        <extensions>
          <distance>38247</distance>
        </extensions>
      </trkpt>
      <trkpt lat="45.7997975" lon="7.8164975">
        <ele>1774</ele>
        <extensions>
          <distance>38263</distance>
        </extensions>
      </trkpt>
      <trkpt lat="45.799685" lon="7.816364999999999">
        <ele>1778</ele>
        <extensions>
          <distance>38279</distance>
        </extensions>
      </trkpt>
      <trkpt lat="45.7995725" lon="7.8162325">
        <ele>1781</ele>
        <extensions>
          <distance>38296</distance>
        </extensions>
      </trkpt>
      <trkpt lat="45.799456" lon="7.816104">
        <ele>1781</ele>
        <extensions>
          <distance>38312</distance>
        </extensions>
      </trkpt>
      <trkpt lat="45.799448" lon="7.816085">
        <ele>1781</ele>
        <extensions>
          <distance>38314</distance>
        </extensions>
      </trkpt>
      <trkpt lat="45.799342" lon="7.816144">
        <ele>1781</ele>
        <extensions>
          <distance>38327</distance>
        </extensions>
      </trkpt>
      <trkpt lat="45.799216" lon="7.816279">
        <ele>1779</ele>
        <extensions>
          <distance>38344</distance>
        </extensions>
      </trkpt>
      <trkpt lat="45.799154" lon="7.816313">
        <ele>1778</ele>
        <extensions>
          <distance>38352</distance>
        </extensions>
      </trkpt>
      <trkpt lat="45.799113" lon="7.816332">
        <ele>1778</ele>
        <extensions>
          <distance>38356</distance>
        </extensions>
      </trkpt>
      <trkpt lat="45.798859" lon="7.816177">
        <ele>1775</ele>
        <extensions>
          <distance>38387</distance>
        </extensions>
      </trkpt>
      <trkpt lat="45.798851" lon="7.816091">
        <ele>1775</ele>
        <extensions>
          <distance>38394</distance>
        </extensions>
      </trkpt>
      <trkpt lat="45.798809" lon="7.815982">
        <ele>1774</ele>
        <extensions>
          <distance>38404</distance>
        </extensions>
      </trkpt>
      <trkpt lat="45.798754" lon="7.81592">
        <ele>1774</ele>
        <extensions>
          <distance>38411</distance>
        </extensions>
      </trkpt>
      <trkpt lat="45.798701" lon="7.815838">
        <ele>1774</ele>
        <extensions>
          <distance>38420</distance>
        </extensions>
      </trkpt>
      <trkpt lat="45.798654" lon="7.815838">
        <ele>1773</ele>
        <extensions>
          <distance>38425</distance>
        </extensions>
      </trkpt>
      <trkpt lat="45.798498" lon="7.815799">
        <ele>1768</ele>
        <extensions>
          <distance>38443</distance>
        </extensions>
      </trkpt>
      <trkpt lat="45.798343" lon="7.815721">
        <ele>1765</ele>
        <extensions>
          <distance>38462</distance>
        </extensions>
      </trkpt>
      <trkpt lat="45.798327" lon="7.815825">
        <ele>1761</ele>
        <extensions>
          <distance>38471</distance>
        </extensions>
      </trkpt>
      <trkpt lat="45.798325" lon="7.815884">
        <ele>1759</ele>
        <extensions>
          <distance>38476</distance>
        </extensions>
      </trkpt>
      <trkpt lat="45.798276" lon="7.815908">
        <ele>1756</ele>
        <extensions>
          <distance>38483</distance>
        </extensions>
      </trkpt>
      <trkpt lat="45.798279" lon="7.81592">
        <ele>1756</ele>
        <extensions>
          <distance>38484</distance>
        </extensions>
      </trkpt>
      <trkpt lat="45.79837" lon="7.816281">
        <ele>1751</ele>
        <extensions>
          <distance>38514</distance>
        </extensions>
      </trkpt>
      <trkpt lat="45.798374" lon="7.816328">
        <ele>1751</ele>
        <extensions>
          <distance>38518</distance>
        </extensions>
      </trkpt>
      <trkpt lat="45.798323" lon="7.816316">
        <ele>1748</ele>
        <extensions>
          <distance>38524</distance>
        </extensions>
      </trkpt>
      <trkpt lat="45.798313" lon="7.816364">
        <ele>1746</ele>
        <extensions>
          <distance>38528</distance>
        </extensions>
      </trkpt>
      <trkpt lat="45.798361" lon="7.816516">
        <ele>1744</ele>
        <extensions>
          <distance>38541</distance>
        </extensions>
      </trkpt>
      <trkpt lat="45.798349" lon="7.816588">
        <ele>1741</ele>
        <extensions>
          <distance>38548</distance>
        </extensions>
      </trkpt>
      <trkpt lat="45.798262" lon="7.816497">
        <ele>1738</ele>
        <extensions>
          <distance>38560</distance>
        </extensions>
      </trkpt>
      <trkpt lat="45.798229" lon="7.816524">
        <ele>1735</ele>
        <extensions>
          <distance>38565</distance>
        </extensions>
      </trkpt>
      <trkpt lat="45.798182" lon="7.816488">
        <ele>1734</ele>
        <extensions>
          <distance>38571</distance>
        </extensions>
      </trkpt>
      <trkpt lat="45.798164" lon="7.816494">
        <ele>1732</ele>
        <extensions>
          <distance>38574</distance>
        </extensions>
      </trkpt>
      <trkpt lat="45.798158" lon="7.816679">
        <ele>1724</ele>
        <extensions>
          <distance>38590</distance>
        </extensions>
      </trkpt>
      <trkpt lat="45.79815" lon="7.8167">
        <ele>1722</ele>
        <extensions>
          <distance>38592</distance>
        </extensions>
      </trkpt>
      <trkpt lat="45.798127" lon="7.81668">
        <ele>1722</ele>
        <extensions>
          <distance>38595</distance>
        </extensions>
      </trkpt>
      <trkpt lat="45.798098" lon="7.816618">
        <ele>1722</ele>
        <extensions>
          <distance>38601</distance>
        </extensions>
      </trkpt>
      <trkpt lat="45.798083" lon="7.81663">
        <ele>1721</ele>
        <extensions>
          <distance>38603</distance>
        </extensions>
      </trkpt>
      <trkpt lat="45.798063" lon="7.816733">
        <ele>1715</ele>
        <extensions>
          <distance>38613</distance>
        </extensions>
      </trkpt>
      <trkpt lat="45.798056" lon="7.816836">
        <ele>1710</ele>
        <extensions>
          <distance>38623</distance>
        </extensions>
      </trkpt>
      <trkpt lat="45.798043" lon="7.816857">
        <ele>1708</ele>
        <extensions>
          <distance>38625</distance>
        </extensions>
      </trkpt>
      <trkpt lat="45.798026" lon="7.816833">
        <ele>1708</ele>
        <extensions>
          <distance>38628</distance>
        </extensions>
      </trkpt>
      <trkpt lat="45.798003" lon="7.816826">
        <ele>1708</ele>
        <extensions>
          <distance>38630</distance>
        </extensions>
      </trkpt>
      <trkpt lat="45.797996" lon="7.816841">
        <ele>1707</ele>
        <extensions>
          <distance>38632</distance>
        </extensions>
      </trkpt>
      <trkpt lat="45.798041" lon="7.816966">
        <ele>1704</ele>
        <extensions>
          <distance>38643</distance>
        </extensions>
      </trkpt>
      <trkpt lat="45.79807" lon="7.816984">
        <ele>1703</ele>
        <extensions>
          <distance>38647</distance>
        </extensions>
      </trkpt>
      <trkpt lat="45.79808" lon="7.817014">
        <ele>1703</ele>
        <extensions>
          <distance>38649</distance>
        </extensions>
      </trkpt>
      <trkpt lat="45.798111" lon="7.817013">
        <ele>1702</ele>
        <extensions>
          <distance>38653</distance>
        </extensions>
      </trkpt>
      <trkpt lat="45.798099" lon="7.817045">
        <ele>1701</ele>
        <extensions>
          <distance>38656</distance>
        </extensions>
      </trkpt>
      <trkpt lat="45.798078" lon="7.817071">
        <ele>1698</ele>
        <extensions>
          <distance>38660</distance>
        </extensions>
      </trkpt>
      <trkpt lat="45.797997" lon="7.817119">
        <ele>1692</ele>
        <extensions>
          <distance>38672</distance>
        </extensions>
      </trkpt>
      <trkpt lat="45.797943" lon="7.817165">
        <ele>1688</ele>
        <extensions>
          <distance>38680</distance>
        </extensions>
      </trkpt>
      <trkpt lat="45.797877" lon="7.817154">
        <ele>1687</ele>
        <extensions>
          <distance>38687</distance>
        </extensions>
      </trkpt>
      <trkpt lat="45.797861" lon="7.817188">
        <ele>1685</ele>
        <extensions>
          <distance>38691</distance>
        </extensions>
      </trkpt>
      <trkpt lat="45.797821" lon="7.817189">
        <ele>1684</ele>
        <extensions>
          <distance>38695</distance>
        </extensions>
      </trkpt>
      <trkpt lat="45.797818" lon="7.817205">
        <ele>1683</ele>
        <extensions>
          <distance>38697</distance>
        </extensions>
      </trkpt>
      <trkpt lat="45.797843" lon="7.81722">
        <ele>1683</ele>
        <extensions>
          <distance>38700</distance>
        </extensions>
      </trkpt>
      <trkpt lat="45.797854" lon="7.817243">
        <ele>1683</ele>
        <extensions>
          <distance>38702</distance>
        </extensions>
      </trkpt>
      <trkpt lat="45.797845" lon="7.817263">
        <ele>1683</ele>
        <extensions>
          <distance>38704</distance>
        </extensions>
      </trkpt>
      <trkpt lat="45.79777" lon="7.817226">
        <ele>1683</ele>
        <extensions>
          <distance>38712</distance>
        </extensions>
      </trkpt>
      <trkpt lat="45.797743" lon="7.817143">
        <ele>1683</ele>
        <extensions>
          <distance>38720</distance>
        </extensions>
      </trkpt>
      <trkpt lat="45.79774" lon="7.817099">
        <ele>1683</ele>
        <extensions>
          <distance>38723</distance>
        </extensions>
      </trkpt>
      <trkpt lat="45.797726" lon="7.81708">
        <ele>1683</ele>
        <extensions>
          <distance>38725</distance>
        </extensions>
      </trkpt>
      <trkpt lat="45.79771" lon="7.817079">
        <ele>1683</ele>
        <extensions>
          <distance>38727</distance>
        </extensions>
      </trkpt>
      <trkpt lat="45.797706" lon="7.817132">
        <ele>1683</ele>
        <extensions>
          <distance>38731</distance>
        </extensions>
      </trkpt>
      <trkpt lat="45.797687" lon="7.817167">
        <ele>1681</ele>
        <extensions>
          <distance>38735</distance>
        </extensions>
      </trkpt>
      <trkpt lat="45.797652" lon="7.817204">
        <ele>1678</ele>
        <extensions>
          <distance>38740</distance>
        </extensions>
      </trkpt>
      <trkpt lat="45.797654" lon="7.817284">
        <ele>1675</ele>
        <extensions>
          <distance>38747</distance>
        </extensions>
      </trkpt>
      <trkpt lat="45.797681" lon="7.817373">
        <ele>1672</ele>
        <extensions>
          <distance>38755</distance>
        </extensions>
      </trkpt>
      <trkpt lat="45.797678" lon="7.817413">
        <ele>1671</ele>
        <extensions>
          <distance>38759</distance>
        </extensions>
      </trkpt>
      <trkpt lat="45.797661" lon="7.81741">
        <ele>1669</ele>
        <extensions>
          <distance>38761</distance>
        </extensions>
      </trkpt>
      <trkpt lat="45.797586" lon="7.817306">
        <ele>1669</ele>
        <extensions>
          <distance>38773</distance>
        </extensions>
      </trkpt>
      <trkpt lat="45.797601" lon="7.8174">
        <ele>1669</ele>
        <extensions>
          <distance>38780</distance>
        </extensions>
      </trkpt>
      <trkpt lat="45.797593" lon="7.81742">
        <ele>1669</ele>
        <extensions>
          <distance>38782</distance>
        </extensions>
      </trkpt>
      <trkpt lat="45.797569" lon="7.817393">
        <ele>1668</ele>
        <extensions>
          <distance>38786</distance>
        </extensions>
      </trkpt>
      <trkpt lat="45.79754" lon="7.817316">
        <ele>1668</ele>
        <extensions>
          <distance>38792</distance>
        </extensions>
      </trkpt>
      <trkpt lat="45.797522" lon="7.817308">
        <ele>1667</ele>
        <extensions>
          <distance>38795</distance>
        </extensions>
      </trkpt>
      <trkpt lat="45.797515" lon="7.81734">
        <ele>1667</ele>
        <extensions>
          <distance>38797</distance>
        </extensions>
      </trkpt>
      <trkpt lat="45.797551" lon="7.817441">
        <ele>1664</ele>
        <extensions>
          <distance>38806</distance>
        </extensions>
      </trkpt>
      <trkpt lat="45.797577" lon="7.817636">
        <ele>1655</ele>
        <extensions>
          <distance>38824</distance>
        </extensions>
      </trkpt>
      <trkpt lat="45.797597" lon="7.817687">
        <ele>1652</ele>
        <extensions>
          <distance>38830</distance>
        </extensions>
      </trkpt>
      <trkpt lat="45.797637" lon="7.817725">
        <ele>1651</ele>
        <extensions>
          <distance>38835</distance>
        </extensions>
      </trkpt>
      <trkpt lat="45.797613" lon="7.817737">
        <ele>1650</ele>
        <extensions>
          <distance>38838</distance>
        </extensions>
      </trkpt>
      <trkpt lat="45.797546" lon="7.817707">
        <ele>1650</ele>
        <extensions>
          <distance>38845</distance>
        </extensions>
      </trkpt>
      <trkpt lat="45.79754" lon="7.817712">
        <ele>1650</ele>
        <extensions>
          <distance>38846</distance>
        </extensions>
      </trkpt>
      <trkpt lat="45.797546" lon="7.817801">
        <ele>1645</ele>
        <extensions>
          <distance>38854</distance>
        </extensions>
      </trkpt>
      <trkpt lat="45.797508" lon="7.817804">
        <ele>1644</ele>
        <extensions>
          <distance>38858</distance>
        </extensions>
      </trkpt>
      <trkpt lat="45.797493" lon="7.817789">
        <ele>1644</ele>
        <extensions>
          <distance>38860</distance>
        </extensions>
      </trkpt>
      <trkpt lat="45.797482" lon="7.817804">
        <ele>1643</ele>
        <extensions>
          <distance>38862</distance>
        </extensions>
      </trkpt>
      <trkpt lat="45.797491" lon="7.817866">
        <ele>1640</ele>
        <extensions>
          <distance>38868</distance>
        </extensions>
      </trkpt>
      <trkpt lat="45.797524" lon="7.81793">
        <ele>1636</ele>
        <extensions>
          <distance>38875</distance>
        </extensions>
      </trkpt>
      <trkpt lat="45.797499" lon="7.81795">
        <ele>1635</ele>
        <extensions>
          <distance>38879</distance>
        </extensions>
      </trkpt>
      <trkpt lat="45.797464" lon="7.81794">
        <ele>1634</ele>
        <extensions>
          <distance>38883</distance>
        </extensions>
      </trkpt>
      <trkpt lat="45.797444" lon="7.818012">
        <ele>1630</ele>
        <extensions>
          <distance>38890</distance>
        </extensions>
      </trkpt>
      <trkpt lat="45.797395" lon="7.818022">
        <ele>1629</ele>
        <extensions>
          <distance>38895</distance>
        </extensions>
      </trkpt>
      <trkpt lat="45.797419" lon="7.818079">
        <ele>1626</ele>
        <extensions>
          <distance>38901</distance>
        </extensions>
      </trkpt>
      <trkpt lat="45.79741" lon="7.818118">
        <ele>1624</ele>
        <extensions>
          <distance>38904</distance>
        </extensions>
      </trkpt>
      <trkpt lat="45.797318" lon="7.818139">
        <ele>1622</ele>
        <extensions>
          <distance>38915</distance>
        </extensions>
      </trkpt>
      <trkpt lat="45.7973" lon="7.81819">
        <ele>1619</ele>
        <extensions>
          <distance>38921</distance>
        </extensions>
      </trkpt>
      <trkpt lat="45.797375" lon="7.818254">
        <ele>1617</ele>
        <extensions>
          <distance>38930</distance>
        </extensions>
      </trkpt>
      <trkpt lat="45.797408" lon="7.818319">
        <ele>1614</ele>
        <extensions>
          <distance>38937</distance>
        </extensions>
      </trkpt>
      <trkpt lat="45.7974" lon="7.818346">
        <ele>1613</ele>
        <extensions>
          <distance>38940</distance>
        </extensions>
      </trkpt>
      <trkpt lat="45.79746" lon="7.818483">
        <ele>1609</ele>
        <extensions>
          <distance>38953</distance>
        </extensions>
      </trkpt>
      <trkpt lat="45.797434" lon="7.818478">
        <ele>1609</ele>
        <extensions>
          <distance>38956</distance>
        </extensions>
      </trkpt>
      <trkpt lat="45.797423" lon="7.818496">
        <ele>1608</ele>
        <extensions>
          <distance>38958</distance>
        </extensions>
      </trkpt>
      <trkpt lat="45.797455" lon="7.818587">
        <ele>1605</ele>
        <extensions>
          <distance>38966</distance>
        </extensions>
      </trkpt>
      <trkpt lat="45.797474" lon="7.818688">
        <ele>1601</ele>
        <extensions>
          <distance>38976</distance>
        </extensions>
      </trkpt>
      <trkpt lat="45.7975" lon="7.818756">
        <ele>1599</ele>
        <extensions>
          <distance>38982</distance>
        </extensions>
      </trkpt>
      <trkpt lat="45.797601" lon="7.818842">
        <ele>1597</ele>
        <extensions>
          <distance>38995</distance>
        </extensions>
      </trkpt>
      <trkpt lat="45.797629" lon="7.818921">
        <ele>1595</ele>
        <extensions>
          <distance>39002</distance>
        </extensions>
      </trkpt>
      <trkpt lat="45.797619" lon="7.818993">
        <ele>1593</ele>
        <extensions>
          <distance>39008</distance>
        </extensions>
      </trkpt>
      <trkpt lat="45.797672" lon="7.819105">
        <ele>1590</ele>
        <extensions>
          <distance>39019</distance>
        </extensions>
      </trkpt>
      <trkpt lat="45.797823" lon="7.819185">
        <ele>1588</ele>
        <extensions>
          <distance>39037</distance>
        </extensions>
      </trkpt>
      <trkpt lat="45.797897" lon="7.819273">
        <ele>1585</ele>
        <extensions>
          <distance>39048</distance>
        </extensions>
      </trkpt>
      <trkpt lat="45.797933" lon="7.819349">
        <ele>1583</ele>
        <extensions>
          <distance>39055</distance>
        </extensions>
      </trkpt>
      <trkpt lat="45.797994" lon="7.819412">
        <ele>1581</ele>
        <extensions>
          <distance>39064</distance>
        </extensions>
      </trkpt>
      <trkpt lat="45.79791" lon="7.819496">
        <ele>1578</ele>
        <extensions>
          <distance>39076</distance>
        </extensions>
      </trkpt>
      <trkpt lat="45.797985" lon="7.81961">
        <ele>1572</ele>
        <extensions>
          <distance>39090</distance>
        </extensions>
      </trkpt>
      <trkpt lat="45.798073" lon="7.819654">
        <ele>1572</ele>
        <extensions>
          <distance>39100</distance>
        </extensions>
      </trkpt>
      <trkpt lat="45.798212" lon="7.819552">
        <ele>1571</ele>
        <extensions>
          <distance>39117</distance>
        </extensions>
      </trkpt>
      <trkpt lat="45.798291" lon="7.819567">
        <ele>1570</ele>
        <extensions>
          <distance>39126</distance>
        </extensions>
      </trkpt>
      <trkpt lat="45.798285" lon="7.819649">
        <ele>1567</ele>
        <extensions>
          <distance>39133</distance>
        </extensions>
      </trkpt>
      <trkpt lat="45.798295" lon="7.819696">
        <ele>1566</ele>
        <extensions>
          <distance>39137</distance>
        </extensions>
      </trkpt>
      <trkpt lat="45.798355" lon="7.819838">
        <ele>1556</ele>
        <extensions>
          <distance>39153</distance>
        </extensions>
      </trkpt>
      <trkpt lat="45.798411" lon="7.819919">
        <ele>1550</ele>
        <extensions>
          <distance>39164</distance>
        </extensions>
      </trkpt>
      <trkpt lat="45.798493" lon="7.819964">
        <ele>1546</ele>
        <extensions>
          <distance>39174</distance>
        </extensions>
      </trkpt>
      <trkpt lat="45.798544" lon="7.82001">
        <ele>1542</ele>
        <extensions>
          <distance>39182</distance>
        </extensions>
      </trkpt>
      <trkpt lat="45.79856" lon="7.820149">
        <ele>1532</ele>
        <extensions>
          <distance>39197</distance>
        </extensions>
      </trkpt>
      <trkpt lat="45.798504" lon="7.820299">
        <ele>1522</ele>
        <extensions>
          <distance>39213</distance>
        </extensions>
      </trkpt>
      <trkpt lat="45.798602" lon="7.820501">
        <ele>1509</ele>
        <extensions>
          <distance>39236</distance>
        </extensions>
      </trkpt>
      <trkpt lat="45.798593" lon="7.820581">
        <ele>1504</ele>
        <extensions>
          <distance>39244</distance>
        </extensions>
      </trkpt>
      <trkpt lat="45.798559" lon="7.820607">
        <ele>1502</ele>
        <extensions>
          <distance>39249</distance>
        </extensions>
      </trkpt>
      <trkpt lat="45.798381" lon="7.820611">
        <ele>1498</ele>
        <extensions>
          <distance>39269</distance>
        </extensions>
      </trkpt>
      <trkpt lat="45.798274" lon="7.820591">
        <ele>1496</ele>
        <extensions>
          <distance>39281</distance>
        </extensions>
      </trkpt>
      <trkpt lat="45.798249" lon="7.820624">
        <ele>1493</ele>
        <extensions>
          <distance>39286</distance>
        </extensions>
      </trkpt>
      <trkpt lat="45.798166" lon="7.820685">
        <ele>1486</ele>
        <extensions>
          <distance>39298</distance>
        </extensions>
      </trkpt>
      <trkpt lat="45.798009" lon="7.82089">
        <ele>1468</ele>
        <extensions>
          <distance>39328</distance>
        </extensions>
      </trkpt>
      <trkpt lat="45.797891" lon="7.820896">
        <ele>1465</ele>
        <extensions>
          <distance>39341</distance>
        </extensions>
      </trkpt>
      <trkpt lat="45.797878" lon="7.820915">
        <ele>1463</ele>
        <extensions>
          <distance>39344</distance>
        </extensions>
      </trkpt>
      <trkpt lat="45.797878" lon="7.820941">
        <ele>1462</ele>
        <extensions>
          <distance>39347</distance>
        </extensions>
      </trkpt>
      <trkpt lat="45.797978" lon="7.821025">
        <ele>1460</ele>
        <extensions>
          <distance>39359</distance>
        </extensions>
      </trkpt>
      <trkpt lat="45.797977" lon="7.821053">
        <ele>1459</ele>
        <extensions>
          <distance>39362</distance>
        </extensions>
      </trkpt>
      <trkpt lat="45.797943" lon="7.821079">
        <ele>1456</ele>
        <extensions>
          <distance>39367</distance>
        </extensions>
      </trkpt>
      <trkpt lat="45.79774" lon="7.821061">
        <ele>1450</ele>
        <extensions>
          <distance>39391</distance>
        </extensions>
      </trkpt>
      <trkpt lat="45.797705" lon="7.821109">
        <ele>1446</ele>
        <extensions>
          <distance>39397</distance>
        </extensions>
      </trkpt>
      <trkpt lat="45.797684" lon="7.821228">
        <ele>1443</ele>
        <extensions>
          <distance>39407</distance>
        </extensions>
      </trkpt>
      <trkpt lat="45.797691" lon="7.821351">
        <ele>1440</ele>
        <extensions>
          <distance>39417</distance>
        </extensions>
      </trkpt>
      <trkpt lat="45.797706" lon="7.821428">
        <ele>1439</ele>
        <extensions>
          <distance>39424</distance>
        </extensions>
      </trkpt>
      <trkpt lat="45.797699" lon="7.821449">
        <ele>1438</ele>
        <extensions>
          <distance>39425</distance>
        </extensions>
      </trkpt>
      <trkpt lat="45.79767" lon="7.821454">
        <ele>1437</ele>
        <extensions>
          <distance>39429</distance>
        </extensions>
      </trkpt>
      <trkpt lat="45.797579" lon="7.821414">
        <ele>1437</ele>
        <extensions>
          <distance>39440</distance>
        </extensions>
      </trkpt>
      <trkpt lat="45.797507" lon="7.821439">
        <ele>1435</ele>
        <extensions>
          <distance>39448</distance>
        </extensions>
      </trkpt>
      <trkpt lat="45.797442" lon="7.82161">
        <ele>1428</ele>
        <extensions>
          <distance>39464</distance>
        </extensions>
      </trkpt>
      <trkpt lat="45.797345" lon="7.822057">
        <ele>1421</ele>
        <extensions>
          <distance>39501</distance>
        </extensions>
      </trkpt>
      <trkpt lat="45.797267" lon="7.822481">
        <ele>1420</ele>
        <extensions>
          <distance>39535</distance>
        </extensions>
      </trkpt>
      <trkpt lat="45.79692" lon="7.822471">
        <ele>1418</ele>
        <extensions>
          <distance>39574</distance>
        </extensions>
      </trkpt>
      <trkpt lat="45.796731" lon="7.822439">
        <ele>1417</ele>
        <extensions>
          <distance>39595</distance>
        </extensions>
      </trkpt>
      <trkpt lat="45.796246" lon="7.822301">
        <ele>1417</ele>
        <extensions>
          <distance>39650</distance>
        </extensions>
      </trkpt>
      <trkpt lat="45.796152" lon="7.822371">
        <ele>1417</ele>
        <extensions>
          <distance>39662</distance>
        </extensions>
      </trkpt>
      <trkpt lat="45.79615" lon="7.82237">
        <ele>1416</ele>
        <extensions>
          <distance>39662</distance>
        </extensions>
      </trkpt>
      <trkpt lat="45.795925" lon="7.822295">
        <ele>1416</ele>
        <extensions>
          <distance>39688</distance>
        </extensions>
      </trkpt>
      <trkpt lat="45.7957" lon="7.82222">
        <ele>1416</ele>
        <extensions>
          <distance>39713</distance>
        </extensions>
      </trkpt>
      <trkpt lat="45.795514999999995" lon="7.822215">
        <ele>1415</ele>
        <extensions>
          <distance>39734</distance>
        </extensions>
      </trkpt>
      <trkpt lat="45.79533" lon="7.82221">
        <ele>1414</ele>
        <extensions>
          <distance>39755</distance>
        </extensions>
      </trkpt>
      <trkpt lat="45.7951125" lon="7.82222">
        <ele>1413</ele>
        <extensions>
          <distance>39779</distance>
        </extensions>
      </trkpt>
      <trkpt lat="45.794895" lon="7.82223">
        <ele>1412</ele>
        <extensions>
          <distance>39803</distance>
        </extensions>
      </trkpt>
      <trkpt lat="45.7946775" lon="7.822240000000001">
        <ele>1412</ele>
        <extensions>
          <distance>39827</distance>
        </extensions>
      </trkpt>
      <trkpt lat="45.79446" lon="7.82225">
        <ele>1412</ele>
        <extensions>
          <distance>39851</distance>
        </extensions>
      </trkpt>
      <trkpt lat="45.79427" lon="7.8223">
        <ele>1412</ele>
        <extensions>
          <distance>39873</distance>
        </extensions>
      </trkpt>
      <trkpt lat="45.79402" lon="7.82219">
        <ele>1412</ele>
        <extensions>
          <distance>39902</distance>
        </extensions>
      </trkpt>
      <trkpt lat="45.79381" lon="7.822285">
        <ele>1412</ele>
        <extensions>
          <distance>39926</distance>
        </extensions>
      </trkpt>
      <trkpt lat="45.7936" lon="7.82238">
        <ele>1412</ele>
        <extensions>
          <distance>39951</distance>
        </extensions>
      </trkpt>
      <trkpt lat="45.793605" lon="7.82212">
        <ele>1411</ele>
        <extensions>
          <distance>39971</distance>
        </extensions>
      </trkpt>
      <trkpt lat="45.79361" lon="7.82186">
        <ele>1411</ele>
        <extensions>
          <distance>39991</distance>
        </extensions>
      </trkpt>
      <trkpt lat="45.79339625" lon="7.82184">
        <ele>1411</ele>
        <extensions>
          <distance>40015</distance>
        </extensions>
      </trkpt>
      <trkpt lat="45.7931825" lon="7.821820000000001">
        <ele>1411</ele>
        <extensions>
          <distance>40039</distance>
        </extensions>
      </trkpt>
      <trkpt lat="45.79296875" lon="7.8218000000000005">
        <ele>1410</ele>
        <extensions>
          <distance>40063</distance>
        </extensions>
      </trkpt>
      <trkpt lat="45.792755" lon="7.82178">
        <ele>1408</ele>
        <extensions>
          <distance>40087</distance>
        </extensions>
      </trkpt>
      <trkpt lat="45.79254125" lon="7.82176">
        <ele>1408</ele>
        <extensions>
          <distance>40110</distance>
        </extensions>
      </trkpt>
      <trkpt lat="45.7923275" lon="7.82174">
        <ele>1408</ele>
        <extensions>
          <distance>40134</distance>
        </extensions>
      </trkpt>
      <trkpt lat="45.79211375" lon="7.82172">
        <ele>1408</ele>
        <extensions>
          <distance>40158</distance>
        </extensions>
      </trkpt>
      <trkpt lat="45.7919" lon="7.8217">
        <ele>1408</ele>
        <extensions>
          <distance>40182</distance>
        </extensions>
      </trkpt>
      <trkpt lat="45.791865" lon="7.821502499999999">
        <ele>1409</ele>
        <extensions>
          <distance>40198</distance>
        </extensions>
      </trkpt>
      <trkpt lat="45.79183" lon="7.821305">
        <ele>1411</ele>
        <extensions>
          <distance>40214</distance>
        </extensions>
      </trkpt>
      <trkpt lat="45.79179499999999" lon="7.8211075">
        <ele>1416</ele>
        <extensions>
          <distance>40230</distance>
        </extensions>
      </trkpt>
      <trkpt lat="45.79176" lon="7.82091">
        <ele>1426</ele>
        <extensions>
          <distance>40249</distance>
        </extensions>
      </trkpt>
      <trkpt lat="45.7917" lon="7.82069">
        <ele>1431</ele>
        <extensions>
          <distance>40268</distance>
        </extensions>
      </trkpt>
      <trkpt lat="45.79145" lon="7.82072">
        <ele>1432</ele>
        <extensions>
          <distance>40296</distance>
        </extensions>
      </trkpt>
      <trkpt lat="45.791259999999994" lon="7.820835">
        <ele>1433</ele>
        <extensions>
          <distance>40319</distance>
        </extensions>
      </trkpt>
      <trkpt lat="45.79107" lon="7.82095">
        <ele>1433</ele>
        <extensions>
          <distance>40342</distance>
        </extensions>
      </trkpt>
      <trkpt lat="45.790895" lon="7.820955">
        <ele>1433</ele>
        <extensions>
          <distance>40361</distance>
        </extensions>
      </trkpt>
      <trkpt lat="45.79072" lon="7.82096">
        <ele>1433</ele>
        <extensions>
          <distance>40381</distance>
        </extensions>
      </trkpt>
      <trkpt lat="45.790555" lon="7.8210049999999995">
        <ele>1432</ele>
        <extensions>
          <distance>40399</distance>
        </extensions>
      </trkpt>
      <trkpt lat="45.79039" lon="7.82105">
        <ele>1432</ele>
        <extensions>
          <distance>40418</distance>
        </extensions>
      </trkpt>
      <trkpt lat="45.79024" lon="7.821154999999999">
        <ele>1433</ele>
        <extensions>
          <distance>40436</distance>
        </extensions>
      </trkpt>
      <trkpt lat="45.79009" lon="7.82126">
        <ele>1433</ele>
        <extensions>
          <distance>40455</distance>
        </extensions>
      </trkpt>
      <trkpt lat="45.789942499999995" lon="7.8212399999999995">
        <ele>1433</ele>
        <extensions>
          <distance>40471</distance>
        </extensions>
      </trkpt>
      <trkpt lat="45.789795" lon="7.82122">
        <ele>1436</ele>
        <extensions>
          <distance>40488</distance>
        </extensions>
      </trkpt>
      <trkpt lat="45.7896475" lon="7.8212">
        <ele>1440</ele>
        <extensions>
          <distance>40505</distance>
        </extensions>
      </trkpt>
      <trkpt lat="45.7895" lon="7.82118">
        <ele>1441</ele>
        <extensions>
          <distance>40521</distance>
        </extensions>
      </trkpt>
      <trkpt lat="45.789285" lon="7.8213550000000005">
        <ele>1444</ele>
        <extensions>
          <distance>40549</distance>
        </extensions>
      </trkpt>
      <trkpt lat="45.78907" lon="7.82153">
        <ele>1444</ele>
        <extensions>
          <distance>40577</distance>
        </extensions>
      </trkpt>
      <trkpt lat="45.788880000000006" lon="7.82146">
        <ele>1444</ele>
        <extensions>
          <distance>40598</distance>
        </extensions>
      </trkpt>
      <trkpt lat="45.78869" lon="7.82139">
        <ele>1444</ele>
        <extensions>
          <distance>40620</distance>
        </extensions>
      </trkpt>
      <trkpt lat="45.7885" lon="7.82132">
        <ele>1445</ele>
        <extensions>
          <distance>40642</distance>
        </extensions>
      </trkpt>
      <trkpt lat="45.78831" lon="7.82125">
        <ele>1445</ele>
        <extensions>
          <distance>40664</distance>
        </extensions>
      </trkpt>
      <trkpt lat="45.78815" lon="7.8211">
        <ele>1452</ele>
        <extensions>
          <distance>40685</distance>
        </extensions>
      </trkpt>
      <trkpt lat="45.787932500000004" lon="7.8210725">
        <ele>1452</ele>
        <extensions>
          <distance>40710</distance>
        </extensions>
      </trkpt>
      <trkpt lat="45.787715000000006" lon="7.821045">
        <ele>1452</ele>
        <extensions>
          <distance>40734</distance>
        </extensions>
      </trkpt>
      <trkpt lat="45.7874975" lon="7.8210175">
        <ele>1452</ele>
        <extensions>
          <distance>40758</distance>
        </extensions>
      </trkpt>
      <trkpt lat="45.78728" lon="7.82099">
        <ele>1451</ele>
        <extensions>
          <distance>40782</distance>
        </extensions>
      </trkpt>
      <trkpt lat="45.78713" lon="7.82111">
        <ele>1447</ele>
        <extensions>
          <distance>40802</distance>
        </extensions>
      </trkpt>
      <trkpt lat="45.786987499999995" lon="7.821104999999999">
        <ele>1447</ele>
        <extensions>
          <distance>40817</distance>
        </extensions>
      </trkpt>
      <trkpt lat="45.786845" lon="7.8210999999999995">
        <ele>1447</ele>
        <extensions>
          <distance>40833</distance>
        </extensions>
      </trkpt>
      <trkpt lat="45.786702500000004" lon="7.821095">
        <ele>1447</ele>
        <extensions>
          <distance>40849</distance>
        </extensions>
      </trkpt>
      <trkpt lat="45.78656" lon="7.82109">
        <ele>1447</ele>
        <extensions>
          <distance>40865</distance>
        </extensions>
      </trkpt>
      <trkpt lat="45.786425" lon="7.821009999999999">
        <ele>1451</ele>
        <extensions>
          <distance>40881</distance>
        </extensions>
      </trkpt>
      <trkpt lat="45.78629" lon="7.82093">
        <ele>1455</ele>
        <extensions>
          <distance>40898</distance>
        </extensions>
      </trkpt>
      <trkpt lat="45.78614375" lon="7.820879999999999">
        <ele>1455</ele>
        <extensions>
          <distance>40915</distance>
        </extensions>
      </trkpt>
      <trkpt lat="45.7859975" lon="7.820829999999999">
        <ele>1455</ele>
        <extensions>
          <distance>40932</distance>
        </extensions>
      </trkpt>
      <trkpt lat="45.78585125" lon="7.820779999999999">
        <ele>1455</ele>
        <extensions>
          <distance>40948</distance>
        </extensions>
      </trkpt>
      <trkpt lat="45.785705" lon="7.820729999999999">
        <ele>1455</ele>
        <extensions>
          <distance>40965</distance>
        </extensions>
      </trkpt>
      <trkpt lat="45.78555875" lon="7.820679999999999">
        <ele>1453</ele>
        <extensions>
          <distance>40982</distance>
        </extensions>
      </trkpt>
      <trkpt lat="45.7854125" lon="7.8206299999999995">
        <ele>1448</ele>
        <extensions>
          <distance>40999</distance>
        </extensions>
      </trkpt>
      <trkpt lat="45.78526625" lon="7.82058">
        <ele>1444</ele>
        <extensions>
          <distance>41016</distance>
        </extensions>
      </trkpt>
      <trkpt lat="45.78512" lon="7.82053">
        <ele>1439</ele>
        <extensions>
          <distance>41033</distance>
        </extensions>
      </trkpt>
      <trkpt lat="45.784890000000004" lon="7.8203575">
        <ele>1437</ele>
        <extensions>
          <distance>41062</distance>
        </extensions>
      </trkpt>
      <trkpt lat="45.78466" lon="7.820185">
        <ele>1436</ele>
        <extensions>
          <distance>41091</distance>
        </extensions>
      </trkpt>
      <trkpt lat="45.78443" lon="7.820012500000001">
        <ele>1435</ele>
        <extensions>
          <distance>41120</distance>
        </extensions>
      </trkpt>
      <trkpt lat="45.7842" lon="7.81984">
        <ele>1435</ele>
        <extensions>
          <distance>41149</distance>
        </extensions>
      </trkpt>
      <trkpt lat="45.784035" lon="7.81986">
        <ele>1434</ele>
        <extensions>
          <distance>41167</distance>
        </extensions>
      </trkpt>
      <trkpt lat="45.78387" lon="7.81988">
        <ele>1434</ele>
        <extensions>
          <distance>41186</distance>
        </extensions>
      </trkpt>
      <trkpt lat="45.78369" lon="7.819800000000001">
        <ele>1434</ele>
        <extensions>
          <distance>41207</distance>
        </extensions>
      </trkpt>
      <trkpt lat="45.78351" lon="7.81972">
        <ele>1434</ele>
        <extensions>
          <distance>41228</distance>
        </extensions>
      </trkpt>
      <trkpt lat="45.78335" lon="7.8197600000000005">
        <ele>1434</ele>
        <extensions>
          <distance>41246</distance>
        </extensions>
      </trkpt>
      <trkpt lat="45.78319" lon="7.8198">
        <ele>1434</ele>
        <extensions>
          <distance>41264</distance>
        </extensions>
      </trkpt>
      <trkpt lat="45.78303" lon="7.820035">
        <ele>1434</ele>
        <extensions>
          <distance>41289</distance>
        </extensions>
      </trkpt>
      <trkpt lat="45.78287" lon="7.82027">
        <ele>1434</ele>
        <extensions>
          <distance>41315</distance>
        </extensions>
      </trkpt>
      <trkpt lat="45.78268" lon="7.820399999999999">
        <ele>1434</ele>
        <extensions>
          <distance>41338</distance>
        </extensions>
      </trkpt>
      <trkpt lat="45.78249" lon="7.82053">
        <ele>1434</ele>
        <extensions>
          <distance>41361</distance>
        </extensions>
      </trkpt>
      <trkpt lat="45.782335" lon="7.820562499999999">
        <ele>1434</ele>
        <extensions>
          <distance>41379</distance>
        </extensions>
      </trkpt>
      <trkpt lat="45.78218" lon="7.820595">
        <ele>1434</ele>
        <extensions>
          <distance>41396</distance>
        </extensions>
      </trkpt>
      <trkpt lat="45.782025" lon="7.8206275000000005">
        <ele>1434</ele>
        <extensions>
          <distance>41414</distance>
        </extensions>
      </trkpt>
      <trkpt lat="45.78187" lon="7.82066">
        <ele>1434</ele>
        <extensions>
          <distance>41431</distance>
        </extensions>
      </trkpt>
      <trkpt lat="45.781765" lon="7.8208850000000005">
        <ele>1434</ele>
        <extensions>
          <distance>41452</distance>
        </extensions>
      </trkpt>
      <trkpt lat="45.78166" lon="7.82111">
        <ele>1432</ele>
        <extensions>
          <distance>41473</distance>
        </extensions>
      </trkpt>
      <trkpt lat="45.781425" lon="7.821285">
        <ele>1431</ele>
        <extensions>
          <distance>41503</distance>
        </extensions>
      </trkpt>
      <trkpt lat="45.78119" lon="7.82146">
        <ele>1428</ele>
        <extensions>
          <distance>41532</distance>
        </extensions>
      </trkpt>
      <trkpt lat="45.78103" lon="7.821505">
        <ele>1422</ele>
        <extensions>
          <distance>41551</distance>
        </extensions>
      </trkpt>
      <trkpt lat="45.78087" lon="7.82155">
        <ele>1418</ele>
        <extensions>
          <distance>41570</distance>
        </extensions>
      </trkpt>
      <trkpt lat="45.78072" lon="7.82174">
        <ele>1414</ele>
        <extensions>
          <distance>41592</distance>
        </extensions>
      </trkpt>
      <trkpt lat="45.78053" lon="7.82175">
        <ele>1414</ele>
        <extensions>
          <distance>41614</distance>
        </extensions>
      </trkpt>
      <trkpt lat="45.780445" lon="7.821904999999999">
        <ele>1409</ele>
        <extensions>
          <distance>41629</distance>
        </extensions>
      </trkpt>
      <trkpt lat="45.78036" lon="7.82206">
        <ele>1408</ele>
        <extensions>
          <distance>41645</distance>
        </extensions>
      </trkpt>
      <trkpt lat="45.780165" lon="7.82206">
        <ele>1404</ele>
        <extensions>
          <distance>41667</distance>
        </extensions>
      </trkpt>
      <trkpt lat="45.77997" lon="7.82206">
        <ele>1399</ele>
        <extensions>
          <distance>41689</distance>
        </extensions>
      </trkpt>
      <trkpt lat="45.77978" lon="7.822195">
        <ele>1399</ele>
        <extensions>
          <distance>41712</distance>
        </extensions>
      </trkpt>
      <trkpt lat="45.77959" lon="7.82233">
        <ele>1396</ele>
        <extensions>
          <distance>41736</distance>
        </extensions>
      </trkpt>
      <trkpt lat="45.77951" lon="7.82231">
        <ele>1395</ele>
        <extensions>
          <distance>41745</distance>
        </extensions>
      </trkpt>
      <trkpt lat="45.77943" lon="7.82209">
        <ele>1394</ele>
        <extensions>
          <distance>41764</distance>
        </extensions>
      </trkpt>
      <trkpt lat="45.779282499999994" lon="7.82206375">
        <ele>1393</ele>
        <extensions>
          <distance>41781</distance>
        </extensions>
      </trkpt>
      <trkpt lat="45.779135" lon="7.8220375">
        <ele>1393</ele>
        <extensions>
          <distance>41798</distance>
        </extensions>
      </trkpt>
      <trkpt lat="45.7789875" lon="7.82201125">
        <ele>1393</ele>
        <extensions>
          <distance>41814</distance>
        </extensions>
      </trkpt>
      <trkpt lat="45.77884" lon="7.821985">
        <ele>1393</ele>
        <extensions>
          <distance>41831</distance>
        </extensions>
      </trkpt>
      <trkpt lat="45.778692500000005" lon="7.82195875">
        <ele>1392</ele>
        <extensions>
          <distance>41847</distance>
        </extensions>
      </trkpt>
      <trkpt lat="45.778545" lon="7.8219325">
        <ele>1390</ele>
        <extensions>
          <distance>41864</distance>
        </extensions>
      </trkpt>
      <trkpt lat="45.7783975" lon="7.82190625">
        <ele>1387</ele>
        <extensions>
          <distance>41880</distance>
        </extensions>
      </trkpt>
      <trkpt lat="45.77825" lon="7.82188">
        <ele>1387</ele>
        <extensions>
          <distance>41897</distance>
        </extensions>
      </trkpt>
      <trkpt lat="45.77811" lon="7.82182">
        <ele>1386</ele>
        <extensions>
          <distance>41913</distance>
        </extensions>
      </trkpt>
      <trkpt lat="45.7781" lon="7.82207">
        <ele>1383</ele>
        <extensions>
          <distance>41933</distance>
        </extensions>
      </trkpt>
      <trkpt lat="45.778075" lon="7.8222625">
        <ele>1382</ele>
        <extensions>
          <distance>41948</distance>
        </extensions>
      </trkpt>
      <trkpt lat="45.77805" lon="7.822455">
        <ele>1382</ele>
        <extensions>
          <distance>41963</distance>
        </extensions>
      </trkpt>
      <trkpt lat="45.778025" lon="7.8226475">
        <ele>1382</ele>
        <extensions>
          <distance>41979</distance>
        </extensions>
      </trkpt>
      <trkpt lat="45.778" lon="7.82284">
        <ele>1382</ele>
        <extensions>
          <distance>41994</distance>
        </extensions>
      </trkpt>
      <trkpt lat="45.7778275" lon="7.822922500000001">
        <ele>1382</ele>
        <extensions>
          <distance>42014</distance>
        </extensions>
      </trkpt>
      <trkpt lat="45.777654999999996" lon="7.823005">
        <ele>1382</ele>
        <extensions>
          <distance>42034</distance>
        </extensions>
      </trkpt>
      <trkpt lat="45.7774825" lon="7.8230875">
        <ele>1382</ele>
        <extensions>
          <distance>42054</distance>
        </extensions>
      </trkpt>
      <trkpt lat="45.77731" lon="7.82317">
        <ele>1382</ele>
        <extensions>
          <distance>42075</distance>
        </extensions>
      </trkpt>
      <trkpt lat="45.7770875" lon="7.8232325">
        <ele>1382</ele>
        <extensions>
          <distance>42100</distance>
        </extensions>
      </trkpt>
      <trkpt lat="45.776865" lon="7.823295">
        <ele>1383</ele>
        <extensions>
          <distance>42125</distance>
        </extensions>
      </trkpt>
      <trkpt lat="45.7766425" lon="7.8233575">
        <ele>1384</ele>
        <extensions>
          <distance>42150</distance>
        </extensions>
      </trkpt>
      <trkpt lat="45.77642" lon="7.82342">
        <ele>1382.5</ele>
        <extensions>
          <distance>42175</distance>
        </extensions>
      </trkpt>
    </trkseg>
  </trk>
</gpx>